Código de barras,Descripción,Precio,Precio anterior,Oferta,Stand,Foto,Stock
7791000000017,Kindel Omeprazol 20mg x20 comp,7900,,,1,,164
7791000000024,Kindel Jarabe expectorante infantil 120ml x30 comp,10650,,,1,,162
7791000000031,Fortex Exfoliante facial 100g piel sensible,40450,50550,,1,,0
7791000000048,Kindel Levadura de cerveza 500g,61950,77450,,1,/img/demo/prod-2.svg,132
7791000000055,Kindel Vitamina C 500mg efervescente x30 comp,2250,,,1,,99
7791000000062,Dermalia Espirulina x90 comp sabor neutro,9550,12750,,1,,104
7791000000079,Kindel Agua micelar 400ml piel mixta,35300,,,1,,
7791000000086,Kindel Crema para dolores musculares 100g x30 comp,14300,,,1,,205
7791000000093,Kindel Ginkgo biloba x60 comp sabor neutro,9050,,,1,,69
7791000000109,Kindel Agua micelar 400ml piel seca,24000,,,1,,215
7791000000116,Kindel Sales de rehidratación oral x20 comp,3750,,,1,,9
7791000000123,Kindel Pre-entreno frutos rojos 300g pack x2,27700,55400,Oferta,1,,39
7791000000130,Fortex Gotas oftálmicas lubricantes 15ml x20 comp,14850,,,1,,
7791000000147,Kindel Multivitamínico 50+ x60 pack x2,41250,,Combo,1,,122
7791000000154,Fortex Loratadina 10mg x30 comp,2250,,Combo,1,,
7791000000161,Fortex Colágeno hidrolizado 300g premium,22000,27500,,1,,
7791000000178,Dermalia Ibuprofeno 600mg x30 comp,4650,,,1,,
7791000000185,Fortex Crema antiage noche 50g,10950,,,1,,
7791000000192,Dermalia Ibuprofeno 600mg x20 comp,4050,4500,Oferta,1,,86
7791000000208,Dermalia Caseína micelar 900g pack x2,9350,,,1,,172
7791000000215,Dermalia Levadura de cerveza 500g,33500,,,1,,50
7791000000222,Dermalia Bálsamo labial FPS 30,28400,47350,Oferta,1,,
7791000000239,Dermalia ZMA x90 caps premium,18300,,,1,,97
7791000000246,Kindel Gel de limpieza facial 150ml piel mixta,6300,,Combo,1,/img/demo/prod-8.svg,203
7791000000253,Kindel Crema facial hidratante 50g piel seca,10650,16400,,1,,
7791000000260,Fortex Proteína whey vainilla 1kg pack x2,9200,,,1,,
7791000000277,Dermalia Gel de limpieza facial 150ml piel mixta,14600,22450,,1,,
7791000000284,Kindel Máscara facial hidratante 75ml,21300,,,1,,91
7791000000291,Kindel Crema para manos 75ml piel mixta,34100,,,1,,191
7791000000307,Kindel Té digestivo hierbas serranas x10 comp,11000,15700,,1,,
7791000000314,Kindel Protector solar FPS 50 200ml piel mixta,13700,19550,,1,,226
7791000000321,Fortex Té digestivo hierbas serranas x50 comp,12450,,,1,,
7791000000338,Fortex Maca andina en polvo 250g pack x2,79650,,,1,,
7791000000345,Kindel Crema para manos 75ml piel seca,24600,37850,,1,,
7791000000352,Fortex Aspirina 500mg x30 comp,11200,,,1,,178
7791000000369,Kindel Serum vitamina C 30ml piel sensible,13200,,,1,,
7791000000376,Fortex Omeprazol 20mg x20 comp,7450,,,1,,57
7791000000383,Dermalia Coenzima Q10 x30 caps pack x2,11000,,,1,,
7791000000390,Kindel Complejo B x20 comp,3650,,,1,,187
7791000000406,Fortex Agua micelar 400ml piel sensible,15800,,,1,,34
7791000000413,Kindel Crema facial hidratante 50g piel mixta,28750,,,1,,
7791000000420,Kindel Carbón activado x10 comp,3950,,,1,/img/demo/prod-7.svg,
7791000000437,Dermalia Sales de rehidratación oral,13150,,,1,,
7791000000444,Fortex Colágeno hidrolizado 300g sabor neutro,32450,,,1,/img/demo/prod-8.svg,
7791000000451,Kindel Hierro + ácido fólico x30 comp,9550,,3x2,1,,22
7791000000468,Kindel Loratadina 10mg x10 comp,3000,,,1,,160
7791000000475,Dermalia Aceite corporal nutritivo 125ml piel seca,7350,8650,,1,,110
7791000000482,Fortex Crema para manos 75ml piel seca,20800,34650,,1,,
7791000000499,Kindel Ginseng coreano x30 caps pack x2,55400,69250,,1,,162
7791000000505,Kindel Maca andina en polvo 250g premium,65400,,,1,,235
7791000000512,Kindel Té digestivo hierbas serranas x30 comp,5400,6000,,1,,150
7791000000529,Dermalia Locion post solar 200ml piel sensible,38850,43150,,1,,217
7791000000536,Kindel Aceite corporal nutritivo 125ml piel sensible,47050,,,1,,53
7791000000543,Kindel Sales de rehidratación oral,3950,4400,,1,,
7791000000550,Fortex Glutamina 300g premium,52100,,,1,,178
7791000000567,Dermalia Exfoliante facial 100g piel seca,16900,,,1,,
7791000000574,Fortex Glutamina 300g pack x2,104150,,,1,,119
7791000000581,Fortex Levadura de cerveza 500g sabor neutro,30100,,,1,,137
7791000000598,Fortex Crema corporal reparadora 300ml,16250,,,1,,191
7791000000604,Dermalia Cetirizina 10mg x20 comp,19800,,,1,,0
7791000000611,Fortex Barritas proteicas caja x12 premium,20450,,,1,,
7791000000628,Kindel Exfoliante facial 100g piel sensible,25450,,,1,,
7791000000635,Kindel Diclofenac gel 60g x50 comp,16200,,,1,,12
7791000000642,Kindel Crema para dolores musculares 100g x50 comp,2000,,3x2,1,,9
7791000000659,Dermalia Proteína whey vainilla 1kg premium,79150,131900,,1,,215
7791000000666,Fortex Locion post solar 200ml piel seca,31300,,,1,/img/demo/prod-8.svg,
7791000000673,Fortex Lansoprazol 30mg x30 comp,14950,,,1,,
7791000000680,Kindel Vitamina C 500mg efervescente x50 comp,9050,,,1,,167
7791000000697,Kindel ZMA x90 caps,15350,,,1,,80
7791000000703,Kindel Multivitamínico adultos x60 premium,13850,,,1,,143
7791000000710,Kindel Lansoprazol 30mg x20 comp,2750,,,1,,
7791000000727,Dermalia Agua micelar 400ml piel seca,27950,,,1,,55
7791000000734,Fortex Espirulina x90 comp sabor neutro,22300,,,1,,219
7791000000741,Fortex Diclofenac gel 60g x20 comp,10050,15450,Oferta,1,/img/demo/prod-7.svg,172
7791000000758,Kindel Antiacido masticable,14750,17350,Oferta,1,,
7791000000765,Dermalia Diclofenac gel 60g x20 comp,11600,,,1,,106
7791000000772,Kindel Creatina monohidrato 300g pack x2,101600,,,1,/img/demo/prod-7.svg,
7791000000789,Dermalia Ginseng coreano x30 caps sabor neutro,64500,,,1,,
7791000000796,Kindel Ginkgo biloba x60 comp,17450,,,1,,92
7791000000802,Kindel Caseína micelar 900g,11000,18350,,1,,
7791000000819,Kindel Lansoprazol 30mg x30 comp,11750,15650,,1,,27
7791000000826,Kindel Serum ácido hialurónico 30ml,27000,,,1,,237
7791000000833,Fortex Serum ácido hialurónico 30ml,13750,27500,Oferta,1,,
7791000000840,Kindel Gotas oftálmicas lubricantes 15ml x10 comp,5650,,,1,,
7791000000857,Fortex Contorno de ojos 15ml piel seca,13150,,2x1,1,,
7791000000864,Fortex Ginkgo biloba x60 comp pack x2,13900,16350,,1,,
7791000000871,Kindel Gotas oftálmicas lubricantes 15ml x20 comp,10800,,Combo,1,,223
7791000000888,Kindel BCAA 2:1:1 x120 caps sabor neutro,11200,,,1,,219
7791000000895,Kindel Maca andina en polvo 250g sabor neutro,64650,,,1,,
7791000000901,Fortex Crema corporal reparadora 300ml piel seca,6250,,,1,,
7791000000918,Kindel Omega 3 1000mg x60 caps pack x2,44650,,,1,,
7791000000925,Dermalia Roll-on ojeras 15ml piel mixta,6050,8050,,1,,
7791000000932,Fortex Antiacido masticable,2450,,,1,/img/demo/prod-3.svg,96
7791000000949,Kindel Jarabe para la tos adultos 120ml x20 comp,12650,,,1,,186
7791000000956,Dermalia Crema para dolores musculares 100g x10 comp,18350,24450,Oferta,1,/img/demo/prod-3.svg,81
7791000000963,Kindel Gotas oftálmicas lubricantes 15ml x50 comp,8300,,,1,,
7791000000970,Fortex Multivitamínico adultos x60 premium,48850,,,1,/img/demo/prod-5.svg,142
7791000000987,Fortex Protector solar facial FPS 50 50ml,39500,,,1,,35
7791000000994,Kindel Locion post solar 200ml piel mixta,6100,,,1,,
7791000001007,Dermalia Loratadina 10mg x10 comp,12600,,3x2,1,,
7791000001014,Kindel Proteína whey chocolate 1kg sabor neutro,59250,,,1,,249
7791000001021,Dermalia Pre-entreno frutos rojos 300g,21450,28600,,1,,69
7791000001038,Kindel Glutamina 300g premium,28700,,,1,,69
7791000001045,Kindel Multivitamínico 50+ x60 premium,42450,,,1,,
7791000001052,Kindel Agua micelar 400ml,14600,,,1,,
7791000001069,Dermalia Proteína vegetal 750g pack x2,17250,19150,,1,,
7791000001076,Dermalia Pre-entreno frutos rojos 300g pack x2,9100,12150,,1,,246
7791000001083,Kindel Gel anticelulítico 200ml piel sensible,28700,,,1,,
7791000001090,Dermalia Crema para dolores musculares 100g x50 comp,9600,,,1,,175
7791000001106,Kindel Serum vitamina C 30ml,51750,64700,,1,,2
7791000001113,Kindel Crema despigmentante 30g piel mixta,11300,,2x1,1,,
7791000001120,Kindel Gel anticelulítico 200ml,6100,,,1,,
7791000001137,Fortex Ginkgo biloba x60 comp sabor neutro,19750,,,1,,34
7791000001144,Fortex Espirulina x90 comp pack x2,43200,,,1,,78
7791000001151,Fortex Paracetamol 500mg x30 comp,6900,,,1,,223
7791000001168,Kindel Loratadina 10mg,6300,,,1,,188
7791000001175,Fortex Gotas oftálmicas lubricantes 15ml x30 comp,3450,,,1,,
7791000001182,Dermalia Protector solar FPS 50 200ml piel seca,20150,,,1,,
7791000001199,Dermalia Contorno de ojos 15ml piel mixta,9650,12850,,1,,140
7791000001205,Kindel Spray nasal descongestivo 20ml x10 comp,2500,,Combo,1,,
7791000001212,Kindel Pre-entreno frutos rojos 300g,54450,83750,,1,,
7791000001229,Dermalia Crema para manos 75ml,43700,,3x2,1,,237
7791000001236,Fortex Gel de limpieza facial 150ml piel sensible,13400,,,1,,128
7791000001243,Kindel Proteína whey vainilla 1kg sabor neutro,14850,22850,,1,,
7791000001250,Fortex Proteína whey vainilla 1kg sabor neutro,56700,,,1,,197
7791000001267,Dermalia Multivitamínico adultos x60 pack x2,20450,,,1,,
7791000001274,Kindel Agua micelar 400ml piel sensible,50800,,,1,,121
7791000001281,Dermalia Caseína micelar 900g sabor neutro,44400,,,1,,0
7791000001298,Kindel Crema despigmentante 30g,6400,,,1,,
7791000001304,Dermalia Melatonina 3mg,8250,9150,Oferta,1,,
7791000001311,Dermalia Cetirizina 10mg x10 comp,2050,2400,,1,,27
7791000001328,Kindel Protector solar facial FPS 50 50ml piel seca,11250,,,1,,
7791000001335,Kindel Jarabe para la tos adultos 120ml x50 comp,2700,,,1,/img/demo/prod-3.svg,233
7791000001342,Dermalia Colágeno hidrolizado 300g sabor neutro,91400,,,1,,11
7791000001359,Fortex Proteína vegetal 750g,37000,,,1,/img/demo/prod-6.svg,211
7791000001366,Fortex Multivitamínico 50+ x60 pack x2,15750,,,1,,
7791000001373,Dermalia Bálsamo labial FPS 30 piel sensible,7300,,,1,,226
7791000001380,Fortex Locion post solar 200ml,6550,,,1,,
7791000001397,Kindel Spray nasal descongestivo 20ml x30 comp,2150,,,1,,0
7791000001403,Kindel Loratadina 10mg x20 comp,9600,,,1,,
7791000001410,Fortex Té digestivo hierbas serranas x10 comp,1950,2150,,1,,
7791000001427,Kindel Pre-entreno frutos rojos 300g sabor neutro,16200,,,1,,227
7791000001434,Fortex Máscara facial hidratante 75ml piel sensible,23950,,,1,,
7791000001441,Fortex Magnesio 400mg x20 comp,4550,,,1,,185
7791000001458,Kindel Magnesio 400mg x20 comp,8500,13100,Oferta,1,,
7791000001465,Kindel Protector solar FPS 50 200ml piel sensible,6350,,,1,,
7791000001472,Activlife Agua micelar 400ml piel sensible,12950,,,2,,189
7791000001489,Biofem Proteína whey vainilla 1kg premium,12700,,,2,,126
7791000001496,Activlife Agua micelar 400ml piel seca,13400,,,2,,95
7791000001502,Vigorplus Gotas oftálmicas lubricantes 15ml x50 comp,3300,,,2,,20
7791000001519,Biofem Ibuprofeno 600mg x20 comp,3300,,,2,,
7791000001526,Activlife Protector solar FPS 30 200ml,7700,,,2,,211
7791000001533,Curapel Levadura de cerveza 500g premium,59750,74700,,2,,
7791000001540,Vigorplus Serum vitamina C 30ml piel sensible,20000,,,2,,
7791000001557,Biofem Gel anticelulítico 200ml piel seca,30750,,,2,/img/demo/prod-7.svg,100
7791000001564,Curapel Ibuprofeno 400mg x30 comp,15850,,,2,,
7791000001571,Curapel Contorno de ojos 15ml,13850,,,2,,5
7791000001588,Curapel Multivitamínico 50+ x60 pack x2,20750,,,2,,
7791000001595,Curapel Hierro + ácido fólico x50 comp,10050,,,2,,76
7791000001601,Vigorplus Crema facial hidratante 50g piel sensible,8050,,,2,,193
7791000001618,Vigorplus ZMA x90 caps sabor neutro,9750,,,2,,
7791000001625,Biofem Gel de limpieza facial 150ml,20300,,,2,,
7791000001632,Curapel Contorno de ojos 15ml piel mixta,50050,,,2,,
7791000001649,Vigorplus Paracetamol 500mg x50 comp,2300,,Lanzamiento,2,,166
7791000001656,Curapel Proteína whey chocolate 1kg,9800,,,2,,201
7791000001663,Vigorplus Caseína micelar 900g premium,17850,,,2,,
7791000001670,Curapel Paracetamol 500mg,10300,17150,,2,,
7791000001687,Activlife Antiacido masticable x30 comp,10550,,,2,,
7791000001694,Curapel Cetirizina 10mg x10 comp,2950,,,2,,
7791000001700,Biofem Barritas proteicas caja x12 sabor neutro,13850,,,2,,
7791000001717,Vigorplus Proteína whey chocolate 1kg pack x2,10700,,,2,,150
7791000001724,Curapel Locion post solar 200ml,28850,,,2,,148
7791000001731,Biofem Glutamina 300g sabor neutro,46600,51800,,2,,
7791000001748,Activlife Ibuprofeno 600mg x30 comp,1900,,,2,,209
7791000001755,Curapel ZMA x90 caps,21350,,,2,,
7791000001762,Curapel Ginseng coreano x30 caps pack x2,9600,,,2,,127
7791000001779,Activlife Crema despigmentante 30g piel sensible,17400,,,2,,29
7791000001786,Biofem Cetirizina 10mg x30 comp,5300,,,2,/img/demo/prod-7.svg,224
7791000001793,Vigorplus Gotas oftálmicas lubricantes 15ml x10 comp,8250,10300,Oferta,2,,
7791000001809,Activlife Proteína whey chocolate 1kg premium,13750,,,2,/img/demo/prod-7.svg,
7791000001816,Biofem Jarabe para la tos adultos 120ml x20 comp,11150,,,2,,194
7791000001823,Vigorplus Bálsamo labial FPS 30,24000,,,2,,
7791000001830,Biofem Crema para dolores musculares 100g x10 comp,4800,,,2,,37
7791000001847,Vigorplus Diclofenac gel 60g x10 comp,3100,,,2,,76
7791000001854,Vigorplus Ibuprofeno 400mg x20 comp,6800,,,2,,163
7791000001861,Vigorplus Paracetamol 500mg x20 comp,10450,,,2,,
7791000001878,Biofem Crema para manos 75ml piel sensible,6700,,,2,,163
7791000001885,Biofem Barritas proteicas caja x12,14450,16050,,2,,
7791000001892,Biofem Creatina monohidrato 300g sabor neutro,21500,,,2,/img/demo/prod-3.svg,182
7791000001908,Vigorplus Cetirizina 10mg,8700,,,2,,115
7791000001915,Curapel Protector solar FPS 50 200ml piel sensible,27250,45400,,2,,88
7791000001922,Vigorplus Gel de limpieza facial 150ml piel sensible,41500,,,2,/img/demo/prod-1.svg,153
7791000001939,Activlife Roll-on ojeras 15ml,19500,,,2,,0
7791000001946,Vigorplus Gotas oftálmicas lubricantes 15ml x30 comp,3050,,,2,,
7791000001953,Biofem Exfoliante facial 100g piel seca,17950,,,2,,121
7791000001960,Biofem Ibuprofeno 600mg,18850,,,2,,
7791000001977,Curapel Espirulina x90 comp pack x2,44650,,,2,/img/demo/prod-1.svg,20
7791000001984,Vigorplus Cetirizina 10mg x30 comp,7600,,,2,,4
7791000001991,Vigorplus Ginseng coreano x30 caps premium,20300,,,2,/img/demo/prod-8.svg,
7791000002004,Biofem Roll-on ojeras 15ml,21000,,,2,,
7791000002011,Curapel Ginkgo biloba x60 comp premium,31550,,,2,,26
7791000002028,Activlife Paracetamol 1g x20 comp,12300,,Combo,2,,62
7791000002035,Activlife Exfoliante facial 100g piel mixta,24700,35300,,2,,
7791000002042,Biofem Proteína whey chocolate 1kg premium,89450,,,2,,
7791000002059,Vigorplus Sales de rehidratación oral x30 comp,11900,,,2,,
7791000002066,Activlife Gel anticelulítico 200ml piel seca,37750,,,2,,
7791000002073,Activlife Ginkgo biloba x60 comp premium,28450,,,2,,
7791000002080,Vigorplus Crema despigmentante 30g,28850,57700,,2,,
7791000002097,Biofem Ginkgo biloba x60 comp premium,77700,,,2,,242
7791000002103,Activlife Bálsamo labial FPS 30 piel sensible,51950,,2x1,2,,
7791000002110,Vigorplus Complejo B,5600,,,2,,
7791000002127,Curapel Crema para dolores musculares 100g x20 comp,13300,,,2,,194
7791000002134,Vigorplus Roll-on ojeras 15ml piel mixta,11500,,,2,,
7791000002141,Activlife Sales de rehidratación oral x30 comp,4250,,,2,,
7791000002158,Activlife Crema corporal reparadora 300ml piel seca,31000,,,2,/img/demo/prod-1.svg,
7791000002165,Curapel Diclofenac gel 60g x10 comp,17500,,,2,,139
7791000002172,Curapel Jarabe para la tos adultos 120ml x30 comp,5150,7900,,2,,221
7791000002189,Activlife Glutamina 300g sabor neutro,25600,,,2,/img/demo/prod-7.svg,
7791000002196,Vigorplus Crema antiage noche 50g,12650,,,2,,
7791000002202,Vigorplus Paracetamol 500mg,18550,,,2,/img/demo/prod-8.svg,
7791000002219,Curapel Carbón activado,2000,3350,,2,,219
7791000002226,Vigorplus Protector solar FPS 50 200ml piel mixta,26550,,,2,,
7791000002233,Vigorplus Lansoprazol 30mg x50 comp,10500,,,2,,
7791000002240,Biofem Crema para manos 75ml piel mixta,8200,,,2,/img/demo/prod-7.svg,0
7791000002257,Activlife Spray nasal descongestivo 20ml x20 comp,9450,,,2,,140
7791000002264,Activlife Crema antiage noche 50g piel mixta,50100,,,2,,
7791000002271,Biofem Crema facial hidratante 50g,27150,45250,,2,,48
7791000002288,Activlife Complejo B x20 comp,3700,,,2,,
7791000002295,Vigorplus Proteína vegetal 750g sabor neutro,73500,,,2,,209
7791000002301,Curapel Aceite corporal nutritivo 125ml piel seca,15800,,,2,,
7791000002318,Biofem Loratadina 10mg x30 comp,5950,,,2,,4
7791000002325,Activlife Multivitamínico 50+ x60,94150,,,2,,53
7791000002332,Biofem Multivitamínico 50+ x60 pack x2,19900,,Combo,2,/img/demo/prod-4.svg,
7791000002349,Activlife Paracetamol 1g x10 comp,11000,,,2,,181
7791000002356,Biofem Creatina monohidrato 300g,21650,,,2,,
7791000002363,Activlife Bálsamo labial FPS 30 piel mixta,20150,,,2,,
7791000002370,Vigorplus Máscara facial hidratante 75ml piel seca,20900,,,2,,117
7791000002387,Activlife Crema facial hidratante 50g,35150,,,2,,
7791000002394,Biofem Protector solar facial FPS 50 50ml piel seca,52950,,,2,/img/demo/prod-6.svg,46
7791000002400,Curapel Melatonina 3mg x10 comp,2400,,,2,,
7791000002417,Biofem ZMA x90 caps premium,36200,,,2,,0
7791000002424,Vigorplus Gel de limpieza facial 150ml piel seca,11200,,,2,,181
7791000002431,Biofem Aspirina 500mg x50 comp,12500,,Lanzamiento,2,/img/demo/prod-5.svg,
7791000002448,Vigorplus Paracetamol 1g x20 comp,1900,,,2,,239
7791000002455,Vigorplus Agua micelar 400ml piel seca,75400,,,2,,99
7791000002462,Vigorplus Antiacido masticable x10 comp,17650,,,2,,
7791000002479,Curapel Paracetamol 1g x50 comp,2400,,,2,,
7791000002486,Activlife Locion post solar 200ml piel seca,36050,72100,,2,,
7791000002493,Biofem Exfoliante facial 100g,6300,10500,Oferta,2,,194
7791000002509,Curapel Cetirizina 10mg x50 comp,2050,4100,,2,,
7791000002516,Activlife Caseína micelar 900g pack x2,9100,,,2,,35
7791000002523,Curapel Locion post solar 200ml piel seca,65800,,,2,,
7791000002530,Vigorplus Gel anticelulítico 200ml piel mixta,59250,65850,,2,,230
7791000002547,Curapel Caseína micelar 900g pack x2,29400,,,2,,91
7791000002554,Vigorplus Sales de rehidratación oral x10 comp,2250,,,2,,
7791000002561,Biofem Lansoprazol 30mg,10550,13200,Oferta,2,,
7791000002578,Curapel Té digestivo hierbas serranas x50 comp,17650,,,2,,197
7791000002585,Vigorplus Crema corporal reparadora 300ml,24800,,,2,,134
7791000002592,Activlife Serum ácido hialurónico 30ml piel mixta,44700,,,2,/img/demo/prod-7.svg,161
7791000002608,Vigorplus Creatina monohidrato 300g sabor neutro,10450,,,2,,44
7791000002615,Activlife Gel de limpieza facial 150ml,8150,,,2,,31
7791000002622,Biofem Crema despigmentante 30g piel sensible,41500,,,2,,145
7791000002639,Curapel Ginkgo biloba x60 comp pack x2,18650,,,2,,
7791000002646,Curapel Ginkgo biloba x60 comp sabor neutro,13500,,,2,,
7791000002653,Curapel Gel de limpieza facial 150ml piel seca,58050,,,2,,
7791000002660,Biofem Hierro + ácido fólico x20 comp,8700,,,2,,
7791000002677,Activlife Cetirizina 10mg,19800,24750,Oferta,2,,200
7791000002684,Curapel Complejo B,5800,,,2,,
7791000002691,Activlife Barritas proteicas caja x12 premium,24950,31200,,2,,
7791000002707,Vigorplus Agua micelar 400ml,11700,,3x2,2,,
7791000002714,Curapel Protector solar facial FPS 50 50ml piel mixta,53200,,,2,/img/demo/prod-2.svg,
7791000002721,Vigorplus Jarabe expectorante infantil 120ml x30 comp,7000,,,2,,
7791000002738,Curapel Agua micelar 400ml,83200,166400,,2,,81
7791000002745,Activlife Espirulina x90 comp sabor neutro,16650,,,2,,
7791000002752,Curapel Gotas oftálmicas lubricantes 15ml x20 comp,8500,,,2,,138
7791000002769,Biofem Serum vitamina C 30ml piel seca,6750,,,2,/img/demo/prod-3.svg,
7791000002776,Vigorplus Carbón activado x50 comp,4650,6650,Oferta,2,/img/demo/prod-5.svg,
7791000002783,Curapel Crema para manos 75ml,41600,,,2,,224
7791000002790,Curapel Proteína whey chocolate 1kg sabor neutro,46600,,,2,,
7791000002806,Curapel Protector solar FPS 50 200ml piel mixta,48000,68550,,2,,231
7791000002813,Activlife Gotas oftálmicas lubricantes 15ml x20 comp,3700,,,2,,
7791000002820,Biofem Ginseng coreano x30 caps pack x2,16300,,,2,,163
7791000002837,Vigorplus Maca andina en polvo 250g,14900,,,2,,
7791000002844,Vigorplus Ginseng coreano x30 caps pack x2,65950,,,2,,
7791000002851,Biofem Té digestivo hierbas serranas,1850,,,2,,
7791000002868,Activlife Colágeno hidrolizado 300g sabor neutro,106350,212700,Oferta,2,,
7791000002875,Biofem Caseína micelar 900g pack x2,12950,,,2,,
7791000002882,Curapel Protector solar FPS 30 200ml piel sensible,6450,,,2,,86
7791000002899,Biofem Loratadina 10mg x10 comp,17050,,,2,,146
7791000002905,Biofem Ginseng coreano x30 caps,30850,,,2,,239
7791000002912,Activlife Maca andina en polvo 250g,12900,,,2,,43
7791000002929,Activlife Serum vitamina C 30ml piel seca,6550,,,2,,
7791000002936,Activlife Gel anticelulítico 200ml piel sensible,27700,,Lanzamiento,2,,
7791000002943,Activlife Té digestivo hierbas serranas x50 comp,3050,,,2,,
7791000002950,Biofem Ginseng coreano x30 caps sabor neutro,12400,15500,,2,,131
7791000002967,Activlife Contorno de ojos 15ml piel mixta,7550,,,2,,94
7791000002974,Curapel Carbón activado x30 comp,8700,,,2,,
7791000002981,Vigorplus Ginkgo biloba x60 comp,31200,,,2,,
7791000002998,Activlife Gel de limpieza facial 150ml piel seca,27150,,,2,,124
7791000003001,Activlife Aspirina 500mg,2550,,,2,/img/demo/prod-1.svg,
7791000003018,Activlife Spray nasal descongestivo 20ml x50 comp,22350,,,2,,208
7791000003025,Biofem Ibuprofeno 400mg x20 comp,5400,,Lanzamiento,2,,162
7791000003032,Biofem Crema corporal reparadora 300ml piel mixta,11950,,,2,,85
7791000003049,Curapel Crema para manos 75ml piel mixta,24950,,,2,,
7791000003056,Vigorplus Glutamina 300g pack x2,25400,,,2,/img/demo/prod-2.svg,202
7791000003063,Curapel Protector solar facial FPS 50 50ml piel seca,42150,,,2,,10
7791000003070,Curapel Serum ácido hialurónico 30ml,50000,,,2,,
7791000003087,Vigorplus Lansoprazol 30mg x30 comp,5500,,,2,/img/demo/prod-1.svg,
7791000003094,Activlife Pre-entreno frutos rojos 300g,51050,,,2,/img/demo/prod-7.svg,0
7791000003100,Curapel Crema antiage noche 50g piel mixta,43750,67300,,2,,177
7791000003117,Activlife Protector solar facial FPS 50 50ml piel seca,30050,,,2,,
7791000003124,Biofem Protector solar facial FPS 50 50ml piel mixta,22900,,,2,,54
7791000003131,Vigorplus Exfoliante facial 100g,20100,,,2,,2
7791000003148,Biofem Crema facial hidratante 50g piel mixta,40050,,,2,,221
7791000003155,Activlife Barritas proteicas caja x12 pack x2,61900,72800,Oferta,2,/img/demo/prod-2.svg,
7791000003162,Biofem Proteína vegetal 750g sabor neutro,74250,,,2,,
7791000003179,Curapel Crema facial hidratante 50g piel sensible,15500,17200,,2,,
7791000003186,Activlife Diclofenac gel 60g x50 comp,8750,,,2,,
7791000003193,Activlife Pre-entreno frutos rojos 300g pack x2,25100,,,2,,
7791000003209,Activlife Paracetamol 1g,7050,,,2,/img/demo/prod-7.svg,5
7791000003216,Curapel Crema despigmentante 30g piel seca,6600,,,2,,236
7791000003223,Biofem Melatonina 3mg x50 comp,3900,,,2,,27
7791000003230,Activlife Paracetamol 1g x50 comp,2600,,3x2,2,,
7791000003247,Biofem Magnesio 400mg,3750,,,2,,
7791000003254,Kindel Caseína micelar 900g pack x2,49850,,,3,,183
7791000003261,Curapel Protector solar FPS 50 200ml piel seca,64850,,,3,/img/demo/prod-8.svg,
7791000003278,Vigorplus Proteína whey vainilla 1kg pack x2,69400,,,3,,
7791000003285,Solarmed Ibuprofeno 400mg,2550,3000,,3,,
7791000003292,Solarmed Locion post solar 200ml piel mixta,6250,,,3,,
7791000003308,Curapel Contorno de ojos 15ml piel seca,47700,,,3,,
7791000003315,Kindel Roll-on ojeras 15ml piel sensible,8800,13550,,3,,24
7791000003322,Kindel Agua micelar 400ml piel sensible,45050,,,3,,220
7791000003339,Curapel Proteína vegetal 750g pack x2,46350,,,3,/img/demo/prod-6.svg,
7791000003346,Solarmed Proteína vegetal 750g,28500,43850,,3,,49
7791000003353,Vigorplus Protector solar facial FPS 50 50ml piel mixta,11550,,,3,,
7791000003360,Solarmed Spray nasal descongestivo 20ml x50 comp,3150,,,3,,
7791000003377,Solarmed Jarabe expectorante infantil 120ml x30 comp,11850,,,3,,53
7791000003384,Solarmed Crema facial hidratante 50g piel mixta,8850,,,3,,
7791000003391,Solarmed Serum vitamina C 30ml piel seca,6400,,,3,,0
7791000003407,Solarmed Crema antiage noche 50g,50300,,Combo,3,,237
7791000003414,Solarmed Gel anticelulítico 200ml piel seca,7250,,,3,,191
7791000003421,Kindel Omega 3 1000mg x60 caps,39150,,,3,,163
7791000003438,Solarmed Complejo B x50 comp,2250,,,3,/img/demo/prod-2.svg,104
7791000003445,Solarmed Aspirina 500mg,5250,,,3,/img/demo/prod-7.svg,236
7791000003452,Kindel Crema facial hidratante 50g piel seca,18350,22950,,3,,132
7791000003469,Curapel Té digestivo hierbas serranas x20 comp,2900,,,3,,198
7791000003476,Kindel Melatonina 3mg x10 comp,5100,5650,,3,,
7791000003483,Solarmed Glutamina 300g,15200,,,3,,
7791000003490,Vigorplus Complejo B x50 comp,19200,,,3,,
7791000003506,Solarmed Levadura de cerveza 500g pack x2,25500,,,3,,58
7791000003513,Kindel Locion post solar 200ml,19400,,,3,/img/demo/prod-4.svg,
7791000003520,Vigorplus Agua micelar 400ml piel sensible,13900,,,3,,
7791000003537,Vigorplus Jarabe expectorante infantil 120ml x30 comp,4100,,,3,,
7791000003544,Solarmed Colágeno hidrolizado 300g,20250,,,3,,
7791000003551,Kindel Colágeno hidrolizado 300g sabor neutro,25500,,,3,,108
7791000003568,Kindel Té digestivo hierbas serranas x10 comp,12450,,,3,,102
7791000003575,Vigorplus Pre-entreno frutos rojos 300g premium,9100,,Lanzamiento,3,,
7791000003582,Curapel Protector solar facial FPS 50 50ml piel mixta,34400,,,3,,
7791000003599,Solarmed Creatina monohidrato 300g premium,10700,,,3,,
7791000003605,Kindel Crema corporal reparadora 300ml,10400,,,3,,240
7791000003612,Kindel Locion post solar 200ml piel mixta,27650,,,3,,
7791000003629,Solarmed Serum vitamina C 30ml,60000,,,3,,
7791000003636,Kindel Melatonina 3mg,24050,,,3,,108
7791000003643,Vigorplus Barritas proteicas caja x12,94350,,,3,,192
7791000003650,Kindel Jarabe expectorante infantil 120ml,14750,,,3,,
7791000003667,Solarmed Agua micelar 400ml,11300,,,3,,
7791000003674,Curapel Caseína micelar 900g,13750,27500,,3,,47
7791000003681,Kindel Espirulina x90 comp sabor neutro,96150,,,3,,
7791000003698,Vigorplus Glutamina 300g sabor neutro,101900,,,3,,
7791000003704,Solarmed Maca andina en polvo 250g,20550,41100,,3,,
7791000003711,Solarmed Diclofenac gel 60g,18600,,,3,,
7791000003728,Solarmed Diclofenac gel 60g x20 comp,12900,,,3,,155
7791000003735,Vigorplus Multivitamínico 50+ x60,73800,,,3,,
7791000003742,Kindel Bálsamo labial FPS 30,11300,,,3,,
7791000003759,Vigorplus Agua micelar 400ml piel seca,11950,,,3,,
7791000003766,Kindel Omeprazol 20mg x10 comp,8850,,,3,/img/demo/prod-7.svg,204
7791000003773,Solarmed Omeprazol 20mg x10 comp,6850,,,3,,
7791000003780,Curapel Colágeno hidrolizado 300g premium,10950,,,3,,0
7791000003797,Solarmed Vitamina C 500mg efervescente,5800,,,3,,
7791000003803,Vigorplus Crema para dolores musculares 100g x20 comp,2250,,,3,,65
7791000003810,Kindel ZMA x90 caps pack x2,39550,60850,Oferta,3,,
7791000003827,Curapel Omega 3 1000mg x60 caps,32950,,3x2,3,,206
7791000003834,Vigorplus Omeprazol 20mg x30 comp,4150,,,3,,145
7791000003841,Curapel Crema corporal reparadora 300ml piel seca,31100,,,3,,161
7791000003858,Curapel Ibuprofeno 600mg x50 comp,17200,,,3,,
7791000003865,Vigorplus Ibuprofeno 600mg x10 comp,3450,,,3,,
7791000003872,Curapel Serum vitamina C 30ml piel seca,47450,,,3,,
7791000003889,Curapel Paracetamol 500mg x30 comp,4800,,,3,,
7791000003896,Solarmed Roll-on ojeras 15ml piel mixta,63250,,,3,,76
7791000003902,Vigorplus Sales de rehidratación oral x30 comp,21750,,,3,,
7791000003919,Curapel Multivitamínico 50+ x60 pack x2,78550,,,3,,
7791000003926,Kindel Crema para manos 75ml piel mixta,26600,,3x2,3,,
7791000003933,Vigorplus Glutamina 300g,14900,,,3,,
7791000003940,Curapel Levadura de cerveza 500g premium,53500,,2x1,3,/img/demo/prod-3.svg,104
7791000003957,Solarmed Magnesio 400mg x50 comp,8700,,,3,,201
7791000003964,Kindel Crema corporal reparadora 300ml piel sensible,14550,19400,,3,,
7791000003971,Vigorplus Aceite corporal nutritivo 125ml piel seca,22700,,,3,,47
7791000003988,Solarmed Proteína vegetal 750g pack x2,78750,,,3,/img/demo/prod-2.svg,18
7791000003995,Curapel Espirulina x90 comp premium,28500,31650,,3,/img/demo/prod-8.svg,
7791000004008,Solarmed Vitamina C 500mg efervescente x30 comp,4050,4750,,3,,149
7791000004015,Solarmed Espirulina x90 comp pack x2,61950,,,3,,199
7791000004022,Vigorplus Crema corporal reparadora 300ml,7050,,,3,,
7791000004039,Curapel Protector solar facial FPS 50 50ml piel seca,6900,,,3,/img/demo/prod-2.svg,
7791000004046,Solarmed Protector solar facial FPS 50 50ml piel sensible,55100,,,3,,21
7791000004053,Kindel Creatina monohidrato 300g sabor neutro,16950,,,3,,
7791000004060,Curapel Ginkgo biloba x60 comp premium,32200,53650,,3,,
7791000004077,Vigorplus Protector solar FPS 50 200ml,38250,,,3,,
7791000004084,Curapel Gel de limpieza facial 150ml,17300,21650,,3,,243
7791000004091,Curapel Ibuprofeno 400mg x30 comp,8300,,,3,,174
7791000004107,Kindel Caseína micelar 900g premium,16300,,,3,,183
7791000004114,Kindel Proteína whey chocolate 1kg pack x2,25750,,,3,,0
7791000004121,Vigorplus Crema para manos 75ml piel seca,40700,,Lanzamiento,3,,
7791000004138,Curapel Locion post solar 200ml,10500,,,3,,
7791000004145,Solarmed BCAA 2:1:1 x120 caps pack x2,60000,,,3,,
7791000004152,Vigorplus Exfoliante facial 100g,24500,,,3,,
7791000004169,Vigorplus Agua micelar 400ml,11300,22600,,3,,36
7791000004176,Vigorplus Serum vitamina C 30ml piel sensible,10450,,,3,,155
7791000004183,Solarmed Aceite corporal nutritivo 125ml piel sensible,13000,,,3,,
7791000004190,Vigorplus Colágeno hidrolizado 300g,61500,,,3,,
7791000004206,Vigorplus Glutamina 300g pack x2,91200,,,3,,75
7791000004213,Vigorplus Omega 3 1000mg x60 caps,46950,,,3,,
7791000004220,Kindel Spray nasal descongestivo 20ml,4150,,3x2,3,,101
7791000004237,Vigorplus Protector solar FPS 30 200ml piel mixta,31700,,,3,,
7791000004244,Solarmed Pre-entreno frutos rojos 300g premium,29550,,,3,,
7791000004251,Solarmed Crema para manos 75ml piel mixta,38800,,Combo,3,,114
7791000004268,Vigorplus Creatina monohidrato 300g,11750,,,3,,207
7791000004275,Vigorplus Coenzima Q10 x30 caps pack x2,58200,,,3,,
7791000004282,Vigorplus Ginkgo biloba x60 comp pack x2,41650,,,3,/img/demo/prod-3.svg,
7791000004299,Vigorplus Aceite corporal nutritivo 125ml piel mixta,11350,13350,Oferta,3,,
7791000004305,Kindel Caseína micelar 900g sabor neutro,13300,,,3,,
7791000004312,Solarmed Bálsamo labial FPS 30 piel seca,28800,,,3,/img/demo/prod-6.svg,54
7791000004329,Kindel Crema antiage noche 50g piel seca,13450,,,3,,
7791000004336,Kindel Colágeno hidrolizado 300g,47550,,,3,,198
7791000004343,Kindel Crema despigmentante 30g piel seca,36500,,,3,,
7791000004350,Solarmed Roll-on ojeras 15ml,37850,,,3,,19
7791000004367,Solarmed Paracetamol 1g x10 comp,2800,,,3,,65
7791000004374,Kindel Omega 3 1000mg x60 caps premium,107750,,,3,,219
7791000004381,Vigorplus Gotas oftálmicas lubricantes 15ml,2500,,,3,/img/demo/prod-5.svg,
7791000004398,Curapel Crema para dolores musculares 100g x10 comp,7650,,,3,/img/demo/prod-7.svg,
7791000004404,Solarmed Locion post solar 200ml piel seca,26350,,,3,,77
7791000004411,Curapel Jarabe expectorante infantil 120ml x30 comp,19500,,,3,,3
7791000004428,Vigorplus Espirulina x90 comp pack x2,19550,24450,,3,,92
7791000004435,Solarmed Ginseng coreano x30 caps premium,10750,,,3,/img/demo/prod-3.svg,183
7791000004442,Curapel Sales de rehidratación oral x30 comp,4050,,,3,,212
7791000004459,Solarmed Ibuprofeno 400mg x20 comp,17100,24450,Oferta,3,,
7791000004466,Solarmed Serum ácido hialurónico 30ml,21700,,,3,,
7791000004473,Kindel Té digestivo hierbas serranas x50 comp,9100,,,3,,
7791000004480,Kindel Spray nasal descongestivo 20ml x20 comp,3300,,,3,,
7791000004497,Kindel Proteína whey chocolate 1kg premium,84550,120800,,3,,53
7791000004503,Vigorplus Crema para manos 75ml piel mixta,13050,,,3,,166
7791000004510,Vigorplus Protector solar facial FPS 50 50ml,46400,,,3,,
7791000004527,Kindel Espirulina x90 comp,94800,,,3,,
7791000004534,Curapel Magnesio 400mg,1800,,,3,,69
7791000004541,Vigorplus Crema despigmentante 30g,56450,,,3,,121
7791000004558,Kindel Caramelos de propóleo x30 comp,1850,2300,Oferta,3,,
7791000004565,Solarmed Multivitamínico 50+ x60 sabor neutro,39150,,,3,,83
7791000004572,Curapel Multivitamínico adultos x60 pack x2,104950,,,3,,
7791000004589,Vigorplus Máscara facial hidratante 75ml piel sensible,12550,,,3,/img/demo/prod-8.svg,
7791000004596,Curapel Aceite corporal nutritivo 125ml,67800,,,3,,33
7791000004602,Vigorplus Complejo B x20 comp,7100,,,3,/img/demo/prod-4.svg,132
7791000004619,Vigorplus Barritas proteicas caja x12 pack x2,40150,,2x1,3,,109
7791000004626,Solarmed Roll-on ojeras 15ml piel seca,45000,,,3,,118
7791000004633,Kindel Crema antiage noche 50g piel sensible,28150,,,3,,208
7791000004640,Vigorplus Coenzima Q10 x30 caps premium,40450,,,3,,165
7791000004657,Kindel Jarabe para la tos adultos 120ml x10 comp,9050,,,3,,29
7791000004664,Curapel Gel anticelulítico 200ml piel sensible,39900,,,3,,177
7791000004671,Kindel Magnesio 400mg x30 comp,7200,,,3,,
7791000004688,Solarmed Proteína whey chocolate 1kg,46800,,,3,/img/demo/prod-7.svg,107
7791000004695,Kindel Crema despigmentante 30g,6850,,,3,,
7791000004701,Kindel Gotas oftálmicas lubricantes 15ml x20 comp,4400,,,3,,
7791000004718,Vigorplus Proteína whey vainilla 1kg,45150,,,3,/img/demo/prod-8.svg,113
7791000004725,Solarmed Gel de limpieza facial 150ml piel sensible,59250,,,3,,119
7791000004732,Vigorplus Cetirizina 10mg x30 comp,6600,8250,,3,,39
7791000004749,Kindel Ginkgo biloba x60 comp,10500,17500,Oferta,3,,223
7791000004756,Vigorplus Multivitamínico 50+ x60 sabor neutro,10950,,,3,,
7791000004763,Kindel Máscara facial hidratante 75ml piel mixta,12650,21100,,3,,73
7791000004770,Kindel Gel de limpieza facial 150ml piel mixta,24050,,,3,,152
7791000004787,Solarmed ZMA x90 caps pack x2,71600,,,3,,2
7791000004794,Solarmed Carbón activado x50 comp,16800,,,3,,0
7791000004800,Curapel Ibuprofeno 600mg,14300,,3x2,3,,
7791000004817,Kindel Barritas proteicas caja x12,79650,,,3,,182
7791000004824,Solarmed Té digestivo hierbas serranas x20 comp,4250,,,3,,
7791000004831,Curapel Glutamina 300g pack x2,10050,,,3,,135
7791000004848,Vigorplus Antiacido masticable x50 comp,3750,,Combo,3,,3
7791000004855,Solarmed Complejo B x30 comp,20200,,,3,,
7791000004862,Curapel Omeprazol 20mg x20 comp,3850,,,3,/img/demo/prod-3.svg,190
7791000004879,Solarmed Crema para dolores musculares 100g,5700,,2x1,3,,
7791000004886,Vigorplus Diclofenac gel 60g x50 comp,3600,4250,,3,,
7791000004893,Curapel Bálsamo labial FPS 30 piel mixta,22550,32200,,3,,
7791000004909,Solarmed Proteína whey chocolate 1kg premium,48200,,,3,,141
7791000004916,Vigorplus Melatonina 3mg,6450,,,3,,
7791000004923,Kindel Paracetamol 1g x50 comp,6950,,,3,/img/demo/prod-8.svg,44
7791000004930,Puravit Proteína whey chocolate 1kg premium,43650,,,4,,246
7791000004947,Vitalfar Barritas proteicas caja x12 pack x2,85000,,,4,,89
7791000004954,Puravit Multivitamínico 50+ x60 sabor neutro,69400,,,4,,
7791000004961,Dermaqua Caseína micelar 900g pack x2,23900,,,4,,35
7791000004978,Puravit Glutamina 300g premium,13600,,,4,,157
7791000004985,Aquavital Crema para dolores musculares 100g x30 comp,10900,,,4,,
7791000004992,Dermaqua Melatonina 3mg x20 comp,2300,,,4,,126
7791000005005,Vitalfar Crema para dolores musculares 100g,21050,,,4,/img/demo/prod-2.svg,
7791000005012,Puravit Crema para manos 75ml,36900,,,4,/img/demo/prod-3.svg,206
7791000005029,Aquavital Coenzima Q10 x30 caps premium,13050,,,4,,0
7791000005036,Vitalfar Lansoprazol 30mg,4500,,,4,,167
7791000005043,Aquavital Proteína whey vainilla 1kg premium,83500,,,4,,
7791000005050,Aquavital Hierro + ácido fólico x20 comp,2150,,,4,,61
7791000005067,Aquavital Roll-on ojeras 15ml piel mixta,12100,,,4,,196
7791000005074,Vitalfar Crema despigmentante 30g piel sensible,12850,25700,,4,/img/demo/prod-8.svg,
7791000005081,Aquavital Loratadina 10mg,2150,,,4,/img/demo/prod-2.svg,
7791000005098,Aquavital Cetirizina 10mg x20 comp,19450,,,4,,26
7791000005104,Vitalfar Crema para manos 75ml piel mixta,9450,,,4,,136
7791000005111,Puravit Pre-entreno frutos rojos 300g sabor neutro,15200,,2x1,4,,57
7791000005128,Puravit Coenzima Q10 x30 caps premium,13750,,,4,/img/demo/prod-1.svg,172
7791000005135,Dermaqua Máscara facial hidratante 75ml,25300,,,4,,
7791000005142,Aquavital Protector solar facial FPS 50 50ml,19700,,,4,,
7791000005159,Dermaqua Ginseng coreano x30 caps,52150,65200,Oferta,4,,
7791000005166,Aquavital Diclofenac gel 60g x10 comp,4550,,,4,,
7791000005173,Vitalfar Hierro + ácido fólico x50 comp,1950,,,4,,
7791000005180,Puravit Crema antiage noche 50g piel mixta,30350,,,4,,
7791000005197,Vitalfar Diclofenac gel 60g x20 comp,13900,16350,Oferta,4,,
7791000005203,Vitalfar ZMA x90 caps sabor neutro,15150,25250,,4,,0
7791000005210,Vitalfar Proteína whey chocolate 1kg pack x2,61700,,,4,,59
7791000005227,Vitalfar Cetirizina 10mg x30 comp,8450,,,4,,177
7791000005234,Vitalfar Multivitamínico 50+ x60,26350,,,4,,214
7791000005241,Dermaqua Barritas proteicas caja x12 pack x2,92500,185000,,4,/img/demo/prod-7.svg,
7791000005258,Dermaqua Crema para dolores musculares 100g x10 comp,2100,,,4,,
7791000005265,Aquavital Crema para manos 75ml piel sensible,31350,36900,,4,,
7791000005272,Dermaqua Crema despigmentante 30g,15250,,,4,,50
7791000005289,Dermaqua Crema corporal reparadora 300ml piel sensible,26700,,,4,,56
7791000005296,Dermaqua Proteína vegetal 750g pack x2,39250,,,4,,196
7791000005302,Vitalfar Bálsamo labial FPS 30,8250,11000,,4,,
7791000005319,Dermaqua Omeprazol 20mg x10 comp,9850,13150,,4,,178
7791000005326,Puravit BCAA 2:1:1 x120 caps pack x2,44550,,,4,,
7791000005333,Dermaqua Ibuprofeno 400mg x50 comp,2300,,,4,,
7791000005340,Dermaqua Aspirina 500mg x30 comp,10800,,,4,,
7791000005357,Vitalfar Protector solar FPS 30 200ml piel mixta,21550,,,4,,
7791000005364,Dermaqua Gel de limpieza facial 150ml piel seca,6900,11500,,4,,31
7791000005371,Aquavital Bálsamo labial FPS 30,9050,,,4,/img/demo/prod-5.svg,103
7791000005388,Puravit Crema facial hidratante 50g piel mixta,23600,,,4,,
7791000005395,Puravit Pre-entreno frutos rojos 300g pack x2,20150,,,4,,
7791000005401,Puravit Té digestivo hierbas serranas x10 comp,5600,,,4,,
7791000005418,Dermaqua Multivitamínico adultos x60 sabor neutro,43750,,,4,,155
7791000005425,Puravit Caramelos de propóleo x10 comp,5200,,,4,,110
7791000005432,Aquavital Crema facial hidratante 50g piel seca,12600,,,4,,66
7791000005449,Vitalfar Proteína whey chocolate 1kg premium,11000,,,4,,121
7791000005456,Aquavital Gotas oftálmicas lubricantes 15ml x50 comp,14450,,,4,,
7791000005463,Aquavital Aceite corporal nutritivo 125ml piel sensible,33000,,,4,,
7791000005470,Puravit Crema para manos 75ml piel sensible,31150,,,4,,
7791000005487,Aquavital Serum vitamina C 30ml,6100,,,4,,27
7791000005494,Puravit Proteína whey chocolate 1kg pack x2,17100,,Lanzamiento,4,,
7791000005500,Dermaqua Sales de rehidratación oral,2150,,,4,/img/demo/prod-2.svg,
7791000005517,Puravit Serum ácido hialurónico 30ml,7750,11050,,4,,136
7791000005524,Puravit Creatina monohidrato 300g pack x2,74100,,,4,,34
7791000005531,Vitalfar Caramelos de propóleo,2300,,,4,/img/demo/prod-6.svg,140
7791000005548,Vitalfar Caseína micelar 900g premium,93400,,,4,,
7791000005555,Dermaqua Crema facial hidratante 50g piel mixta,7150,,,4,,
7791000005562,Vitalfar Serum ácido hialurónico 30ml piel sensible,32350,,,4,,135
7791000005579,Aquavital Spray nasal descongestivo 20ml x50 comp,20250,,3x2,4,,
7791000005586,Aquavital Crema antiage noche 50g,6250,,,4,,
7791000005593,Vitalfar Paracetamol 1g x10 comp,8350,,,4,,
7791000005609,Puravit Colágeno hidrolizado 300g premium,9050,,,4,,77
7791000005616,Vitalfar Maca andina en polvo 250g pack x2,24150,,,4,,11
7791000005623,Vitalfar Crema facial hidratante 50g,9150,,,4,,236
7791000005630,Puravit Omeprazol 20mg x30 comp,6200,,,4,,8
7791000005647,Puravit Roll-on ojeras 15ml piel sensible,36650,45800,Oferta,4,,1
7791000005654,Vitalfar Maca andina en polvo 250g premium,11350,,,4,,118
7791000005661,Vitalfar Caseína micelar 900g sabor neutro,41300,,,4,,181
7791000005678,Aquavital Multivitamínico adultos x60 pack x2,15600,17350,,4,,113
7791000005685,Vitalfar Melatonina 3mg x30 comp,3800,,,4,/img/demo/prod-1.svg,0
7791000005692,Vitalfar Protector solar facial FPS 50 50ml,52300,80450,,4,,137
7791000005708,Dermaqua Carbón activado x20 comp,5850,,,4,,
7791000005715,Aquavital Barritas proteicas caja x12 pack x2,25150,,,4,,
7791000005722,Aquavital Máscara facial hidratante 75ml piel seca,55700,,,4,,228
7791000005739,Aquavital Lansoprazol 30mg x10 comp,3100,,2x1,4,,123
7791000005746,Vitalfar Crema facial hidratante 50g piel mixta,60700,,,4,,
7791000005753,Puravit Ginseng coreano x30 caps premium,41950,46600,,4,,
7791000005760,Vitalfar Spray nasal descongestivo 20ml x20 comp,6700,,3x2,4,,247
7791000005777,Aquavital Omega 3 1000mg x60 caps pack x2,36900,,,4,,
7791000005784,Puravit Crema para dolores musculares 100g x10 comp,8200,,,4,,212
7791000005791,Dermaqua Caseína micelar 900g,60800,,,4,,
7791000005807,Dermaqua Spray nasal descongestivo 20ml x20 comp,7450,8750,Oferta,4,,203
7791000005814,Puravit Paracetamol 500mg x20 comp,5900,,,4,,
7791000005821,Aquavital Magnesio 400mg x30 comp,2750,,,4,,
7791000005838,Aquavital Spray nasal descongestivo 20ml x20 comp,18900,,,4,,231
7791000005845,Aquavital Magnesio 400mg x50 comp,5600,,,4,,
7791000005852,Aquavital Caramelos de propóleo x30 comp,8350,,,4,,
7791000005869,Vitalfar Ibuprofeno 600mg x50 comp,6150,,,4,/img/demo/prod-1.svg,
7791000005876,Aquavital Proteína vegetal 750g premium,24700,,,4,,
7791000005883,Puravit Omeprazol 20mg,2150,,,4,,244
7791000005890,Vitalfar Protector solar FPS 50 200ml piel mixta,6900,,,4,,
7791000005906,Puravit Roll-on ojeras 15ml,9000,,,4,/img/demo/prod-1.svg,
7791000005913,Aquavital Coenzima Q10 x30 caps pack x2,70000,140000,,4,,202
7791000005920,Aquavital Diclofenac gel 60g x20 comp,17350,20400,,4,,152
7791000005937,Aquavital Serum ácido hialurónico 30ml piel sensible,15800,,,4,,
7791000005944,Puravit Glutamina 300g pack x2,24200,,,4,,72
7791000005951,Puravit Ibuprofeno 400mg x50 comp,18500,26450,Oferta,4,,171
7791000005968,Vitalfar Locion post solar 200ml,31150,,,4,,
7791000005975,Puravit Sales de rehidratación oral x50 comp,14400,,,4,,
7791000005982,Dermaqua Máscara facial hidratante 75ml piel mixta,24450,,,4,,
7791000005999,Dermaqua Glutamina 300g pack x2,41900,,,4,,
7791000006002,Dermaqua Jarabe para la tos adultos 120ml x10 comp,11500,,,4,,
7791000006019,Puravit Magnesio 400mg,8050,,,4,,
7791000006026,Dermaqua Paracetamol 1g x10 comp,4700,5200,,4,,155
7791000006033,Vitalfar Paracetamol 500mg x30 comp,13850,,,4,,224
7791000006040,Dermaqua Omega 3 1000mg x60 caps pack x2,9300,,,4,,58
7791000006057,Vitalfar Serum vitamina C 30ml piel sensible,29250,,3x2,4,,216
7791000006064,Vitalfar Máscara facial hidratante 75ml piel sensible,47550,,,4,,
7791000006071,Aquavital Paracetamol 500mg,1850,,,4,/img/demo/prod-3.svg,
7791000006088,Puravit Crema corporal reparadora 300ml piel mixta,59200,84550,,4,,
7791000006095,Dermaqua Crema para manos 75ml piel seca,40800,,,4,,148
7791000006101,Vitalfar Protector solar facial FPS 50 50ml piel mixta,62750,,,4,,140
7791000006118,Puravit Protector solar facial FPS 50 50ml piel seca,54850,,,4,,
7791000006125,Vitalfar Coenzima Q10 x30 caps pack x2,37200,,,4,,
7791000006132,Dermaqua Protector solar FPS 50 200ml piel sensible,51150,,,4,,191
7791000006149,Vitalfar Exfoliante facial 100g,13550,,,4,,97
7791000006156,Puravit Omega 3 1000mg x60 caps,43850,,,4,,
7791000006163,Puravit Colágeno hidrolizado 300g pack x2,54950,,,4,,156
7791000006170,Dermaqua Ibuprofeno 600mg x20 comp,20250,,,4,,246
7791000006187,Aquavital Glutamina 300g pack x2,52050,,,4,,
7791000006194,Aquavital Complejo B,5100,,,4,,
7791000006200,Vitalfar Roll-on ojeras 15ml piel seca,24900,,,4,/img/demo/prod-5.svg,
7791000006217,Puravit Proteína whey vainilla 1kg pack x2,35700,,,4,,136
7791000006224,Puravit Serum vitamina C 30ml piel sensible,7400,,Lanzamiento,4,,
7791000006231,Aquavital Proteína whey chocolate 1kg premium,19850,,,4,/img/demo/prod-6.svg,
7791000006248,Dermaqua Máscara facial hidratante 75ml piel sensible,10800,,,4,,40
7791000006255,Dermaqua Antiacido masticable x50 comp,26900,,Combo,4,/img/demo/prod-4.svg,
7791000006262,Dermaqua Contorno de ojos 15ml,13200,15550,,4,,
7791000006279,Aquavital Gel de limpieza facial 150ml piel mixta,19350,25800,Oferta,4,,
7791000006286,Vitalfar Espirulina x90 comp pack x2,26550,,Combo,4,/img/demo/prod-1.svg,136
7791000006293,Aquavital Crema corporal reparadora 300ml,50450,56050,Oferta,4,,
7791000006309,Vitalfar Pre-entreno frutos rojos 300g premium,58250,,,4,,3
7791000006316,Vitalfar Vitamina C 500mg efervescente x20 comp,19250,,,4,,39
7791000006323,Dermaqua Paracetamol 500mg x50 comp,13350,,2x1,4,,1
7791000006330,Vitalfar Gel anticelulítico 200ml piel mixta,10300,,,4,,86
7791000006347,Dermaqua Serum ácido hialurónico 30ml piel seca,53650,,,4,,
7791000006354,Vitalfar Barritas proteicas caja x12 premium,9050,,,4,,236
7791000006361,Vitalfar Locion post solar 200ml piel sensible,6800,,,4,/img/demo/prod-4.svg,98
7791000006378,Aquavital Coenzima Q10 x30 caps,47400,,Lanzamiento,4,/img/demo/prod-7.svg,
7791000006385,Aquavital Glutamina 300g premium,24400,,,4,,
7791000006392,Dermaqua Crema facial hidratante 50g piel seca,7650,11750,,4,,
7791000006408,Vitalfar Protector solar FPS 30 200ml piel seca,33400,,,4,,74
7791000006415,Vitalfar Omega 3 1000mg x60 caps premium,25350,,,4,/img/demo/prod-3.svg,
7791000006422,Vitalfar Hierro + ácido fólico x30 comp,3450,6900,,4,,224
7791000006439,Puravit Gel de limpieza facial 150ml,46450,,,4,/img/demo/prod-3.svg,18
7791000006446,Activlife Locion post solar 200ml piel sensible,6200,,,5,,
7791000006453,Activlife Té digestivo hierbas serranas x30 comp,2000,,,5,,89
7791000006460,Activlife Espirulina x90 comp pack x2,30200,37750,,5,,
7791000006477,Puravit Multivitamínico adultos x60 premium,71050,109300,Oferta,5,,43
7791000006484,Vigorplus Espirulina x90 comp pack x2,11050,,,5,,241
7791000006491,Vigorplus Té digestivo hierbas serranas x10 comp,7050,,,5,,210
7791000006507,Nutrivida Paracetamol 500mg x30 comp,17350,,,5,,
7791000006514,Nutrivida Bálsamo labial FPS 30 piel seca,11450,,,5,,92
7791000006521,Activlife Melatonina 3mg,3500,,,5,,4
7791000006538,Vigorplus Jarabe para la tos adultos 120ml x50 comp,10500,,,5,,
7791000006545,Activlife Crema antiage noche 50g piel seca,24000,,,5,/img/demo/prod-6.svg,87
7791000006552,Nutrivida Espirulina x90 comp premium,42550,70900,Oferta,5,,
7791000006569,Vigorplus Pre-entreno frutos rojos 300g sabor neutro,10750,16550,,5,,
7791000006576,Nutrivida Crema corporal reparadora 300ml piel sensible,64400,85850,,5,,
7791000006583,Nutrivida Agua micelar 400ml piel sensible,64000,,,5,,0
7791000006590,Activlife Crema para dolores musculares 100g,3200,6400,Oferta,5,,34
7791000006606,Puravit Coenzima Q10 x30 caps,15600,,Combo,5,/img/demo/prod-4.svg,
7791000006613,Puravit Spray nasal descongestivo 20ml x30 comp,6750,,3x2,5,,29
7791000006620,Puravit Espirulina x90 comp,55400,,,5,,
7791000006637,Vigorplus BCAA 2:1:1 x120 caps sabor neutro,75550,151100,,5,,
7791000006644,Nutrivida Protector solar FPS 50 200ml piel seca,8650,,,5,,
7791000006651,Nutrivida Antiacido masticable x50 comp,11200,,,5,,
7791000006668,Activlife Barritas proteicas caja x12 sabor neutro,18000,,,5,,244
7791000006675,Vigorplus Aceite corporal nutritivo 125ml piel sensible,28950,,,5,,69
7791000006682,Nutrivida Contorno de ojos 15ml piel mixta,6800,,,5,,
7791000006699,Vigorplus Cetirizina 10mg x30 comp,5550,,,5,,
7791000006705,Nutrivida Crema facial hidratante 50g piel sensible,12150,17350,,5,,
7791000006712,Puravit Ibuprofeno 400mg x50 comp,6300,,,5,,64
7791000006729,Vigorplus Serum vitamina C 30ml piel mixta,27450,32300,Oferta,5,,
7791000006736,Puravit Ibuprofeno 400mg x10 comp,1800,,,5,,240
7791000006743,Puravit Carbón activado,15050,,,5,,
7791000006750,Puravit Creatina monohidrato 300g,9150,,,5,,24
7791000006767,Nutrivida Carbón activado x50 comp,2100,,,5,,
7791000006774,Vigorplus Maca andina en polvo 250g,24250,,,5,,
7791000006781,Nutrivida Serum ácido hialurónico 30ml,68350,,,5,,
7791000006798,Puravit Antiacido masticable x20 comp,7000,,,5,,
7791000006804,Puravit Bálsamo labial FPS 30 piel sensible,31850,,,5,,
7791000006811,Vigorplus Spray nasal descongestivo 20ml x30 comp,20350,,,5,,2
7791000006828,Vigorplus Proteína vegetal 750g,17400,,2x1,5,,
7791000006835,Vigorplus Melatonina 3mg x30 comp,13100,17450,,5,,
7791000006842,Puravit Ginseng coreano x30 caps sabor neutro,28700,,,5,,
7791000006859,Nutrivida Locion post solar 200ml piel mixta,7000,,,5,,
7791000006866,Activlife Glutamina 300g,13150,,,5,,
7791000006873,Activlife Ginseng coreano x30 caps,12300,,,5,,
7791000006880,Puravit Caramelos de propóleo x20 comp,7800,,,5,,178
7791000006897,Puravit BCAA 2:1:1 x120 caps,52750,,Combo,5,,127
7791000006903,Activlife Crema despigmentante 30g,70500,,,5,,170
7791000006910,Nutrivida Omeprazol 20mg,4150,,,5,,128
7791000006927,Vigorplus Multivitamínico adultos x60 pack x2,27800,46350,Oferta,5,,
7791000006934,Vigorplus Serum ácido hialurónico 30ml piel sensible,61100,122200,Oferta,5,,
7791000006941,Activlife Caramelos de propóleo x20 comp,24300,37400,,5,,168
7791000006958,Nutrivida Gel anticelulítico 200ml piel mixta,36950,41050,,5,,
7791000006965,Vigorplus Ginkgo biloba x60 comp pack x2,12900,,,5,,40
7791000006972,Vigorplus Aspirina 500mg x30 comp,7850,,,5,,
7791000006989,Activlife Sales de rehidratación oral,12650,,,5,/img/demo/prod-3.svg,
7791000006996,Nutrivida Multivitamínico 50+ x60 pack x2,24250,,,5,/img/demo/prod-7.svg,
7791000007009,Nutrivida Serum vitamina C 30ml piel seca,23550,,,5,,
7791000007016,Activlife Hierro + ácido fólico,4050,,,5,,
7791000007023,Nutrivida Bálsamo labial FPS 30 piel mixta,45250,,,5,,216
7791000007030,Activlife Ginseng coreano x30 caps premium,78650,,Combo,5,,
7791000007047,Nutrivida Crema antiage noche 50g piel sensible,7250,,,5,,61
7791000007054,Vigorplus Crema corporal reparadora 300ml piel seca,49250,,,5,,99
7791000007061,Puravit Crema despigmentante 30g piel seca,6450,,Lanzamiento,5,,
7791000007078,Nutrivida Ginkgo biloba x60 comp,31400,,,5,,
7791000007085,Nutrivida Multivitamínico adultos x60 sabor neutro,18200,,,5,,60
7791000007092,Activlife Bálsamo labial FPS 30 piel seca,57150,,,5,/img/demo/prod-2.svg,
7791000007108,Puravit Diclofenac gel 60g x50 comp,2100,,,5,,122
7791000007115,Nutrivida Gotas oftálmicas lubricantes 15ml x30 comp,6200,9550,,5,,
7791000007122,Activlife Omega 3 1000mg x60 caps sabor neutro,30150,,,5,,210
7791000007139,Nutrivida Proteína whey vainilla 1kg pack x2,20650,,,5,,
7791000007146,Nutrivida Proteína vegetal 750g,36250,,,5,,
7791000007153,Vigorplus Crema para manos 75ml piel mixta,20300,,,5,,
7791000007160,Puravit Proteína whey chocolate 1kg pack x2,29000,,,5,,
7791000007177,Puravit ZMA x90 caps,12000,15000,,5,,65
7791000007184,Vigorplus Glutamina 300g sabor neutro,27900,,,5,,
7791000007191,Activlife Barritas proteicas caja x12,54150,,,5,/img/demo/prod-1.svg,
7791000007207,Activlife Ginseng coreano x30 caps pack x2,15300,,,5,,
7791000007214,Nutrivida Locion post solar 200ml,49200,,,5,,225
7791000007221,Nutrivida Sales de rehidratación oral x20 comp,5450,,,5,,
7791000007238,Activlife Antiacido masticable x10 comp,4700,,,5,,239
7791000007245,Nutrivida Proteína whey chocolate 1kg,40450,,,5,,45
7791000007252,Vigorplus Crema despigmentante 30g,7450,,,5,,
7791000007269,Activlife Antiacido masticable x20 comp,5650,,,5,,
7791000007276,Vigorplus Pre-entreno frutos rojos 300g,53900,107800,,5,,
7791000007283,Activlife Creatina monohidrato 300g pack x2,20100,,,5,,42
7791000007290,Activlife Aceite corporal nutritivo 125ml piel sensible,8850,,,5,,
7791000007306,Activlife Agua micelar 400ml piel seca,40500,,,5,,
7791000007313,Activlife Maca andina en polvo 250g sabor neutro,64650,,,5,,46
7791000007320,Activlife Ginkgo biloba x60 comp,53200,81850,,5,/img/demo/prod-5.svg,
7791000007337,Nutrivida Loratadina 10mg x50 comp,17750,,,5,,128
7791000007344,Puravit Aceite corporal nutritivo 125ml piel seca,65100,,,5,,
7791000007351,Activlife ZMA x90 caps pack x2,50950,,,5,,155
7791000007368,Activlife ZMA x90 caps sabor neutro,22800,32550,,5,,
7791000007375,Activlife Gel anticelulítico 200ml piel mixta,14100,,,5,,183
7791000007382,Nutrivida Lansoprazol 30mg,2350,,,5,,179
7791000007399,Activlife Magnesio 400mg x10 comp,18300,28150,Oferta,5,,
7791000007405,Nutrivida Coenzima Q10 x30 caps,40700,,,5,,
7791000007412,Vigorplus Aspirina 500mg,7350,9800,,5,,217
7791000007429,Puravit Crema facial hidratante 50g,56200,93650,,5,,
7791000007436,Puravit Protector solar FPS 30 200ml,7000,,,5,,
7791000007443,Nutrivida Ibuprofeno 600mg x30 comp,15150,,,5,,239
7791000007450,Vigorplus Antiacido masticable x20 comp,5550,,,5,,
7791000007467,Vigorplus Serum vitamina C 30ml piel sensible,38500,,,5,,
7791000007474,Vigorplus Crema facial hidratante 50g piel sensible,23750,,,5,,
7791000007481,Activlife Paracetamol 1g x50 comp,2300,,,5,,
7791000007498,Vigorplus Gel de limpieza facial 150ml piel sensible,6150,8800,Oferta,5,,106
7791000007504,Activlife Antiacido masticable x50 comp,8600,,,5,,90
7791000007511,Nutrivida Serum ácido hialurónico 30ml piel seca,51600,,,5,,
7791000007528,Activlife Lansoprazol 30mg x20 comp,3250,4650,,5,,96
7791000007535,Puravit Aceite corporal nutritivo 125ml piel sensible,23650,29550,,5,,93
7791000007542,Vigorplus Diclofenac gel 60g x10 comp,2750,,,5,,232
7791000007559,Puravit Barritas proteicas caja x12 premium,18300,,,5,,
7791000007566,Nutrivida Multivitamínico adultos x60 premium,9600,,,5,,61
7791000007573,Nutrivida Locion post solar 200ml piel seca,18750,,,5,,
7791000007580,Puravit Barritas proteicas caja x12,31600,,,5,,
7791000007597,Puravit Melatonina 3mg x20 comp,3900,,,5,,
7791000007603,Vigorplus Ginseng coreano x30 caps,56400,,,5,,
7791000007610,Nutrivida Magnesio 400mg x10 comp,12550,15700,,5,,0
7791000007627,Puravit Spray nasal descongestivo 20ml x50 comp,11400,,,5,/img/demo/prod-3.svg,
7791000007634,Activlife Crema corporal reparadora 300ml,10550,,,5,,
7791000007641,Nutrivida Ginseng coreano x30 caps premium,33850,,,5,,
7791000007658,Puravit Gel anticelulítico 200ml piel sensible,6950,,,5,,65
7791000007665,Activlife Crema antiage noche 50g piel mixta,19750,,,5,/img/demo/prod-1.svg,96
7791000007672,Puravit Protector solar facial FPS 50 50ml,13700,,,5,,
7791000007689,Nutrivida Exfoliante facial 100g piel seca,28700,,,5,/img/demo/prod-3.svg,
7791000007696,Puravit Crema corporal reparadora 300ml piel sensible,43050,,,5,,247
7791000007702,Puravit Maca andina en polvo 250g,28300,,,5,,
7791000007719,Nutrivida Protector solar FPS 30 200ml piel seca,50600,,,5,/img/demo/prod-2.svg,
7791000007726,Activlife Levadura de cerveza 500g premium,9900,13200,,5,,120
7791000007733,Vigorplus Proteína vegetal 750g sabor neutro,51900,,,5,,
7791000007740,Nutrivida Pre-entreno frutos rojos 300g pack x2,49950,,,5,,
7791000007757,Puravit Exfoliante facial 100g piel mixta,20100,,,5,,46
7791000007764,Nutrivida Roll-on ojeras 15ml piel sensible,23450,26050,,5,/img/demo/prod-7.svg,
7791000007771,Nutrivida Gel de limpieza facial 150ml piel mixta,23250,,,5,,
7791000007788,Puravit Ginseng coreano x30 caps premium,45050,,,5,,
7791000007795,Activlife Melatonina 3mg x10 comp,15850,,2x1,5,,
7791000007801,Puravit Gotas oftálmicas lubricantes 15ml x30 comp,4400,5850,Oferta,5,/img/demo/prod-1.svg,18
7791000007818,Nutrivida Omega 3 1000mg x60 caps sabor neutro,74900,,,5,,219
7791000007825,Puravit ZMA x90 caps premium,32000,,,5,,220
7791000007832,Vigorplus Sales de rehidratación oral,10700,,,5,,
7791000007849,Puravit Complejo B x20 comp,18700,,,5,,59
7791000007856,Puravit BCAA 2:1:1 x120 caps pack x2,83100,110800,,5,,
7791000007863,Activlife Bálsamo labial FPS 30 piel mixta,22150,,,5,,
7791000007870,Nutrivida Creatina monohidrato 300g sabor neutro,23450,,,5,,51
7791000007887,Vigorplus Spray nasal descongestivo 20ml,8700,11600,,5,,230
7791000007894,Puravit Omega 3 1000mg x60 caps pack x2,11300,,,5,,
7791000007900,Vigorplus Cetirizina 10mg,10800,,,5,,149
7791000007917,Activlife Serum ácido hialurónico 30ml piel seca,24850,,,5,,130
7791000007924,Puravit Ibuprofeno 400mg,7350,,,5,,
7791000007931,Vigorplus Complejo B x50 comp,2250,,,5,,29
7791000007948,Vigorplus Máscara facial hidratante 75ml piel mixta,7300,,,5,,
7791000007955,Vigorplus Levadura de cerveza 500g pack x2,30000,,,5,,
7791000007962,Nutrivida Máscara facial hidratante 75ml piel sensible,16650,,,5,,28
7791000007979,Vigorplus Crema antiage noche 50g piel mixta,19100,38200,Oferta,5,,115
7791000007986,Nutrivida Crema facial hidratante 50g piel seca,45600,,,5,,
7791000007993,Nutrivida Creatina monohidrato 300g,18100,,,5,,
7791000008006,Vigorplus Té digestivo hierbas serranas x50 comp,19500,,,5,,161
7791000008013,Activlife Jarabe expectorante infantil 120ml x30 comp,8050,,,5,,
7791000008020,Vigorplus Locion post solar 200ml piel sensible,7150,,,5,/img/demo/prod-5.svg,0
7791000008037,Nutrivida Agua micelar 400ml piel mixta,15700,31400,,5,,
7791000008044,Nutrivida Loratadina 10mg,5450,,,5,,135
7791000008051,Activlife Hierro + ácido fólico x50 comp,16100,17900,Oferta,5,,9
7791000008068,Nutrivida Coenzima Q10 x30 caps sabor neutro,32100,,,5,,97
7791000008075,Nutrivida Protector solar FPS 50 200ml piel mixta,15550,,,5,,191
7791000008082,Puravit Omeprazol 20mg x30 comp,15500,,,5,,27
7791000008099,Vigorplus Antiacido masticable x30 comp,2300,,,5,,
7791000008105,Nutrivida Espirulina x90 comp pack x2,66800,,,5,,155
7791000008112,Activlife Multivitamínico 50+ x60 sabor neutro,84500,,Lanzamiento,5,,
7791000008129,Nutrivida Crema despigmentante 30g piel mixta,56500,,Lanzamiento,5,,0
7791000008136,Activlife Serum vitamina C 30ml piel seca,7650,,,5,,0
7791000008143,Vigorplus Coenzima Q10 x30 caps pack x2,71800,,,5,,
7791000008150,Activlife Proteína whey chocolate 1kg premium,10950,,,5,/img/demo/prod-6.svg,
7791000008167,Puravit BCAA 2:1:1 x120 caps sabor neutro,42650,,,5,/img/demo/prod-2.svg,
7791000008174,Activlife Jarabe para la tos adultos 120ml x20 comp,10950,,,5,/img/demo/prod-1.svg,123
7791000008181,Nutrivida Serum ácido hialurónico 30ml piel mixta,8300,,,5,,
7791000008198,Vigorplus BCAA 2:1:1 x120 caps pack x2,37500,,,5,,39
7791000008204,Vigorplus Contorno de ojos 15ml piel seca,30600,40800,Oferta,5,,198
7791000008211,Activlife Colágeno hidrolizado 300g pack x2,39200,,,5,,
7791000008228,Puravit ZMA x90 caps sabor neutro,11900,,,5,,98
7791000008235,Vigorplus Caramelos de propóleo x30 comp,2200,,,5,,82
7791000008242,Nutrivida Colágeno hidrolizado 300g pack x2,39750,,,5,,
7791000008259,Activlife BCAA 2:1:1 x120 caps sabor neutro,36650,,,5,,
7791000008266,Nutrivida Serum ácido hialurónico 30ml piel sensible,56100,,,5,,
7791000008273,Genbio Sales de rehidratación oral x30 comp,10450,,,6,,
7791000008280,Genbio Gel de limpieza facial 150ml piel mixta,12850,,,6,,
7791000008297,Puravit Crema para dolores musculares 100g x30 comp,10050,11150,,6,,
7791000008303,Puravit Serum vitamina C 30ml piel sensible,35350,,,6,/img/demo/prod-2.svg,
7791000008310,Genbio Aspirina 500mg x20 comp,12400,,,6,,27
7791000008327,Puravit Exfoliante facial 100g piel mixta,16600,,,6,,
7791000008334,Puravit Complejo B x50 comp,21300,,,6,,154
7791000008341,Genbio Multivitamínico 50+ x60,45050,,,6,,
7791000008358,Genbio Caramelos de propóleo x10 comp,5700,,,6,,
7791000008365,Serenol Aceite corporal nutritivo 125ml piel mixta,13150,,,6,,
7791000008372,Serenol Contorno de ojos 15ml,26550,,,6,,
7791000008389,Nutrivida Hierro + ácido fólico,9950,11700,,6,,
7791000008396,Puravit Ginkgo biloba x60 comp premium,45450,,,6,,133
7791000008402,Serenol Crema corporal reparadora 300ml piel mixta,34850,,,6,,
7791000008419,Genbio Locion post solar 200ml,11900,,,6,,
7791000008426,Serenol Cetirizina 10mg x50 comp,23250,,,6,,152
7791000008433,Nutrivida Protector solar FPS 50 200ml piel mixta,48200,,,6,,166
7791000008440,Nutrivida Gel de limpieza facial 150ml,6250,,,6,,
7791000008457,Puravit Diclofenac gel 60g x10 comp,6200,,,6,,
7791000008464,Puravit Té digestivo hierbas serranas x10 comp,5850,,,6,/img/demo/prod-6.svg,85
7791000008471,Genbio Agua micelar 400ml piel sensible,19050,,,6,,75
7791000008488,Serenol Carbón activado x10 comp,13550,,,6,/img/demo/prod-3.svg,0
7791000008495,Nutrivida Protector solar FPS 50 200ml,12450,20750,Oferta,6,,
7791000008501,Serenol Ginkgo biloba x60 comp,9050,,,6,,202
7791000008518,Genbio Locion post solar 200ml piel sensible,14600,,,6,,
7791000008525,Genbio Ginseng coreano x30 caps,17700,,,6,,194
7791000008532,Nutrivida Barritas proteicas caja x12 pack x2,37200,,,6,/img/demo/prod-6.svg,230
7791000008549,Serenol Crema para manos 75ml piel sensible,39200,,,6,,
7791000008556,Nutrivida Espirulina x90 comp sabor neutro,99850,,,6,,
7791000008563,Serenol Multivitamínico adultos x60 sabor neutro,56950,,,6,,31
7791000008570,Serenol Proteína vegetal 750g pack x2,49550,,2x1,6,,180
7791000008587,Nutrivida Té digestivo hierbas serranas,1850,,,6,,
7791000008594,Serenol Locion post solar 200ml piel mixta,6200,,,6,,193
7791000008600,Serenol Melatonina 3mg,5450,,,6,,
7791000008617,Genbio Ibuprofeno 600mg x50 comp,3350,,,6,,249
7791000008624,Serenol Locion post solar 200ml piel sensible,30400,,,6,,203
7791000008631,Genbio Gel anticelulítico 200ml piel mixta,57050,,,6,,
7791000008648,Genbio Locion post solar 200ml piel mixta,46250,,,6,,
7791000008655,Serenol Magnesio 400mg x30 comp,3850,,,6,,44
7791000008662,Genbio Lansoprazol 30mg x30 comp,5450,,,6,,225
7791000008679,Puravit Glutamina 300g,29500,,,6,,
7791000008686,Puravit Aceite corporal nutritivo 125ml piel seca,6600,,,6,/img/demo/prod-2.svg,
7791000008693,Serenol Antiacido masticable x30 comp,14500,,,6,,
7791000008709,Serenol Paracetamol 1g x50 comp,5450,,,6,,
7791000008716,Genbio Sales de rehidratación oral,5550,,,6,/img/demo/prod-3.svg,75
7791000008723,Nutrivida Diclofenac gel 60g x50 comp,1900,,,6,/img/demo/prod-4.svg,149
7791000008730,Nutrivida Crema facial hidratante 50g piel sensible,18150,,,6,,104
7791000008747,Nutrivida Melatonina 3mg x10 comp,19450,,,6,,
7791000008754,Nutrivida Crema para dolores musculares 100g x20 comp,7400,,,6,,237
7791000008761,Nutrivida Aspirina 500mg x10 comp,7050,,,6,,8
7791000008778,Puravit Multivitamínico adultos x60,18700,,,6,,
7791000008785,Nutrivida Gel anticelulítico 200ml piel seca,27700,,,6,,
7791000008792,Serenol Crema facial hidratante 50g piel sensible,50700,59650,,6,,
7791000008808,Genbio Máscara facial hidratante 75ml,7450,,,6,,159
7791000008815,Puravit Crema para manos 75ml piel mixta,23500,,,6,,2
7791000008822,Puravit Agua micelar 400ml piel sensible,13550,,,6,,12
7791000008839,Nutrivida Maca andina en polvo 250g sabor neutro,39800,61250,Oferta,6,,
7791000008846,Serenol Caseína micelar 900g sabor neutro,10400,,,6,,
7791000008853,Genbio Espirulina x90 comp pack x2,51750,,,6,,0
7791000008860,Puravit Gel anticelulítico 200ml,32550,,,6,/img/demo/prod-6.svg,
7791000008877,Genbio Proteína whey vainilla 1kg premium,43500,,,6,,
7791000008884,Puravit Bálsamo labial FPS 30,39850,,,6,/img/demo/prod-8.svg,241
7791000008891,Puravit Ibuprofeno 600mg x10 comp,3250,,,6,,
7791000008907,Puravit Agua micelar 400ml piel seca,9500,,,6,/img/demo/prod-7.svg,207
7791000008914,Nutrivida Ginkgo biloba x60 comp sabor neutro,30950,,,6,,
7791000008921,Puravit Antiacido masticable x10 comp,4650,,,6,,
7791000008938,Nutrivida Protector solar FPS 30 200ml piel mixta,21500,,,6,,130
7791000008945,Puravit Crema antiage noche 50g,7050,,,6,,55
7791000008952,Genbio Complejo B x10 comp,5900,,,6,,7
7791000008969,Genbio Crema antiage noche 50g piel mixta,50150,,,6,,193
7791000008976,Puravit Proteína whey vainilla 1kg premium,68450,,,6,,11
7791000008983,Serenol Aspirina 500mg x10 comp,1950,,,6,,
7791000008990,Genbio Proteína vegetal 750g,50100,,,6,,
7791000009003,Puravit Ibuprofeno 400mg x30 comp,21550,,,6,,46
7791000009010,Nutrivida BCAA 2:1:1 x120 caps pack x2,34300,,,6,,78
7791000009027,Puravit Crema despigmentante 30g piel seca,40200,,Lanzamiento,6,,
7791000009034,Serenol Aspirina 500mg x30 comp,4550,,,6,,
7791000009041,Serenol Gotas oftálmicas lubricantes 15ml x30 comp,13100,14550,,6,,
7791000009058,Puravit Protector solar FPS 50 200ml piel sensible,60300,70950,,6,,
7791000009065,Serenol Proteína vegetal 750g sabor neutro,31500,,,6,,
7791000009072,Nutrivida Gel de limpieza facial 150ml piel mixta,13850,,,6,,
7791000009089,Nutrivida Ibuprofeno 400mg x20 comp,19250,,,6,,
7791000009096,Genbio Gotas oftálmicas lubricantes 15ml x20 comp,15200,,,6,,
7791000009102,Genbio Levadura de cerveza 500g premium,114250,,,6,,14
7791000009119,Genbio Máscara facial hidratante 75ml piel mixta,6650,,,6,,165
7791000009126,Serenol Gel de limpieza facial 150ml piel sensible,33000,,,6,,
7791000009133,Genbio Omega 3 1000mg x60 caps,25050,,,6,,
7791000009140,Serenol Cetirizina 10mg,2150,,,6,,184
7791000009157,Nutrivida Glutamina 300g pack x2,50000,55550,Oferta,6,,9
7791000009164,Serenol Aspirina 500mg x50 comp,3100,,,6,,191
7791000009171,Serenol Lansoprazol 30mg x50 comp,5500,,,6,,
7791000009188,Genbio Multivitamínico 50+ x60 pack x2,43100,,2x1,6,,146
7791000009195,Genbio Antiacido masticable x10 comp,2150,,,6,,121
7791000009201,Nutrivida Magnesio 400mg,5000,7150,Oferta,6,,
7791000009218,Serenol Barritas proteicas caja x12 pack x2,24700,,,6,,
7791000009225,Nutrivida Vitamina C 500mg efervescente x30 comp,18350,,,6,,213
7791000009232,Puravit Proteína whey vainilla 1kg pack x2,102100,,,6,,
7791000009249,Puravit Omega 3 1000mg x60 caps pack x2,28250,,,6,,0
7791000009256,Genbio Protector solar facial FPS 50 50ml piel mixta,12600,16800,,6,,113
7791000009263,Nutrivida Jarabe expectorante infantil 120ml,2550,3900,,6,,14
7791000009270,Puravit Pre-entreno frutos rojos 300g sabor neutro,18800,,,6,,
7791000009287,Genbio Serum ácido hialurónico 30ml piel mixta,14400,,,6,,240
7791000009294,Serenol Exfoliante facial 100g piel sensible,30850,,,6,/img/demo/prod-5.svg,26
7791000009300,Serenol Espirulina x90 comp pack x2,64600,,,6,,
7791000009317,Puravit Proteína vegetal 750g sabor neutro,9300,,,6,,
7791000009324,Serenol Serum ácido hialurónico 30ml piel seca,35550,,,6,,
7791000009331,Serenol Glutamina 300g premium,18350,,,6,,136
7791000009348,Puravit Caseína micelar 900g sabor neutro,18450,,Combo,6,,51
7791000009355,Puravit Vitamina C 500mg efervescente x10 comp,2050,4100,Oferta,6,,235
7791000009362,Puravit Aspirina 500mg x10 comp,16800,,,6,,
7791000009379,Serenol Crema para manos 75ml,28750,,,6,/img/demo/prod-6.svg,
7791000009386,Puravit Protector solar FPS 50 200ml piel seca,36100,,,6,,130
7791000009393,Genbio Loratadina 10mg x10 comp,5350,,Combo,6,,
7791000009409,Puravit Spray nasal descongestivo 20ml x20 comp,7200,,,6,,211
7791000009416,Nutrivida Contorno de ojos 15ml,23300,35850,,6,,
7791000009423,Serenol Caseína micelar 900g,24400,,,6,,130
7791000009430,Nutrivida Spray nasal descongestivo 20ml x50 comp,4000,8000,,6,,94
7791000009447,Nutrivida Maca andina en polvo 250g,17750,19700,,6,,64
7791000009454,Serenol Gotas oftálmicas lubricantes 15ml,4150,,,6,,
7791000009461,Nutrivida Antiacido masticable,5750,7650,,6,,
7791000009478,Serenol Coenzima Q10 x30 caps,18550,,,6,,
7791000009485,Puravit Carbón activado x30 comp,10850,16700,Oferta,6,,
7791000009492,Genbio Cetirizina 10mg x20 comp,3800,4200,,6,,135
7791000009508,Nutrivida ZMA x90 caps,32850,,,6,,
7791000009515,Puravit Roll-on ojeras 15ml piel mixta,10650,,,6,,
7791000009522,Nutrivida Roll-on ojeras 15ml piel mixta,41350,,,6,,53
7791000009539,Serenol Crema para dolores musculares 100g x10 comp,9450,11800,,6,,189
7791000009546,Puravit Levadura de cerveza 500g sabor neutro,44700,,,6,,
7791000009553,Puravit Protector solar FPS 30 200ml piel seca,35450,47250,,6,,
7791000009560,Serenol Jarabe expectorante infantil 120ml x50 comp,23600,,,6,,
7791000009577,Nutrivida Complejo B x20 comp,2950,,,6,/img/demo/prod-4.svg,4
7791000009584,Genbio Barritas proteicas caja x12,70750,,,6,,0
7791000009591,Genbio Paracetamol 1g x30 comp,18400,,,6,,
7791000009607,Nutrivida Agua micelar 400ml piel sensible,14850,,,6,,233
7791000009614,Serenol Protector solar FPS 30 200ml piel seca,28000,,,6,,211
7791000009621,Genbio BCAA 2:1:1 x120 caps,59700,74650,Oferta,6,,
7791000009638,Nutrivida Omeprazol 20mg,6600,8250,Oferta,6,,
7791000009645,Genbio Carbón activado,4450,,,6,,0
7791000009652,Nutrivida Crema antiage noche 50g piel mixta,11200,,,6,,206
7791000009669,Serenol Crema corporal reparadora 300ml piel seca,27700,,,6,,
7791000009676,Genbio Ginkgo biloba x60 comp premium,32750,,,6,,108
7791000009683,Puravit Proteína whey chocolate 1kg,54700,,,6,,
7791000009690,Puravit Creatina monohidrato 300g premium,56200,,,6,,132
7791000009706,Genbio Magnesio 400mg,9850,,,6,,
7791000009713,Genbio Protector solar FPS 50 200ml piel mixta,14700,,,6,,163
7791000009720,Genbio Magnesio 400mg x10 comp,3650,,,6,,48
7791000009737,Nutrivida Caramelos de propóleo x20 comp,4650,5150,Oferta,6,,113
7791000009744,Puravit Crema despigmentante 30g piel mixta,17750,,,6,/img/demo/prod-5.svg,
7791000009751,Genbio Roll-on ojeras 15ml,14600,,,6,,167
7791000009768,Naturalis Crema facial hidratante 50g piel seca,7200,,,7,,
7791000009775,Vitalfar Aspirina 500mg x10 comp,2800,,,7,/img/demo/prod-5.svg,
7791000009782,Nutrivida Crema facial hidratante 50g piel sensible,64250,,,7,/img/demo/prod-2.svg,200
7791000009799,Nutrivida Contorno de ojos 15ml,36650,,,7,,
7791000009805,Fortex Crema antiage noche 50g piel mixta,11400,,,7,,
7791000009812,Naturalis Máscara facial hidratante 75ml piel mixta,27350,,,7,,
7791000009829,Fortex Máscara facial hidratante 75ml piel sensible,68600,80700,,7,,
7791000009836,Nutrivida Pre-entreno frutos rojos 300g pack x2,25600,,,7,/img/demo/prod-2.svg,12
7791000009843,Vitalfar Ibuprofeno 600mg x30 comp,2050,2950,,7,,211
7791000009850,Vitalfar Glutamina 300g premium,51200,,,7,,
7791000009867,Naturalis Exfoliante facial 100g piel seca,9450,,,7,,
7791000009874,Nutrivida Gotas oftálmicas lubricantes 15ml,13700,,,7,,209
7791000009881,Vitalfar Ginkgo biloba x60 comp,92650,,,7,,151
7791000009898,Nutrivida Aspirina 500mg x30 comp,14850,,,7,,164
7791000009904,Fortex Melatonina 3mg x50 comp,1900,,,7,,
7791000009911,Vitalfar Protector solar FPS 30 200ml,64850,,,7,,
7791000009928,Naturalis Crema para dolores musculares 100g x50 comp,19800,,,7,,101
7791000009935,Vitalfar Máscara facial hidratante 75ml,24100,,,7,,124
7791000009942,Fortex Levadura de cerveza 500g pack x2,43950,67600,,7,,
7791000009959,Naturalis Crema facial hidratante 50g piel mixta,47400,,,7,,206
7791000009966,Fortex Diclofenac gel 60g,2000,,,7,,
7791000009973,Naturalis Ginkgo biloba x60 comp pack x2,18750,,,7,,103
7791000009980,Naturalis Antiacido masticable x20 comp,15250,,,7,,
7791000009997,Fortex Jarabe expectorante infantil 120ml,6000,,,7,,88
7791000010009,Vitalfar Caramelos de propóleo,2150,,,7,,166
7791000010016,Fortex Té digestivo hierbas serranas x50 comp,4600,,,7,,64
7791000010023,Fortex Maca andina en polvo 250g pack x2,22350,,3x2,7,,
7791000010030,Naturalis Creatina monohidrato 300g premium,51100,,,7,,
7791000010047,Naturalis Multivitamínico adultos x60 pack x2,90950,,,7,,
7791000010054,Nutrivida Roll-on ojeras 15ml,58700,,,7,/img/demo/prod-4.svg,
7791000010061,Vitalfar Omega 3 1000mg x60 caps pack x2,59950,,,7,,
7791000010078,Fortex Locion post solar 200ml,24500,,,7,,
7791000010085,Nutrivida Serum vitamina C 30ml piel seca,15850,,,7,,181
7791000010092,Naturalis Exfoliante facial 100g piel mixta,58400,,,7,,
7791000010108,Vitalfar Gel de limpieza facial 150ml piel sensible,8400,,,7,,
7791000010115,Nutrivida Proteína whey chocolate 1kg pack x2,19750,,,7,,
7791000010122,Naturalis Serum vitamina C 30ml,8500,11350,,7,/img/demo/prod-4.svg,167
7791000010139,Vitalfar Coenzima Q10 x30 caps,21150,,,7,,
7791000010146,Vitalfar Complejo B x30 comp,8450,9950,Oferta,7,/img/demo/prod-7.svg,39
7791000010153,Fortex Complejo B x50 comp,1950,,,7,,
7791000010160,Naturalis Glutamina 300g sabor neutro,39150,,,7,/img/demo/prod-1.svg,
7791000010177,Fortex Té digestivo hierbas serranas x30 comp,3500,,,7,,
7791000010184,Vitalfar Loratadina 10mg x10 comp,22800,,,7,,
7791000010191,Naturalis Pre-entreno frutos rojos 300g,9200,,,7,,197
7791000010207,Nutrivida Crema para manos 75ml,7100,,2x1,7,/img/demo/prod-1.svg,69
7791000010214,Vidaplen Aceite corporal nutritivo 125ml,49600,70850,Oferta,8,,
7791000010221,Genbio Ginseng coreano x30 caps sabor neutro,52200,80300,,8,,
7791000010238,Vidaplen Proteína whey vainilla 1kg sabor neutro,25150,,,8,,
7791000010245,Genbio Protector solar FPS 30 200ml piel mixta,18750,,,8,,
7791000010252,Biofem Crema antiage noche 50g piel mixta,26250,,,8,,
7791000010269,Biofem Multivitamínico 50+ x60 sabor neutro,15700,19650,Oferta,8,,77
7791000010276,Vidaplen Diclofenac gel 60g x20 comp,7550,,,8,,242
7791000010283,Genbio Pre-entreno frutos rojos 300g,14750,17350,Oferta,8,,148
7791000010290,Puravit Exfoliante facial 100g,8850,,,8,,235
7791000010306,Puravit Gel de limpieza facial 150ml,47300,,,8,,
7791000010313,Biofem Ibuprofeno 400mg x30 comp,3450,,,8,,
7791000010320,Puravit Protector solar FPS 30 200ml piel sensible,15250,,,8,/img/demo/prod-5.svg,0
7791000010337,Genbio Máscara facial hidratante 75ml piel mixta,40950,,,8,,
7791000010344,Puravit Vitamina C 500mg efervescente,3100,,,8,/img/demo/prod-5.svg,0
7791000010351,Genbio Hierro + ácido fólico,4900,,,8,,87
7791000010368,Puravit Crema para dolores musculares 100g x50 comp,2300,,,8,,42
7791000010375,Vidaplen Contorno de ojos 15ml,19500,,,8,,224
7791000010382,Vidaplen Protector solar FPS 50 200ml piel seca,51250,,,8,,
7791000010399,Biofem Omega 3 1000mg x60 caps premium,41050,,,8,/img/demo/prod-6.svg,130
7791000010405,Biofem Bálsamo labial FPS 30 piel sensible,62150,,,8,,
7791000010412,Vidaplen Colágeno hidrolizado 300g pack x2,9050,12050,Oferta,8,,204
7791000010429,Genbio Antiacido masticable,2300,,,8,,58
7791000010436,Biofem Pre-entreno frutos rojos 300g sabor neutro,41250,,2x1,8,/img/demo/prod-7.svg,96
7791000010443,Genbio Creatina monohidrato 300g premium,38650,,Combo,8,,181
7791000010450,Genbio Roll-on ojeras 15ml,23200,,,8,,
7791000010467,Vidaplen Caramelos de propóleo x30 comp,2300,,,8,,
7791000010474,Puravit Jarabe para la tos adultos 120ml x10 comp,12150,,,8,,206
7791000010481,Genbio Creatina monohidrato 300g pack x2,11800,,,8,,6
7791000010498,Biofem Ginkgo biloba x60 comp premium,13150,,,8,,18
7791000010504,Biofem Magnesio 400mg,10250,,,8,,239
7791000010511,Genbio Proteína whey chocolate 1kg,20200,,,8,,
7791000010528,Genbio Agua micelar 400ml piel seca,6500,,,8,,193
7791000010535,Puravit Multivitamínico adultos x60,11150,,,8,,12
7791000010542,Puravit Proteína whey vainilla 1kg sabor neutro,21950,,,8,/img/demo/prod-8.svg,73
7791000010559,Puravit Cetirizina 10mg x20 comp,19900,23400,,8,,99
7791000010566,Genbio Loratadina 10mg x20 comp,1900,,,8,,
7791000010573,Biofem Maca andina en polvo 250g pack x2,86300,,,8,,41
7791000010580,Genbio Hierro + ácido fólico x10 comp,3600,,,8,,
7791000010597,Biofem Té digestivo hierbas serranas x10 comp,20650,,,8,,
7791000010603,Vidaplen Serum ácido hialurónico 30ml piel seca,31200,,,8,,95
7791000010610,Biofem Barritas proteicas caja x12 premium,26650,,,8,,
7791000010627,Vidaplen Omega 3 1000mg x60 caps premium,39850,,,8,,241
7791000010634,Biofem BCAA 2:1:1 x120 caps sabor neutro,117650,,,8,,52
7791000010641,Biofem Glutamina 300g,68650,80750,Oferta,8,,
7791000010658,Genbio Pre-entreno frutos rojos 300g sabor neutro,56600,,,8,,2
7791000010665,Biofem Caseína micelar 900g premium,12900,,,8,,106
7791000010672,Genbio Bálsamo labial FPS 30 piel mixta,32850,,,8,,71
7791000010689,Biofem Jarabe para la tos adultos 120ml x10 comp,14700,,,8,,
7791000010696,Biofem Aspirina 500mg x50 comp,7350,,,8,,
7791000010702,Vidaplen Magnesio 400mg x10 comp,24700,,,8,/img/demo/prod-1.svg,234
7791000010719,Puravit BCAA 2:1:1 x120 caps,12900,,,8,,37
7791000010726,Biofem Aspirina 500mg x20 comp,6400,,Combo,8,,
7791000010733,Puravit Paracetamol 1g x50 comp,6450,,,8,,229
7791000010740,Biofem Creatina monohidrato 300g premium,39550,49450,Oferta,8,,179
7791000010757,Vidaplen Protector solar FPS 50 200ml piel mixta,43550,,,8,,
7791000010764,Biofem ZMA x90 caps pack x2,9100,,Combo,8,,
7791000010771,Vidaplen Omeprazol 20mg x20 comp,4750,5600,,8,,
7791000010788,Genbio Paracetamol 500mg x10 comp,12650,,,8,,214
7791000010795,Puravit Creatina monohidrato 300g,9900,,,8,,
7791000010801,Biofem Exfoliante facial 100g piel seca,25350,31700,,8,,43
7791000010818,Vidaplen Levadura de cerveza 500g,25650,,,8,,141
7791000010825,Vidaplen Crema despigmentante 30g,31350,,,8,,117
7791000010832,Genbio Multivitamínico adultos x60 premium,19800,,,8,,144
7791000010849,Biofem Contorno de ojos 15ml piel seca,32400,,,8,,
7791000010856,Vidaplen Lansoprazol 30mg x10 comp,7450,,,8,,120
7791000010863,Puravit Máscara facial hidratante 75ml piel seca,10600,,,8,,
7791000010870,Puravit Serum vitamina C 30ml,47250,,,8,/img/demo/prod-6.svg,16
7791000010887,Puravit Loratadina 10mg x10 comp,18450,,,8,,
7791000010894,Puravit Aspirina 500mg x10 comp,1900,,,8,,194
7791000010900,Puravit Diclofenac gel 60g x30 comp,4100,,,8,,131
7791000010917,Biofem Espirulina x90 comp,36900,52700,,8,,80
7791000010924,Puravit Crema para manos 75ml piel mixta,26850,,,8,,23
7791000010931,Biofem Antiacido masticable x20 comp,21450,,,8,,107
7791000010948,Genbio Creatina monohidrato 300g sabor neutro,29200,,,8,/img/demo/prod-6.svg,
7791000010955,Biofem Gotas oftálmicas lubricantes 15ml x50 comp,13750,,,8,,117
7791000010962,Biofem Protector solar facial FPS 50 50ml piel mixta,6350,,,8,,
7791000010979,Biofem Crema despigmentante 30g piel seca,58000,,,8,,
7791000010986,Vidaplen Multivitamínico adultos x60,50900,,,8,,221
7791000010993,Biofem Crema corporal reparadora 300ml piel seca,10950,,3x2,8,,
7791000011006,Biofem Jarabe expectorante infantil 120ml x30 comp,7850,,,8,,
7791000011013,Vidaplen Levadura de cerveza 500g premium,50300,,,8,,30
7791000011020,Vidaplen Serum vitamina C 30ml piel sensible,34250,,3x2,8,/img/demo/prod-6.svg,0
7791000011037,Biofem Melatonina 3mg x10 comp,6300,,,8,,173
7791000011044,Puravit Crema para dolores musculares 100g,2250,,,8,,192
7791000011051,Genbio Levadura de cerveza 500g sabor neutro,27400,,Combo,8,,
7791000011068,Biofem Lansoprazol 30mg x20 comp,1850,2450,,8,,0
7791000011075,Biofem Locion post solar 200ml piel seca,41050,,,8,,249
7791000011082,Biofem Té digestivo hierbas serranas,13000,,,8,,233
7791000011099,Vidaplen Espirulina x90 comp,111350,,,8,,109
7791000011105,Vidaplen Jarabe para la tos adultos 120ml x20 comp,13250,,,8,,86
7791000011112,Puravit Proteína vegetal 750g premium,38150,,Combo,8,,0
7791000011129,Genbio Omega 3 1000mg x60 caps sabor neutro,83050,,,8,,
7791000011136,Biofem Proteína whey vainilla 1kg,65250,,,8,,32
7791000011143,Puravit Antiacido masticable x10 comp,5250,,,8,,44
7791000011150,Vidaplen Jarabe expectorante infantil 120ml x20 comp,2450,,,8,,6
7791000011167,Biofem Crema antiage noche 50g piel sensible,43650,,3x2,8,,154
7791000011174,Genbio Proteína vegetal 750g premium,29600,,,8,,220
7791000011181,Genbio Locion post solar 200ml piel mixta,30400,,,8,,117
7791000011198,Puravit Crema facial hidratante 50g piel sensible,30150,,,8,,
7791000011204,Biofem Lansoprazol 30mg x50 comp,4150,8300,Oferta,8,,
7791000011211,Puravit Hierro + ácido fólico x50 comp,14000,,,8,,
7791000011228,Puravit ZMA x90 caps,42400,,,8,,
7791000011235,Vidaplen Coenzima Q10 x30 caps pack x2,10900,,,8,,125
7791000011242,Genbio Vitamina C 500mg efervescente x50 comp,2950,,,8,/img/demo/prod-6.svg,
7791000011259,Puravit Pre-entreno frutos rojos 300g sabor neutro,14700,,,8,,
7791000011266,Puravit Serum vitamina C 30ml piel sensible,15400,,,8,,169
7791000011273,Genbio Cetirizina 10mg x50 comp,24400,28700,,8,,
7791000011280,Vidaplen Hierro + ácido fólico x50 comp,2850,,,8,/img/demo/prod-7.svg,36
7791000011297,Vidaplen Maca andina en polvo 250g pack x2,40150,,,8,,232
7791000011303,Vidaplen Colágeno hidrolizado 300g premium,11500,19150,Oferta,8,,146
7791000011310,Genbio Pre-entreno frutos rojos 300g pack x2,73550,,2x1,8,,129
7791000011327,Genbio Gel anticelulítico 200ml piel seca,16700,33400,Oferta,8,,122
7791000011334,Biofem Vitamina C 500mg efervescente,3000,,,8,,193
7791000011341,Biofem Agua micelar 400ml piel mixta,14400,,,8,,
7791000011358,Vidaplen Serum ácido hialurónico 30ml piel sensible,9050,15100,Oferta,8,,65
7791000011365,Genbio Melatonina 3mg x30 comp,3450,,,8,,213
7791000011372,Puravit Hierro + ácido fólico x30 comp,1900,,,8,,
7791000011389,Puravit Levadura de cerveza 500g sabor neutro,31500,39400,,8,/img/demo/prod-2.svg,
7791000011396,Puravit Multivitamínico adultos x60 premium,56700,,,8,,
7791000011402,Genbio Agua micelar 400ml piel mixta,6000,,,8,,
7791000011419,Genbio Maca andina en polvo 250g,38300,,,8,,
7791000011426,Genbio Aspirina 500mg x30 comp,10200,,3x2,8,,
7791000011433,Biofem Omega 3 1000mg x60 caps sabor neutro,15600,,,8,,
7791000011440,Puravit Bálsamo labial FPS 30 piel mixta,12650,,3x2,8,,93
7791000011457,Puravit Crema para manos 75ml piel seca,47600,,,8,,
7791000011464,Puravit Crema despigmentante 30g piel mixta,9600,,,8,,
7791000011471,Biofem Gel de limpieza facial 150ml,35200,,,8,,
7791000011488,Biofem Proteína vegetal 750g pack x2,83800,,,8,/img/demo/prod-5.svg,
7791000011495,Genbio Agua micelar 400ml,12300,17550,,8,/img/demo/prod-2.svg,
7791000011501,Biofem Caseína micelar 900g pack x2,17550,,,8,/img/demo/prod-1.svg,182
7791000011518,Genbio Colágeno hidrolizado 300g,11900,,,8,,26
7791000011525,Biofem Gel de limpieza facial 150ml piel seca,12750,,,8,,
7791000011532,Vidaplen Crema corporal reparadora 300ml,17800,,,8,,
7791000011549,Biofem Spray nasal descongestivo 20ml x20 comp,11300,17400,,8,,
7791000011556,Genbio Locion post solar 200ml piel sensible,10300,,,8,,
7791000011563,Vidaplen Pre-entreno frutos rojos 300g premium,11150,,,8,,
7791000011570,Kindel Ibuprofeno 600mg x10 comp,9350,,,9,,108
7791000011587,Kindel Barritas proteicas caja x12,27650,,,9,/img/demo/prod-3.svg,189
7791000011594,Solarmed Melatonina 3mg,12100,,,9,,155
7791000011600,Vitalfar Gel anticelulítico 200ml piel sensible,26850,,,9,,
7791000011617,Kindel Proteína vegetal 750g premium,55000,,,9,,
7791000011624,Solarmed Glutamina 300g premium,11900,,,9,,101
7791000011631,Kindel Crema facial hidratante 50g piel sensible,22700,,,9,,
7791000011648,Solarmed Multivitamínico 50+ x60 premium,56950,,,9,,
7791000011655,Solarmed Omega 3 1000mg x60 caps,24750,,,9,,
7791000011662,Puravit Multivitamínico adultos x60,9100,,,9,,3
7791000011679,Solarmed Ginseng coreano x30 caps sabor neutro,13500,,Combo,9,,132
7791000011686,Solarmed Magnesio 400mg x30 comp,3050,3800,,9,,
7791000011693,Vitalfar Multivitamínico adultos x60,25350,,,9,,
7791000011709,Solarmed Multivitamínico adultos x60,22200,37000,,9,,2
7791000011716,Vitalfar Locion post solar 200ml piel seca,84150,,,9,,
7791000011723,Vitalfar ZMA x90 caps premium,100550,,,9,,225
7791000011730,Puravit ZMA x90 caps pack x2,37050,,,9,,
7791000011747,Puravit Aceite corporal nutritivo 125ml,10850,,,9,,
7791000011754,Puravit Diclofenac gel 60g x50 comp,3350,,,9,,221
7791000011761,Kindel Multivitamínico adultos x60,49050,61300,,9,,
7791000011778,Kindel Protector solar facial FPS 50 50ml piel sensible,15550,,,9,,
7791000011785,Vitalfar Crema facial hidratante 50g piel seca,24700,,,9,/img/demo/prod-1.svg,
7791000011792,Vitalfar Magnesio 400mg x10 comp,3750,,3x2,9,,
7791000011808,Kindel Espirulina x90 comp,44300,,,9,,
7791000011815,Vitalfar Aceite corporal nutritivo 125ml piel mixta,10450,,,9,,50
7791000011822,Vitalfar Omeprazol 20mg x10 comp,3400,,,9,,66
7791000011839,Puravit Barritas proteicas caja x12 premium,48100,,,9,,153
7791000011846,Kindel BCAA 2:1:1 x120 caps premium,24350,,,9,,
7791000011853,Solarmed Spray nasal descongestivo 20ml x30 comp,6650,,,9,/img/demo/prod-8.svg,56
7791000011860,Vitalfar Protector solar FPS 50 200ml,51800,,,9,,
7791000011877,Puravit Crema antiage noche 50g piel sensible,33800,,,9,,
7791000011884,Solarmed Cetirizina 10mg x30 comp,19650,,,9,,70
7791000011891,Vitalfar Espirulina x90 comp,50800,,,9,,86
7791000011907,Kindel Gel de limpieza facial 150ml piel seca,42400,,,9,,52
7791000011914,Vitalfar Ibuprofeno 400mg x20 comp,2450,2700,,9,,167
7791000011921,Vitalfar Melatonina 3mg x20 comp,2800,,,9,,
7791000011938,Kindel Serum vitamina C 30ml piel seca,7750,,,9,,134
7791000011945,Solarmed Barritas proteicas caja x12 premium,17150,34300,,9,/img/demo/prod-8.svg,
7791000011952,Puravit Colágeno hidrolizado 300g,55000,68750,Oferta,9,,99
7791000011969,Puravit Contorno de ojos 15ml,29950,,,9,,
7791000011976,Solarmed Jarabe para la tos adultos 120ml x50 comp,11450,,,9,,
7791000011983,Vitalfar Exfoliante facial 100g piel seca,49150,57800,Oferta,9,,
7791000011990,Kindel Protector solar FPS 50 200ml piel seca,29500,32800,Oferta,9,,
7791000012003,Kindel Crema para manos 75ml piel sensible,22100,,,9,/img/demo/prod-2.svg,
7791000012010,Vitalfar Loratadina 10mg x10 comp,4500,,,9,,
7791000012027,Kindel Roll-on ojeras 15ml piel sensible,34400,,,9,,
7791000012034,Vitalfar Serum ácido hialurónico 30ml,75650,,,9,,
7791000012041,Kindel Aspirina 500mg x20 comp,8350,,,9,,223
7791000012058,Puravit Coenzima Q10 x30 caps premium,52450,,,9,,
7791000012065,Solarmed Magnesio 400mg,18700,,,9,,225
7791000012072,Puravit Crema antiage noche 50g piel seca,10450,,,9,/img/demo/prod-7.svg,
7791000012089,Vitalfar Colágeno hidrolizado 300g pack x2,55750,,,9,,
7791000012096,Kindel Crema facial hidratante 50g,26900,,,9,,
7791000012102,Kindel Coenzima Q10 x30 caps sabor neutro,11300,12550,,9,,43
7791000012119,Vitalfar Proteína whey vainilla 1kg sabor neutro,29850,59700,Oferta,9,,
7791000012126,Solarmed Cetirizina 10mg x10 comp,4050,,,9,/img/demo/prod-4.svg,
7791000012133,Puravit Magnesio 400mg x30 comp,11350,,Combo,9,,81
7791000012140,Kindel Exfoliante facial 100g piel seca,68350,,,9,,73
7791000012157,Solarmed Té digestivo hierbas serranas,11000,,,9,,
7791000012164,Kindel Diclofenac gel 60g x30 comp,20750,,,9,,
7791000012171,Vitalfar Locion post solar 200ml piel mixta,30250,,,9,,172
7791000012188,Vitalfar Ginseng coreano x30 caps premium,45250,56550,,9,/img/demo/prod-3.svg,
7791000012195,Vitalfar Ginkgo biloba x60 comp premium,18850,,,9,,
7791000012201,Kindel Ginkgo biloba x60 comp premium,42500,,,9,,
7791000012218,Puravit Spray nasal descongestivo 20ml,2450,,,9,,
7791000012225,Kindel Locion post solar 200ml piel seca,9150,18300,,9,,
7791000012232,Puravit Proteína vegetal 750g sabor neutro,11550,,3x2,9,,
7791000012249,Vitalfar Proteína whey chocolate 1kg sabor neutro,13050,,,9,/img/demo/prod-8.svg,204
7791000012256,Solarmed Omega 3 1000mg x60 caps premium,59200,,,9,,
7791000012263,Kindel Contorno de ojos 15ml piel sensible,74450,,,9,,84
7791000012270,Solarmed Magnesio 400mg x50 comp,3750,,,9,,203
7791000012287,Puravit Bálsamo labial FPS 30 piel seca,51150,,,9,/img/demo/prod-7.svg,154
7791000012294,Solarmed Crema despigmentante 30g,41800,,,9,/img/demo/prod-4.svg,101
7791000012300,Kindel Paracetamol 500mg x50 comp,5750,,,9,,80
7791000012317,Puravit Proteína whey vainilla 1kg premium,14150,15700,Oferta,9,,61
7791000012324,Vitalfar Protector solar FPS 30 200ml piel mixta,32350,,,9,,
7791000012331,Puravit Paracetamol 500mg x20 comp,4250,,,9,,
7791000012348,Puravit Pre-entreno frutos rojos 300g pack x2,64700,,,9,,164
7791000012355,Vitalfar Gel de limpieza facial 150ml piel seca,7300,9150,,9,,231
7791000012362,Puravit Gel de limpieza facial 150ml,19800,,,9,,56
7791000012379,Vitalfar Contorno de ojos 15ml,6150,,,9,,12
7791000012386,Kindel Gel de limpieza facial 150ml piel sensible,16650,,Lanzamiento,9,,
7791000012393,Kindel Pre-entreno frutos rojos 300g premium,11700,,,9,,
7791000012409,Vitalfar Proteína vegetal 750g pack x2,54900,,,9,,232
7791000012416,Vitalfar Serum vitamina C 30ml piel sensible,18450,,,9,,55
7791000012423,Solarmed Pre-entreno frutos rojos 300g sabor neutro,30650,,,9,,188
7791000012430,Kindel Coenzima Q10 x30 caps pack x2,30800,,,9,,142
7791000012447,Kindel Aspirina 500mg,2250,,Lanzamiento,9,,
7791000012454,Vitalfar Creatina monohidrato 300g sabor neutro,14550,,,9,/img/demo/prod-6.svg,50
7791000012461,Puravit Aspirina 500mg x20 comp,11350,,,9,,
7791000012478,Puravit Omega 3 1000mg x60 caps sabor neutro,10400,20800,,9,,206
7791000012485,Kindel Glutamina 300g premium,19700,,Lanzamiento,9,,113
7791000012492,Solarmed Proteína whey vainilla 1kg pack x2,64200,,,9,/img/demo/prod-3.svg,
7791000012508,Puravit Proteína whey chocolate 1kg sabor neutro,58050,,,9,,
7791000012515,Solarmed Proteína vegetal 750g pack x2,50200,83650,,9,,68
7791000012522,Kindel Aceite corporal nutritivo 125ml piel seca,8200,,,9,,247
7791000012539,Vitalfar Gel anticelulítico 200ml piel seca,10550,,,9,,
7791000012546,Kindel Protector solar FPS 50 200ml,6350,10600,,9,/img/demo/prod-6.svg,
7791000012553,Kindel Aceite corporal nutritivo 125ml,10500,,,9,,
7791000012560,Puravit Loratadina 10mg x20 comp,3950,,,9,/img/demo/prod-1.svg,127
7791000012577,Vitalfar Crema despigmentante 30g piel seca,33700,,,9,,39
7791000012584,Kindel Antiacido masticable x20 comp,1950,,,9,,84
7791000012591,Solarmed Maca andina en polvo 250g,10450,,,9,,78
7791000012607,Kindel Vitamina C 500mg efervescente x10 comp,4700,,,9,,
7791000012614,Puravit Locion post solar 200ml piel mixta,48000,,Combo,9,,154
7791000012621,Solarmed Omega 3 1000mg x60 caps pack x2,28850,,,9,,
7791000012638,Vitalfar Proteína vegetal 750g sabor neutro,54400,,2x1,9,,144
7791000012645,Puravit Gel de limpieza facial 150ml piel seca,31750,,,9,,75
7791000012652,Puravit Glutamina 300g premium,11450,,,9,,158
7791000012669,Solarmed Multivitamínico adultos x60 pack x2,42500,,,9,/img/demo/prod-5.svg,183
7791000012676,Kindel Ginseng coreano x30 caps pack x2,18800,,,9,,44
7791000012683,Solarmed Proteína whey vainilla 1kg,54600,84000,,9,,54
7791000012690,Solarmed Exfoliante facial 100g,37500,,,9,,
7791000012706,Vitalfar Sales de rehidratación oral x50 comp,3150,6300,,9,,
7791000012713,Vitalfar Loratadina 10mg x20 comp,7050,,,9,,
7791000012720,Vitalfar Hierro + ácido fólico x30 comp,5500,11000,Oferta,9,,
7791000012737,Vitalfar Locion post solar 200ml piel sensible,67600,,,9,/img/demo/prod-1.svg,
7791000012744,Kindel Magnesio 400mg x30 comp,9300,,,9,/img/demo/prod-6.svg,
7791000012751,Vitalfar Proteína whey vainilla 1kg pack x2,63500,,,9,,41
7791000012768,Vitalfar Aspirina 500mg x20 comp,1850,,,9,,
7791000012775,Kindel Antiacido masticable x50 comp,5150,,,9,,
7791000012782,Vitalfar Máscara facial hidratante 75ml piel sensible,28050,,,9,,
7791000012799,Solarmed Ginseng coreano x30 caps,18300,,,9,,
7791000012805,Vitalfar Pre-entreno frutos rojos 300g pack x2,38250,,,9,/img/demo/prod-3.svg,
7791000012812,Solarmed Crema para manos 75ml,6850,,,9,,
7791000012829,Vitalfar Aceite corporal nutritivo 125ml,58200,,,9,,242
7791000012836,Puravit Protector solar facial FPS 50 50ml piel mixta,9200,,,9,,
7791000012843,Solarmed Hierro + ácido fólico x50 comp,7050,,Lanzamiento,9,,
7791000012850,Kindel Sales de rehidratación oral,4150,4900,,9,,
7791000012867,Solarmed Diclofenac gel 60g,11350,,,9,,
7791000012874,Puravit Espirulina x90 comp sabor neutro,9250,,,9,,
7791000012881,Vitalfar Ibuprofeno 400mg x50 comp,6200,,,9,,120
7791000012898,Solarmed Exfoliante facial 100g piel sensible,9350,18700,,9,,
7791000012904,Kindel Spray nasal descongestivo 20ml x20 comp,6500,,,9,,12
7791000012911,Kindel Crema corporal reparadora 300ml piel sensible,17350,,,9,,173
7791000012928,Kindel Hierro + ácido fólico x20 comp,8800,,,9,,33
7791000012935,Vitalfar BCAA 2:1:1 x120 caps sabor neutro,25800,,,9,,
7791000012942,Kindel Diclofenac gel 60g x50 comp,2350,,,9,,119
7791000012959,Kindel Exfoliante facial 100g,13550,,,9,,84
7791000012966,Kindel Gel de limpieza facial 150ml,11100,,,9,,22
7791000012973,Kindel Protector solar FPS 30 200ml piel seca,12400,,,9,,
7791000012980,Solarmed Coenzima Q10 x30 caps,93900,,,9,/img/demo/prod-4.svg,46
7791000012997,Kindel Ibuprofeno 400mg x10 comp,6000,7500,,9,,180
7791000013000,Puravit Serum ácido hialurónico 30ml piel mixta,23300,,,9,,
7791000013017,Solarmed Agua micelar 400ml piel sensible,7650,,,9,,
7791000013024,Pielsana Colágeno hidrolizado 300g pack x2,63700,,,10,,164
7791000013031,Pielsana Loratadina 10mg,9100,,,10,,
7791000013048,Femina Multivitamínico 50+ x60 pack x2,45500,56900,,10,,194
7791000013055,Pielsana Diclofenac gel 60g x10 comp,11350,15150,,10,,
7791000013062,Vitalfar Coenzima Q10 x30 caps pack x2,16550,,,10,,
7791000013079,Vitalfar Crema antiage noche 50g,16200,,,10,,
7791000013086,Pielsana Ginseng coreano x30 caps sabor neutro,19050,,Combo,10,,
7791000013093,Nutrivida Multivitamínico 50+ x60,44250,73750,Oferta,10,/img/demo/prod-1.svg,101
7791000013109,Femina Lansoprazol 30mg,4450,,,10,,204
7791000013116,Pielsana Melatonina 3mg x10 comp,3250,,,10,,
7791000013123,Vitalfar Paracetamol 1g,8650,,,10,,
7791000013130,Nutrivida Roll-on ojeras 15ml,20600,34350,,10,,
7791000013147,Femina Aceite corporal nutritivo 125ml piel seca,32350,,,10,,159
7791000013154,Nutrivida Omega 3 1000mg x60 caps pack x2,13350,,,10,,231
7791000013161,Femina Coenzima Q10 x30 caps sabor neutro,19050,,,10,,
7791000013178,Nutrivida Bálsamo labial FPS 30 piel mixta,10100,,,10,,
7791000013185,Pielsana Gel anticelulítico 200ml piel mixta,41050,,,10,,
7791000013192,Vitalfar Caseína micelar 900g sabor neutro,15800,,,10,,
7791000013208,Pielsana Espirulina x90 comp,42850,,,10,,113
7791000013215,Pielsana Proteína whey vainilla 1kg premium,94850,,,10,,106
7791000013222,Nutrivida Loratadina 10mg,1950,,,10,,178
7791000013239,Nutrivida Cetirizina 10mg x30 comp,23250,,,10,,
7791000013246,Vitalfar Pre-entreno frutos rojos 300g premium,48200,,,10,,
7791000013253,Femina Agua micelar 400ml piel sensible,50550,,,10,,19
7791000013260,Vitalfar BCAA 2:1:1 x120 caps pack x2,85650,171300,,10,,
7791000013277,Nutrivida Proteína whey chocolate 1kg premium,72950,81050,,10,,0
7791000013284,Nutrivida Roll-on ojeras 15ml piel mixta,10700,,,10,,
7791000013291,Vitalfar Aceite corporal nutritivo 125ml piel seca,9150,,2x1,10,,244
7791000013307,Vitalfar Proteína whey chocolate 1kg,52450,,,10,,130
7791000013314,Vitalfar Melatonina 3mg x30 comp,1800,,,10,/img/demo/prod-4.svg,
7791000013321,Femina Aceite corporal nutritivo 125ml piel sensible,11150,,,10,,
7791000013338,Pielsana Caramelos de propóleo,1900,,,10,,
7791000013345,Pielsana Ginkgo biloba x60 comp premium,15600,20800,,10,,143
7791000013352,Pielsana Jarabe expectorante infantil 120ml,12500,,,10,,120
7791000013369,Pielsana Omeprazol 20mg x30 comp,17100,34200,,10,,
7791000013376,Nutrivida Ibuprofeno 400mg,6100,,,10,,
7791000013383,Pielsana Ginkgo biloba x60 comp sabor neutro,17900,19900,,10,,
7791000013390,Femina Pre-entreno frutos rojos 300g pack x2,19100,,,10,,212
7791000013406,Vitalfar Diclofenac gel 60g x10 comp,2200,,2x1,10,,
7791000013413,Vitalfar Crema para manos 75ml piel seca,11050,,,10,,
7791000013420,Femina Proteína whey vainilla 1kg sabor neutro,75700,100950,Oferta,10,,186
7791000013437,Vitalfar Jarabe expectorante infantil 120ml,2250,,,10,/img/demo/prod-2.svg,
7791000013444,Vitalfar Magnesio 400mg x20 comp,9050,,,10,/img/demo/prod-8.svg,0
7791000013451,Pielsana Ibuprofeno 400mg x20 comp,2000,,,10,,
7791000013468,Nutrivida Creatina monohidrato 300g pack x2,37600,,,10,/img/demo/prod-6.svg,123
7791000013475,Pielsana Sales de rehidratación oral x20 comp,9950,,,10,,
7791000013482,Vitalfar Té digestivo hierbas serranas x10 comp,19250,,,10,,23
7791000013499,Vitalfar Serum ácido hialurónico 30ml piel sensible,9900,16500,,10,,177
7791000013505,Vitalfar Glutamina 300g pack x2,70650,88300,,10,,143
7791000013512,Femina Té digestivo hierbas serranas x30 comp,18050,21250,,10,,5
7791000013529,Pielsana Coenzima Q10 x30 caps,20950,,,10,,
7791000013536,Nutrivida Crema para manos 75ml piel seca,14900,,,10,,
7791000013543,Nutrivida Coenzima Q10 x30 caps,35000,,,10,/img/demo/prod-2.svg,120
7791000013550,Pielsana Maca andina en polvo 250g sabor neutro,20500,,,10,,20
7791000013567,Nutrivida Contorno de ojos 15ml piel sensible,6900,,,10,,214
7791000013574,Pielsana Gotas oftálmicas lubricantes 15ml x20 comp,5450,,,10,,
7791000013581,Nutrivida Crema para dolores musculares 100g x20 comp,2400,,,10,,
7791000013598,Nutrivida Té digestivo hierbas serranas x50 comp,19500,,,10,,
7791000013604,Nutrivida Paracetamol 1g x20 comp,3200,,,10,,59
7791000013611,Pielsana Paracetamol 500mg,4800,6000,,10,,
7791000013628,Femina Ibuprofeno 600mg x30 comp,24550,,,10,,
7791000013635,Femina Caramelos de propóleo x20 comp,10250,,,10,,240
7791000013642,Femina Gel anticelulítico 200ml,31950,,,10,,
7791000013659,Femina Sales de rehidratación oral x10 comp,8600,,,10,,170
7791000013666,Nutrivida Paracetamol 500mg x30 comp,1850,,,10,,250
7791000013673,Pielsana Vitamina C 500mg efervescente x20 comp,13100,,,10,/img/demo/prod-7.svg,
7791000013680,Nutrivida Crema corporal reparadora 300ml piel mixta,11300,15050,,10,,
7791000013697,Vitalfar Crema despigmentante 30g piel mixta,6750,7500,Oferta,10,,
7791000013703,Pielsana Ginseng coreano x30 caps,84350,,,10,,193
7791000013710,Femina Ibuprofeno 600mg x50 comp,10250,,,10,,0
7791000013727,Pielsana ZMA x90 caps premium,18500,,,10,,226
7791000013734,Nutrivida BCAA 2:1:1 x120 caps pack x2,9250,,,10,,201
7791000013741,Pielsana Vitamina C 500mg efervescente x10 comp,18700,,,10,,213
7791000013758,Nutrivida Espirulina x90 comp premium,59500,,,10,,
7791000013765,Femina Aspirina 500mg x50 comp,24950,,,10,,
7791000013772,Vitalfar Proteína whey vainilla 1kg pack x2,39000,65000,,10,,150
7791000013789,Nutrivida Levadura de cerveza 500g,29650,,,10,/img/demo/prod-6.svg,44
7791000013796,Vitalfar Levadura de cerveza 500g sabor neutro,40650,,,10,,109
7791000013802,Vitalfar Protector solar FPS 50 200ml piel sensible,18400,,,10,,
7791000013819,Vitalfar Gotas oftálmicas lubricantes 15ml x30 comp,14750,,,10,/img/demo/prod-6.svg,
7791000013826,Pielsana Serum ácido hialurónico 30ml,20450,,,10,/img/demo/prod-6.svg,141
7791000013833,Femina Crema antiage noche 50g piel mixta,27800,,,10,/img/demo/prod-1.svg,189
7791000013840,Femina Protector solar FPS 50 200ml piel sensible,71850,89800,Oferta,10,,58
7791000013857,Pielsana Pre-entreno frutos rojos 300g pack x2,67600,,,10,,
7791000013864,Nutrivida Bálsamo labial FPS 30 piel seca,50300,,,10,,
7791000013871,Vitalfar Omega 3 1000mg x60 caps pack x2,16750,,3x2,10,,
7791000013888,Nutrivida Contorno de ojos 15ml piel seca,9650,,,10,,
7791000013895,Pielsana Protector solar facial FPS 50 50ml piel seca,7950,,,10,/img/demo/prod-7.svg,
7791000013901,Pielsana Gel de limpieza facial 150ml piel seca,24200,,,10,,29
7791000013918,Femina Pre-entreno frutos rojos 300g premium,48950,,,10,,
7791000013925,Vitalfar Crema facial hidratante 50g,53500,,,10,,161
7791000013932,Vitalfar Gel anticelulítico 200ml piel mixta,37400,,,10,,91
7791000013949,Pielsana Lansoprazol 30mg,9950,11700,Oferta,10,,
7791000013956,Nutrivida Sales de rehidratación oral x20 comp,10100,,,10,,
7791000013963,Vitalfar Lansoprazol 30mg x20 comp,19000,,,10,,141
7791000013970,Vitalfar Carbón activado,3850,,,10,,0
7791000013987,Nutrivida Paracetamol 500mg x50 comp,2350,,Lanzamiento,10,,
7791000013994,Pielsana Ginkgo biloba x60 comp pack x2,22700,,Combo,10,,57
7791000014007,Femina Contorno de ojos 15ml piel seca,10050,,,10,,
7791000014014,Femina Crema despigmentante 30g,30950,,,10,,0
7791000014021,Pielsana Multivitamínico 50+ x60 premium,53150,,,10,,
7791000014038,Pielsana Crema para manos 75ml piel seca,40950,,,10,,
7791000014045,Femina Crema despigmentante 30g piel mixta,16650,,Combo,10,,
7791000014052,Vitalfar Agua micelar 400ml piel seca,51100,,,10,,
7791000014069,Nutrivida Crema corporal reparadora 300ml piel seca,22750,,,10,,183
7791000014076,Vitalfar Crema para manos 75ml,30000,,,10,,
7791000014083,Pielsana Serum ácido hialurónico 30ml piel seca,16750,,,10,,
7791000014090,Femina Contorno de ojos 15ml,42350,,,10,,
7791000014106,Vitalfar Antiacido masticable x50 comp,16850,,Lanzamiento,10,,180
7791000014113,Femina Agua micelar 400ml,6350,,,10,,24
7791000014120,Femina Ginseng coreano x30 caps pack x2,38700,,Combo,10,,178
7791000014137,Vitalfar Máscara facial hidratante 75ml piel seca,7150,,,10,,228
7791000014144,Vitalfar Omeprazol 20mg,4850,,,10,,215
7791000014151,Femina Ginkgo biloba x60 comp pack x2,16000,,,10,,
7791000014168,Pielsana Caramelos de propóleo x50 comp,2700,,,10,,68
7791000014175,Nutrivida Locion post solar 200ml piel sensible,53600,,,10,,
7791000014182,Pielsana Sales de rehidratación oral x50 comp,6250,7350,,10,/img/demo/prod-4.svg,0
7791000014199,Pielsana BCAA 2:1:1 x120 caps sabor neutro,24600,37850,,10,/img/demo/prod-2.svg,
7791000014205,Femina ZMA x90 caps,70550,,,10,,
7791000014212,Femina Cetirizina 10mg x50 comp,10950,,,10,,109
7791000014229,Femina Gotas oftálmicas lubricantes 15ml x10 comp,3350,5150,,10,,130
7791000014236,Pielsana Jarabe para la tos adultos 120ml,2850,,,10,,
7791000014243,Pielsana Paracetamol 1g x10 comp,6850,10550,,10,,198
7791000014250,Vitalfar Crema para manos 75ml piel sensible,62700,,,10,/img/demo/prod-1.svg,
7791000014267,Femina Proteína vegetal 750g,16650,,,10,,
7791000014274,Vitalfar Roll-on ojeras 15ml piel seca,16150,,,10,,
7791000014281,Pielsana Glutamina 300g sabor neutro,67050,,,10,/img/demo/prod-5.svg,213
7791000014298,Pielsana Protector solar facial FPS 50 50ml piel mixta,9800,,,10,,
7791000014304,Nutrivida Coenzima Q10 x30 caps sabor neutro,64650,129300,,10,,0
7791000014311,Femina Serum ácido hialurónico 30ml piel sensible,54000,108000,,10,/img/demo/prod-8.svg,250
7791000014328,Vitalfar Gel anticelulítico 200ml,21350,,,10,,
7791000014335,Nutrivida Glutamina 300g,46000,,,10,,107
7791000014342,Nutrivida Gel de limpieza facial 150ml piel sensible,26850,,,10,,
7791000014359,Nutrivida Crema antiage noche 50g piel seca,18550,,,10,,141
7791000014366,Pielsana Serum vitamina C 30ml piel seca,33350,,,10,,
7791000014373,Femina Crema facial hidratante 50g piel mixta,14550,17100,,10,,160
7791000014380,Nutrivida Lansoprazol 30mg,2600,,,10,/img/demo/prod-5.svg,
7791000014397,Vitalfar Gel de limpieza facial 150ml piel sensible,9300,,,10,,20
7791000014403,Nutrivida Vitamina C 500mg efervescente x20 comp,2800,,,10,,
7791000014410,Nutrivida Barritas proteicas caja x12 premium,20250,,,10,,102
7791000014427,Pielsana Máscara facial hidratante 75ml piel sensible,16600,,,10,,73
7791000014434,Nutrivida Aceite corporal nutritivo 125ml piel sensible,43300,,,10,,227
7791000014441,Pielsana Colágeno hidrolizado 300g sabor neutro,9250,,,10,,215
7791000014458,Pielsana Protector solar FPS 50 200ml piel sensible,12450,,,10,,47
7791000014465,Nutrivida Exfoliante facial 100g piel mixta,21750,,,10,,216
7791000014472,Pielsana Crema facial hidratante 50g piel seca,23000,,,10,,
7791000014489,Vitalfar Locion post solar 200ml piel seca,15850,,,10,,212
7791000014496,Vitalfar Roll-on ojeras 15ml piel mixta,6050,,,10,,0
7791000014502,Nutrivida BCAA 2:1:1 x120 caps premium,20550,,,10,,250
7791000014519,Femina Agua micelar 400ml piel seca,6150,,,10,,
7791000014526,Nutrivida Protector solar FPS 30 200ml,24100,,,10,,243
7791000014533,Pielsana Caseína micelar 900g,20900,,,10,,250
7791000014540,Vitalfar Hierro + ácido fólico x50 comp,2700,,,10,/img/demo/prod-4.svg,118
7791000014557,Vitalfar Sales de rehidratación oral,9200,,3x2,10,,
7791000014564,Pielsana Omega 3 1000mg x60 caps pack x2,23800,,,10,,122
7791000014571,Pielsana Exfoliante facial 100g,45900,,,10,,
7791000014588,Vitalfar Serum ácido hialurónico 30ml piel mixta,14950,17600,Oferta,10,,185
7791000014595,Nutrivida Multivitamínico adultos x60,26750,33450,Oferta,10,,
7791000014601,Vitalfar BCAA 2:1:1 x120 caps,23100,,,10,,110
7791000014618,Vitalfar ZMA x90 caps pack x2,31250,,,10,,
7791000014625,Vitalfar Complejo B x20 comp,15100,,,10,,142
7791000014632,Nutrivida Carbón activado x30 comp,2150,,,10,,214
7791000014649,Vitalfar Creatina monohidrato 300g pack x2,40200,80400,Oferta,11,,198
7791000014656,Vitalfar Complejo B x30 comp,3950,,,11,,
7791000014663,Vitalfar Ginkgo biloba x60 comp pack x2,86250,,,11,,
7791000014670,Medifar Jarabe para la tos adultos 120ml x10 comp,3900,,,11,/img/demo/prod-3.svg,
7791000014687,Vitalfar Contorno de ojos 15ml piel sensible,14150,,,11,/img/demo/prod-5.svg,
7791000014694,Medifar Creatina monohidrato 300g premium,40450,,,11,,
7791000014700,Vitalfar Glutamina 300g pack x2,17000,,,11,,
7791000014717,Medifar Paracetamol 500mg x20 comp,9700,,,11,,15
7791000014724,Medifar Máscara facial hidratante 75ml,48950,,,11,/img/demo/prod-3.svg,0
7791000014731,Vitalfar Hierro + ácido fólico x30 comp,3050,4700,,11,,122
7791000014748,Biofem Protector solar facial FPS 50 50ml piel mixta,9000,,,11,,211
7791000014755,Medifar Levadura de cerveza 500g,49100,57750,,11,,231
7791000014762,Vitalfar Levadura de cerveza 500g pack x2,37350,,,11,,
7791000014779,Biofem Carbón activado x30 comp,2350,,,11,,228
7791000014786,Vitalfar Melatonina 3mg x20 comp,1900,,,11,/img/demo/prod-3.svg,4
7791000014793,Vitalfar Vitamina C 500mg efervescente x30 comp,9250,,,11,,114
7791000014809,Vitalfar Vitamina C 500mg efervescente x20 comp,2800,,,11,,213
7791000014816,Vitalfar Paracetamol 500mg x50 comp,5150,,,11,,
7791000014823,Medifar Glutamina 300g pack x2,60650,93300,,11,,
7791000014830,Medifar Diclofenac gel 60g,4000,5350,,11,,57
7791000014847,Vitalfar Barritas proteicas caja x12 sabor neutro,18150,,,11,,
7791000014854,Vitalfar ZMA x90 caps,56000,,,11,,
7791000014861,Vitalfar Agua micelar 400ml,10500,,,11,,0
7791000014878,Medifar Paracetamol 1g x10 comp,7400,,3x2,11,,99
7791000014885,Medifar Jarabe expectorante infantil 120ml x10 comp,9600,16000,,11,/img/demo/prod-2.svg,
7791000014892,Biofem Antiacido masticable x10 comp,2000,,,11,,14
7791000014908,Vitalfar Ginkgo biloba x60 comp,90950,,,11,,
7791000014915,Vitalfar Multivitamínico 50+ x60 pack x2,95950,147600,Oferta,11,/img/demo/prod-3.svg,
7791000014922,Vitalfar Diclofenac gel 60g x50 comp,3450,5300,Oferta,11,,
7791000014939,Vitalfar Multivitamínico adultos x60,20300,,,11,,214
7791000014946,Medifar Multivitamínico adultos x60,13950,,,11,/img/demo/prod-1.svg,
7791000014953,Medifar Roll-on ojeras 15ml,25450,,2x1,11,/img/demo/prod-2.svg,1
7791000014960,Vitalfar Caramelos de propóleo x30 comp,5700,,,11,,93
7791000014977,Medifar Aceite corporal nutritivo 125ml piel sensible,16250,,,11,,
7791000014984,Vitalfar Gel de limpieza facial 150ml piel seca,27100,,,11,,123
7791000014991,Medifar Crema para manos 75ml,24050,,,11,,
7791000015004,Vitalfar Crema antiage noche 50g piel mixta,25250,,,11,,225
7791000015011,Medifar Levadura de cerveza 500g pack x2,78550,157100,Oferta,11,,
7791000015028,Medifar BCAA 2:1:1 x120 caps pack x2,26550,40850,,11,,164
7791000015035,Vitalfar Roll-on ojeras 15ml,20100,,,11,,143
7791000015042,Biofem ZMA x90 caps premium,13800,,,11,/img/demo/prod-8.svg,
7791000015059,Vitalfar Máscara facial hidratante 75ml piel sensible,17250,,,11,,212
7791000015066,Vitalfar Multivitamínico 50+ x60 premium,26950,,,11,/img/demo/prod-6.svg,
7791000015073,Medifar Serum vitamina C 30ml piel seca,32850,,,11,,
7791000015080,Medifar Multivitamínico 50+ x60 pack x2,15650,,,11,,0
7791000015097,Vitalfar Ibuprofeno 400mg x30 comp,3450,,,11,,
7791000015103,Biofem Multivitamínico adultos x60 pack x2,31000,,,11,,66
7791000015110,Medifar Omeprazol 20mg,11250,,,11,,213
7791000015127,Biofem Carbón activado x50 comp,9750,,,11,,
7791000015134,Biofem Spray nasal descongestivo 20ml x20 comp,5850,,,11,,
7791000015141,Vitalfar Levadura de cerveza 500g,12250,14400,Oferta,11,/img/demo/prod-7.svg,59
7791000015158,Vitalfar Proteína vegetal 750g pack x2,9150,,,11,,
7791000015165,Vitalfar Locion post solar 200ml piel seca,21300,,,11,,
7791000015172,Vitalfar Loratadina 10mg,3050,,,11,,6
7791000015189,Vitalfar Crema antiage noche 50g piel seca,29050,,,11,,225
7791000015196,Vitalfar Aspirina 500mg x10 comp,4550,,,11,,
7791000015202,Vitalfar Complejo B,20800,,,11,,
7791000015219,Biofem Aceite corporal nutritivo 125ml,8450,,,11,,
7791000015226,Medifar Gotas oftálmicas lubricantes 15ml x20 comp,19300,,,11,,
7791000015233,Medifar Levadura de cerveza 500g sabor neutro,23100,,,11,,
7791000015240,Vitalfar Crema corporal reparadora 300ml piel mixta,24450,48900,,11,,
7791000015257,Vitalfar Aceite corporal nutritivo 125ml piel mixta,24300,,,11,,
7791000015264,Biofem Complejo B x30 comp,2200,,,11,,155
7791000015271,Vitalfar Magnesio 400mg x30 comp,4500,,,11,,
7791000015288,Vitalfar Vitamina C 500mg efervescente,2150,,,11,,
7791000015295,Biofem Ibuprofeno 400mg x30 comp,5000,7150,,11,,
7791000015301,Biofem Máscara facial hidratante 75ml piel mixta,57750,,,11,,147
7791000015318,Vitalfar Bálsamo labial FPS 30,65550,81950,,11,,116
7791000015325,Vitalfar Lansoprazol 30mg x30 comp,17350,,,11,/img/demo/prod-4.svg,
7791000015332,Medifar Omeprazol 20mg x20 comp,12950,15250,,11,,
7791000015349,Medifar Bálsamo labial FPS 30 piel sensible,72850,,,11,/img/demo/prod-1.svg,
7791000015356,Vitalfar Maca andina en polvo 250g pack x2,64450,,,11,,151
7791000015363,Medifar Omeprazol 20mg x10 comp,4700,,,11,,
7791000015370,Biofem Omega 3 1000mg x60 caps premium,22000,,,11,,117
7791000015387,Vitalfar Jarabe expectorante infantil 120ml,3300,,,11,,
7791000015394,Biofem Ginseng coreano x30 caps sabor neutro,25150,38700,Oferta,11,,
7791000015400,Vitalfar Omega 3 1000mg x60 caps premium,31200,,,11,,233
7791000015417,Biofem Coenzima Q10 x30 caps,23700,,,11,,243
7791000015424,Medifar Crema para dolores musculares 100g x10 comp,4050,,,11,,
7791000015431,Medifar Gotas oftálmicas lubricantes 15ml,3500,,,11,,
7791000015448,Medifar Protector solar FPS 30 200ml piel sensible,39450,,,11,,93
7791000015455,Medifar Proteína whey vainilla 1kg,43700,,,11,,
7791000015462,Vitalfar BCAA 2:1:1 x120 caps,21350,,,11,,0
7791000015479,Vitalfar Protector solar FPS 50 200ml,27350,,,11,,
7791000015486,Vitalfar Ginseng coreano x30 caps,53050,,,11,,
7791000015493,Medifar Magnesio 400mg x30 comp,10800,,,11,,
7791000015509,Medifar Gel de limpieza facial 150ml,19050,,,11,,238
7791000015516,Vitalfar Gel anticelulítico 200ml piel seca,10650,12550,,11,,
7791000015523,Vitalfar Contorno de ojos 15ml piel mixta,6300,,,11,,162
7791000015530,Vitalfar Serum ácido hialurónico 30ml,27100,,,11,,
7791000015547,Biofem Crema facial hidratante 50g piel sensible,6400,,,11,,
7791000015554,Medifar Proteína vegetal 750g,88200,,,11,,220
7791000015561,Biofem Melatonina 3mg x20 comp,6950,,,11,,194
7791000015578,Medifar Crema para manos 75ml piel seca,13050,,,11,,58
7791000015585,Medifar Levadura de cerveza 500g premium,76400,,,11,,167
7791000015592,Medifar Contorno de ojos 15ml piel mixta,6100,,2x1,11,/img/demo/prod-5.svg,
7791000015608,Vitalfar Crema para manos 75ml piel sensible,6100,,,11,,
7791000015615,Medifar Multivitamínico 50+ x60 premium,43900,,,11,,107
7791000015622,Vitalfar Lansoprazol 30mg x50 comp,3750,,,11,/img/demo/prod-4.svg,14
7791000015639,Vitalfar Bálsamo labial FPS 30 piel mixta,63950,,,11,,
7791000015646,Biofem Multivitamínico 50+ x60 pack x2,19600,,,11,,243
7791000015653,Biofem Glutamina 300g premium,31000,,Combo,11,,
7791000015660,Vitalfar Ibuprofeno 400mg x20 comp,26100,,,11,,
7791000015677,Biofem Crema para manos 75ml piel seca,30000,,,11,,
7791000015684,Medifar Agua micelar 400ml piel mixta,37500,,,11,,
7791000015691,Vitalfar Té digestivo hierbas serranas x30 comp,13150,,,11,,80
7791000015707,Vitalfar Coenzima Q10 x30 caps,50300,,,11,,
7791000015714,Vitalfar Coenzima Q10 x30 caps premium,10350,,,11,,
7791000015721,Vitalfar Ibuprofeno 400mg x10 comp,2200,,,11,/img/demo/prod-2.svg,110
7791000015738,Vitalfar Serum vitamina C 30ml piel mixta,25150,,,11,,167
7791000015745,Vitalfar Omeprazol 20mg x50 comp,14700,,,11,,243
7791000015752,Biofem Paracetamol 1g x50 comp,14000,,,11,,
7791000015769,Medifar Cetirizina 10mg x10 comp,10000,,,11,/img/demo/prod-6.svg,68
7791000015776,Biofem Crema antiage noche 50g piel sensible,29050,,,11,,222
7791000015783,Vitalfar Ginkgo biloba x60 comp premium,15000,25000,,11,,118
7791000015790,Medifar Gel anticelulítico 200ml,48350,,,11,,
7791000015806,Medifar Glutamina 300g sabor neutro,23350,,,11,,27
7791000015813,Vitalfar Gel de limpieza facial 150ml piel mixta,13000,,,11,/img/demo/prod-1.svg,205
7791000015820,Vitalfar Multivitamínico adultos x60 pack x2,66400,132800,,11,,61
7791000015837,Biofem Locion post solar 200ml piel sensible,32150,,,11,,73
7791000015844,Medifar Gotas oftálmicas lubricantes 15ml x50 comp,1950,,,11,,93
7791000015851,Biofem Loratadina 10mg x50 comp,12600,,,11,,
7791000015868,Vitalfar Gotas oftálmicas lubricantes 15ml x30 comp,3650,,,11,,
7791000015875,Vitalfar Protector solar facial FPS 50 50ml,8050,,,11,,197
7791000015882,Vitalfar Complejo B x50 comp,9150,,,11,,39
7791000015899,Biofem Omeprazol 20mg,10050,,,11,,
7791000015905,Vitalfar Crema despigmentante 30g piel sensible,11000,,,11,,55
7791000015912,Vitalfar Crema facial hidratante 50g piel sensible,19100,,,11,,
7791000015929,Vitalfar Jarabe para la tos adultos 120ml x10 comp,2950,,,11,,
7791000015936,Vitalfar Serum vitamina C 30ml piel seca,17500,25000,,11,,57
7791000015943,Biofem Levadura de cerveza 500g pack x2,17900,,,11,,125
7791000015950,Biofem Coenzima Q10 x30 caps premium,53150,,,11,,
7791000015967,Vitalfar Spray nasal descongestivo 20ml x10 comp,5700,,,11,,
7791000015974,Biofem Gel anticelulítico 200ml piel seca,23750,,,11,,
7791000015981,Vitalfar Serum ácido hialurónico 30ml piel mixta,6900,,,11,,97
7791000015998,Vitalfar Maca andina en polvo 250g,30500,,,11,,11
7791000016001,Biofem Omeprazol 20mg x20 comp,19250,,,11,,
7791000016018,Medifar Multivitamínico 50+ x60 sabor neutro,10050,,,12,,216
7791000016025,Medifar Coenzima Q10 x30 caps premium,10150,13550,,12,,
7791000016032,Pielsana Proteína vegetal 750g premium,31400,,,12,,
7791000016049,Genbio Contorno de ojos 15ml piel mixta,50550,,,12,,
7791000016056,Pielsana BCAA 2:1:1 x120 caps pack x2,73850,,,12,,114
7791000016063,Medifar Antiacido masticable x50 comp,5050,,,12,,16
7791000016070,Medifar Jarabe expectorante infantil 120ml,2500,,,12,,209
7791000016087,Pielsana Contorno de ojos 15ml piel mixta,13350,17800,,12,,179
7791000016094,Medifar Aspirina 500mg x10 comp,19650,,,12,,0
7791000016100,Pielsana ZMA x90 caps,16750,,,12,,
7791000016117,Medifar Coenzima Q10 x30 caps,17950,,,12,,
7791000016124,Pielsana Crema para dolores musculares 100g x10 comp,4800,6850,,12,,46
7791000016131,Pielsana Crema corporal reparadora 300ml piel seca,8250,,,12,,0
7791000016148,Pielsana Proteína vegetal 750g,18400,,,12,,
7791000016155,Genbio Ginseng coreano x30 caps pack x2,38300,,,12,,90
7791000016162,Pielsana Ginseng coreano x30 caps pack x2,10400,,,12,,164
7791000016179,Medifar Serum ácido hialurónico 30ml piel sensible,41050,,,12,/img/demo/prod-3.svg,
7791000016186,Medifar Cetirizina 10mg x50 comp,3350,,,12,,
7791000016193,Pielsana Proteína whey vainilla 1kg sabor neutro,10500,,Lanzamiento,12,,116
7791000016209,Medifar Ginseng coreano x30 caps pack x2,70850,,,12,,
7791000016216,Pielsana Crema corporal reparadora 300ml piel mixta,11150,17150,,12,,
7791000016223,Medifar Ginkgo biloba x60 comp premium,24650,,,12,,152
7791000016230,Genbio Paracetamol 1g x50 comp,21200,,,12,,
7791000016247,Pielsana Carbón activado x30 comp,7000,,,12,,19
7791000016254,Medifar BCAA 2:1:1 x120 caps,16400,,,12,,0
7791000016261,Medifar Diclofenac gel 60g x10 comp,4000,,,12,,
7791000016278,Pielsana Exfoliante facial 100g piel seca,43150,,2x1,12,,154
7791000016285,Pielsana Contorno de ojos 15ml piel sensible,16450,,,12,,
7791000016292,Pielsana Crema corporal reparadora 300ml piel sensible,43100,,,12,/img/demo/prod-5.svg,
7791000016308,Pielsana Gel de limpieza facial 150ml piel seca,17750,23650,,12,,
7791000016315,Pielsana Proteína whey chocolate 1kg premium,35050,38950,,12,,
7791000016322,Genbio Protector solar facial FPS 50 50ml piel seca,14400,,,12,,16
7791000016339,Medifar Caseína micelar 900g pack x2,14600,,,12,,
7791000016346,Genbio Gel de limpieza facial 150ml piel seca,64850,,,12,,
7791000016353,Pielsana Paracetamol 1g,7700,,,12,,
7791000016360,Genbio BCAA 2:1:1 x120 caps sabor neutro,44950,,,12,,
7791000016377,Medifar Melatonina 3mg x10 comp,16450,,,12,,236
7791000016384,Medifar Aceite corporal nutritivo 125ml piel mixta,37000,,,12,,
7791000016391,Pielsana Protector solar FPS 30 200ml,37150,53050,Oferta,12,,
7791000016407,Pielsana Creatina monohidrato 300g sabor neutro,50800,,,12,,45
7791000016414,Medifar Crema para dolores musculares 100g x50 comp,5750,,,12,,197
7791000016421,Medifar Gel anticelulítico 200ml piel mixta,13700,22850,,12,,
7791000016438,Pielsana Ibuprofeno 600mg x20 comp,2900,,,12,,
7791000016445,Genbio Crema antiage noche 50g piel sensible,31350,,,12,,70
7791000016452,Pielsana Creatina monohidrato 300g premium,50400,77550,Oferta,12,,201
7791000016469,Medifar Loratadina 10mg,10800,,,12,,0
7791000016476,Genbio Diclofenac gel 60g x20 comp,11500,,,12,,
7791000016483,Genbio Exfoliante facial 100g,29500,,,12,,
7791000016490,Pielsana Protector solar facial FPS 50 50ml piel seca,9600,,,12,/img/demo/prod-4.svg,
7791000016506,Genbio Caseína micelar 900g premium,13250,,,12,,204
7791000016513,Medifar Spray nasal descongestivo 20ml x20 comp,17200,24550,,12,,
7791000016520,Pielsana Crema antiage noche 50g piel sensible,30550,,,12,,74
7791000016537,Genbio Carbón activado,5250,,,12,/img/demo/prod-4.svg,
7791000016544,Genbio Espirulina x90 comp pack x2,28500,,,12,,134
7791000016551,Genbio Agua micelar 400ml piel sensible,17250,,,12,,238
7791000016568,Pielsana Bálsamo labial FPS 30,10400,,,12,,
7791000016575,Pielsana Jarabe para la tos adultos 120ml x20 comp,10450,,,12,,
7791000016582,Pielsana Carbón activado x50 comp,7600,10850,,12,,139
7791000016599,Pielsana Caseína micelar 900g sabor neutro,39100,43450,,12,,
7791000016605,Medifar Loratadina 10mg x20 comp,1950,,,12,/img/demo/prod-4.svg,0
7791000016612,Medifar Creatina monohidrato 300g pack x2,39750,,,12,,
7791000016629,Genbio Ibuprofeno 600mg x10 comp,3450,,,12,,0
7791000016636,Medifar Crema despigmentante 30g piel mixta,50100,,,12,,50
7791000016643,Pielsana Hierro + ácido fólico x10 comp,9200,14150,Oferta,12,,115
7791000016650,Pielsana Loratadina 10mg x10 comp,1850,,,12,,
7791000016667,Pielsana Bálsamo labial FPS 30 piel sensible,64500,75900,,12,,51
7791000016674,Pielsana Glutamina 300g pack x2,9050,15100,,12,,94
7791000016681,Genbio Omega 3 1000mg x60 caps,19300,,,12,,
7791000016698,Genbio Serum vitamina C 30ml piel seca,12900,21500,,12,,
7791000016704,Medifar Hierro + ácido fólico,11550,,,12,,
7791000016711,Pielsana Levadura de cerveza 500g premium,11900,,,12,,
7791000016728,Pielsana Multivitamínico 50+ x60,11950,14950,,12,,
7791000016735,Genbio Bálsamo labial FPS 30 piel mixta,37000,,,12,,
7791000016742,Pielsana Máscara facial hidratante 75ml piel mixta,10700,,Lanzamiento,12,,
7791000016759,Pielsana Proteína vegetal 750g pack x2,41550,,,12,,186
7791000016766,Pielsana Glutamina 300g premium,37750,,,12,,
7791000016773,Pielsana Locion post solar 200ml piel mixta,6700,,,12,,
7791000016780,Pielsana Multivitamínico 50+ x60 premium,14900,,,12,,
7791000016797,Pielsana Hierro + ácido fólico,9150,,,12,,165
7791000016803,Pielsana Crema para manos 75ml piel seca,25800,,,12,,
7791000016810,Medifar Locion post solar 200ml piel sensible,38700,,,12,,
7791000016827,Medifar Crema para dolores musculares 100g x10 comp,10150,,,12,,102
7791000016834,Pielsana Aspirina 500mg x30 comp,8250,,,12,,
7791000016841,Genbio Aspirina 500mg,8800,,Lanzamiento,12,,
7791000016858,Medifar Protector solar FPS 50 200ml piel mixta,46700,62250,Oferta,12,,47
7791000016865,Genbio Omeprazol 20mg x50 comp,4800,,,12,,117
7791000016872,Medifar Creatina monohidrato 300g premium,103450,,,12,,165
7791000016889,Pielsana Crema antiage noche 50g piel mixta,26750,,,12,/img/demo/prod-2.svg,66
7791000016896,Pielsana Ginkgo biloba x60 comp pack x2,14100,,,12,,13
7791000016902,Genbio Ginseng coreano x30 caps sabor neutro,29550,,,12,,
7791000016919,Pielsana Ginkgo biloba x60 comp sabor neutro,22550,,,12,,
7791000016926,Genbio Protector solar FPS 50 200ml,23250,,,12,,182
7791000016933,Medifar Maca andina en polvo 250g premium,66300,,,12,,
7791000016940,Genbio Gel anticelulítico 200ml,12600,,Lanzamiento,12,/img/demo/prod-1.svg,
7791000016957,Medifar Agua micelar 400ml piel mixta,30400,,,12,,124
7791000016964,Pielsana Antiacido masticable x20 comp,1800,,,12,,187
7791000016971,Medifar Paracetamol 1g x50 comp,18350,,,12,,29
7791000016988,Genbio Proteína whey vainilla 1kg sabor neutro,30850,,,12,,
7791000016995,Pielsana Ibuprofeno 600mg x50 comp,12900,,,12,,
7791000017008,Genbio Magnesio 400mg x10 comp,2200,2750,,12,,61
7791000017015,Genbio Antiacido masticable x20 comp,16850,,,12,,
7791000017022,Medifar Crema despigmentante 30g piel seca,36250,,,12,,
7791000017039,Pielsana Serum vitamina C 30ml,6100,,,12,,218
7791000017046,Genbio Vitamina C 500mg efervescente x50 comp,12200,,,12,,14
7791000017053,Pielsana Roll-on ojeras 15ml,7150,,,12,,
7791000017060,Genbio Crema corporal reparadora 300ml piel mixta,20950,,,12,,
7791000017077,Genbio Magnesio 400mg,6450,9200,Oferta,12,,
7791000017084,Genbio Omeprazol 20mg,3200,,Combo,12,,203
7791000017091,Pielsana Omeprazol 20mg x10 comp,8100,,,12,,73
7791000017107,Pielsana Coenzima Q10 x30 caps,24450,34950,,12,,
7791000017114,Pielsana Lansoprazol 30mg x50 comp,2600,,,12,,0
7791000017121,Genbio Gel de limpieza facial 150ml piel mixta,44050,58750,Oferta,12,,97
7791000017138,Medifar Contorno de ojos 15ml,32200,,,12,,91
7791000017145,Pielsana Jarabe expectorante infantil 120ml,13400,,,12,,230
7791000017152,Pielsana Coenzima Q10 x30 caps sabor neutro,22750,,,12,,43
7791000017169,Genbio Máscara facial hidratante 75ml piel mixta,14550,,,12,,
7791000017176,Pielsana Espirulina x90 comp premium,26500,,,12,,166
7791000017183,Pielsana Levadura de cerveza 500g pack x2,12350,,2x1,12,,206
7791000017190,Pielsana Bálsamo labial FPS 30 piel mixta,19000,,,12,,152
7791000017206,Genbio Loratadina 10mg x10 comp,21600,,,12,,77
7791000017213,Pielsana Ibuprofeno 400mg,4900,,,12,/img/demo/prod-3.svg,244
7791000017220,Pielsana ZMA x90 caps pack x2,96900,149100,Oferta,12,,
7791000017237,Pielsana Serum ácido hialurónico 30ml piel sensible,47500,,,12,,206
7791000017244,Pielsana Serum ácido hialurónico 30ml,40250,,,12,,
7791000017251,Medifar Aceite corporal nutritivo 125ml piel seca,28650,,,12,,
7791000017268,Genbio Aceite corporal nutritivo 125ml piel mixta,8700,,,12,,231
7791000017275,Pielsana Serum ácido hialurónico 30ml piel mixta,8450,,,12,,3
7791000017282,Medifar Carbón activado x50 comp,15500,,Lanzamiento,12,/img/demo/prod-5.svg,
7791000017299,Pielsana Colágeno hidrolizado 300g pack x2,53800,,,12,,172
7791000017305,Pielsana Roll-on ojeras 15ml piel sensible,19350,,,12,/img/demo/prod-4.svg,132
7791000017312,Genbio Gotas oftálmicas lubricantes 15ml x50 comp,13100,14550,,12,,187
7791000017329,Genbio Multivitamínico 50+ x60 pack x2,26400,,,12,,
7791000017336,Pielsana Crema facial hidratante 50g,42600,,,12,,208
7791000017343,Pielsana Antiacido masticable x30 comp,7300,,,12,,173
7791000017350,Pielsana Protector solar FPS 50 200ml piel mixta,11350,13350,,12,,223
7791000017367,Pielsana BCAA 2:1:1 x120 caps sabor neutro,15200,,,12,,127
7791000017374,Genbio Spray nasal descongestivo 20ml x30 comp,5650,6300,Oferta,12,,179
7791000017381,Medifar Gel de limpieza facial 150ml piel sensible,48400,74450,,12,/img/demo/prod-7.svg,18
7791000017398,Pielsana Serum vitamina C 30ml piel seca,42900,,,12,,
7791000017404,Genbio Gel de limpieza facial 150ml,28050,37400,,12,,27
7791000017411,Pielsana Carbón activado,14600,29200,,12,,
7791000017428,Pielsana Crema corporal reparadora 300ml,39700,,,12,,
7791000017435,Pielsana Locion post solar 200ml piel seca,21800,,,12,,
7791000017442,Genbio Spray nasal descongestivo 20ml,24250,,,12,,94
7791000017459,Pielsana Té digestivo hierbas serranas x10 comp,9150,,,12,,164
7791000017466,Medifar Hierro + ácido fólico x10 comp,11850,,,12,,185
7791000017473,Genbio Omega 3 1000mg x60 caps sabor neutro,9300,,,12,,
7791000017480,Pielsana Maca andina en polvo 250g sabor neutro,25850,,,12,,135
7791000017497,Pielsana Jarabe para la tos adultos 120ml,6050,8050,,12,,
7791000017503,Pielsana Gel anticelulítico 200ml,46350,,,12,,
7791000017510,Medifar Bálsamo labial FPS 30 piel mixta,65100,,,12,,0
7791000017527,Pielsana Máscara facial hidratante 75ml piel seca,27500,,,12,/img/demo/prod-2.svg,
7791000017534,Pielsana Cetirizina 10mg,1950,2150,,12,,
7791000017541,Genbio Multivitamínico adultos x60,60100,,,12,,149
7791000017558,Medifar Gel de limpieza facial 150ml piel seca,9700,,,12,,180
7791000017565,Medifar Ibuprofeno 600mg x20 comp,17400,23200,,12,,113
7791000017572,Pielsana Protector solar FPS 30 200ml piel sensible,32900,,,12,,208
7791000017589,Pielsana Lansoprazol 30mg,3550,,,12,,101
7791000017596,Pielsana Spray nasal descongestivo 20ml x30 comp,17500,,,12,,61
7791000017602,Pielsana Omega 3 1000mg x60 caps premium,30850,,,12,,
7791000017619,Pielsana Pre-entreno frutos rojos 300g pack x2,16050,,2x1,12,,
7791000017626,Genbio Pre-entreno frutos rojos 300g sabor neutro,13850,18450,Oferta,12,,
7791000017633,Pielsana Agua micelar 400ml piel seca,13550,,,12,,
7791000017640,Medifar Agua micelar 400ml piel sensible,7950,8850,,12,,
7791000017657,Genbio Lansoprazol 30mg x30 comp,9550,12750,Oferta,12,,155
7791000017664,Medifar Omega 3 1000mg x60 caps sabor neutro,33750,,,12,,78
7791000017671,Pielsana Aceite corporal nutritivo 125ml,27350,,,12,,206
7791000017688,Pielsana Ginseng coreano x30 caps,31100,,,12,,209
7791000017695,Pielsana Caramelos de propóleo x50 comp,2950,5900,,12,,
7791000017701,Genbio Ginkgo biloba x60 comp pack x2,19800,,,12,/img/demo/prod-4.svg,
7791000017718,Pielsana Levadura de cerveza 500g sabor neutro,63000,74100,,12,,163
7791000017725,Pielsana Lansoprazol 30mg x20 comp,3000,,,12,,188
7791000017732,Genbio Bálsamo labial FPS 30 piel seca,11300,18850,Oferta,12,,185
7791000017749,Pielsana Crema para dolores musculares 100g x20 comp,3700,,,12,,
7791000017756,Femina BCAA 2:1:1 x120 caps,37450,,,13,,181
7791000017763,Dermalia Colágeno hidrolizado 300g,30450,,,13,,140
7791000017770,Biofem Proteína whey chocolate 1kg,78750,,,13,,167
7791000017787,Biofem Creatina monohidrato 300g,16200,23150,,13,,
7791000017794,Biofem Protector solar FPS 30 200ml,20600,,3x2,13,/img/demo/prod-6.svg,4
7791000017800,Fortex Crema para manos 75ml,8400,,,13,/img/demo/prod-4.svg,225
7791000017817,Femina BCAA 2:1:1 x120 caps premium,13500,,,13,,
7791000017824,Biofem Gel de limpieza facial 150ml piel seca,23000,,,13,,63
7791000017831,Biofem Complejo B x30 comp,7850,8700,,13,,
7791000017848,Fortex Paracetamol 500mg,4000,,3x2,13,,
7791000017855,Femina Serum ácido hialurónico 30ml piel seca,70400,88000,,13,,96
7791000017862,Femina Melatonina 3mg x30 comp,6600,,,13,,
7791000017879,Biofem Aceite corporal nutritivo 125ml piel seca,17300,,,13,,
7791000017886,Biofem Crema despigmentante 30g piel mixta,6050,,,13,,205
7791000017893,Fortex Té digestivo hierbas serranas x50 comp,19800,,,13,,
7791000017909,Dermalia Barritas proteicas caja x12 sabor neutro,22050,,,13,,90
7791000017916,Femina Té digestivo hierbas serranas x10 comp,3950,,,13,,
7791000017923,Biofem Barritas proteicas caja x12,23950,,,13,,
7791000017930,Femina Coenzima Q10 x30 caps premium,24850,,,13,,
7791000017947,Biofem Multivitamínico 50+ x60 sabor neutro,52650,,,13,,
7791000017954,Femina Crema antiage noche 50g,10800,,,13,,
7791000017961,Femina Ibuprofeno 400mg x50 comp,7150,9550,,13,,
7791000017978,Femina Crema corporal reparadora 300ml piel seca,55800,,,13,/img/demo/prod-3.svg,
7791000017985,Dermalia Proteína vegetal 750g,61250,,,13,/img/demo/prod-7.svg,
7791000017992,Biofem Protector solar FPS 30 200ml piel seca,48500,,,13,,
7791000018005,Fortex Bálsamo labial FPS 30 piel seca,6050,,,13,,
7791000018012,Biofem Máscara facial hidratante 75ml piel mixta,6750,9000,,13,/img/demo/prod-4.svg,181
7791000018029,Fortex Hierro + ácido fólico x50 comp,12550,,3x2,13,,
7791000018036,Fortex Lansoprazol 30mg x30 comp,6450,,,13,,197
7791000018043,Fortex Magnesio 400mg x30 comp,2500,,,13,/img/demo/prod-3.svg,
7791000018050,Biofem Glutamina 300g premium,40700,,,13,,
7791000018067,Femina Proteína whey chocolate 1kg pack x2,79800,,,13,,109
7791000018074,Femina Roll-on ojeras 15ml piel mixta,31600,,,13,,
7791000018081,Biofem Aceite corporal nutritivo 125ml,38700,,,13,,236
7791000018098,Fortex Lansoprazol 30mg x20 comp,9350,,,13,,0
7791000018104,Dermalia Gel de limpieza facial 150ml piel sensible,45050,,,13,,
7791000018111,Femina Protector solar facial FPS 50 50ml,8350,,,13,,
7791000018128,Dermalia Multivitamínico 50+ x60 pack x2,35650,50950,Oferta,13,,244
7791000018135,Fortex Paracetamol 1g,4050,,,13,,
7791000018142,Biofem Crema facial hidratante 50g piel mixta,9700,13850,Oferta,13,,
7791000018159,Dermalia Paracetamol 1g x10 comp,11800,,2x1,13,/img/demo/prod-2.svg,
7791000018166,Femina Aspirina 500mg x30 comp,8650,,,13,,151
7791000018173,Dermalia Carbón activado x10 comp,16150,,,13,,160
7791000018180,Fortex Multivitamínico 50+ x60 premium,15450,,2x1,13,,234
7791000018197,Dermalia Barritas proteicas caja x12,18650,,,13,,
7791000018203,Femina Crema antiage noche 50g piel seca,9400,,,13,/img/demo/prod-5.svg,29
7791000018210,Dermalia Paracetamol 1g x30 comp,1950,,,13,,236
7791000018227,Biofem Bálsamo labial FPS 30,8450,,3x2,13,,10
7791000018234,Dermalia Crema facial hidratante 50g piel sensible,56250,,,13,,200
7791000018241,Biofem Proteína vegetal 750g,14800,,Lanzamiento,13,,99
7791000018258,Biofem ZMA x90 caps sabor neutro,11700,,,13,,
7791000018265,Femina Crema facial hidratante 50g piel sensible,12050,,,13,/img/demo/prod-2.svg,3
7791000018272,Dermalia Barritas proteicas caja x12 pack x2,21800,,,13,/img/demo/prod-8.svg,
7791000018289,Dermalia Loratadina 10mg x50 comp,19750,,,13,,
7791000018296,Fortex Vitamina C 500mg efervescente,10750,,,13,,
7791000018302,Dermalia Proteína vegetal 750g pack x2,61900,,,13,,151
7791000018319,Dermalia Diclofenac gel 60g x30 comp,3650,,Lanzamiento,13,,59
7791000018326,Fortex Crema corporal reparadora 300ml piel sensible,15700,19650,Oferta,13,,
7791000018333,Femina Omega 3 1000mg x60 caps,9250,,,13,,192
7791000018340,Biofem Gel de limpieza facial 150ml piel mixta,33350,,,13,,
7791000018357,Biofem Bálsamo labial FPS 30 piel mixta,9800,,,13,/img/demo/prod-1.svg,125
7791000018364,Dermalia Té digestivo hierbas serranas x30 comp,10300,,,13,,43
7791000018371,Femina Cetirizina 10mg x10 comp,3300,3900,Oferta,13,/img/demo/prod-7.svg,
7791000018388,Biofem Caramelos de propóleo,4450,,,13,,
7791000018395,Biofem Creatina monohidrato 300g premium,12500,,,13,,80
7791000018401,Femina Ginseng coreano x30 caps pack x2,36250,,,13,,88
7791000018418,Femina Aspirina 500mg,20300,23900,,13,,
7791000018425,Biofem Serum ácido hialurónico 30ml piel sensible,24400,,,13,,
7791000018432,Femina Aceite corporal nutritivo 125ml piel mixta,25850,,,13,,
7791000018449,Femina Crema facial hidratante 50g piel mixta,15250,,,13,,
7791000018456,Dermalia Aceite corporal nutritivo 125ml piel seca,49150,,,13,,211
7791000018463,Fortex Crema para dolores musculares 100g x10 comp,2200,3400,,13,,
7791000018470,Fortex Crema despigmentante 30g piel mixta,54000,,,13,,224
7791000018487,Femina Protector solar FPS 50 200ml,14300,17900,,13,,123
7791000018494,Femina Crema antiage noche 50g piel sensible,22000,,,13,,100
7791000018500,Fortex Loratadina 10mg,7950,,,13,,
7791000018517,Fortex Proteína whey vainilla 1kg premium,50200,,,13,,96
7791000018524,Femina Multivitamínico 50+ x60 sabor neutro,107300,,,13,,
7791000018531,Fortex Proteína vegetal 750g,27200,34000,,13,,177
7791000018548,Fortex Pre-entreno frutos rojos 300g,60600,,,13,,152
7791000018555,Femina Magnesio 400mg,13050,,,13,,
7791000018562,Biofem Locion post solar 200ml piel seca,15550,,,13,,68
7791000018579,Femina Roll-on ojeras 15ml piel seca,14900,,Combo,13,/img/demo/prod-5.svg,243
7791000018586,Femina ZMA x90 caps sabor neutro,58550,,,13,,
7791000018593,Dermalia Té digestivo hierbas serranas x50 comp,13200,,,13,,178
7791000018609,Fortex Protector solar FPS 50 200ml piel seca,49650,,,13,/img/demo/prod-8.svg,
7791000018616,Femina Jarabe para la tos adultos 120ml x10 comp,9350,11000,Oferta,13,,18
7791000018623,Dermalia Ginkgo biloba x60 comp pack x2,16950,,,13,,
7791000018630,Biofem Loratadina 10mg x10 comp,2150,,,13,,18
7791000018647,Femina Bálsamo labial FPS 30 piel sensible,63550,,,13,/img/demo/prod-3.svg,
7791000018654,Dermalia Protector solar FPS 50 200ml piel sensible,10850,,,13,,66
7791000018661,Dermalia Ibuprofeno 600mg,6600,,,13,,24
7791000018678,Femina Colágeno hidrolizado 300g premium,15850,,,13,,
7791000018685,Femina Cetirizina 10mg x20 comp,6750,,,13,,92
7791000018692,Biofem Omega 3 1000mg x60 caps premium,46200,71100,Oferta,13,/img/demo/prod-5.svg,6
7791000018708,Femina Omeprazol 20mg,2650,,,13,,
7791000018715,Femina Gel anticelulítico 200ml piel seca,30350,,,13,,
7791000018722,Femina Té digestivo hierbas serranas x50 comp,4750,,,13,,110
7791000018739,Femina Caseína micelar 900g pack x2,58050,,,13,,229
7791000018746,Dermalia Aceite corporal nutritivo 125ml,6900,,,13,,211
7791000018753,Biofem Ginseng coreano x30 caps pack x2,10250,,,13,,207
7791000018760,Dermalia BCAA 2:1:1 x120 caps premium,56000,62200,,13,,
7791000018777,Biofem Maca andina en polvo 250g premium,15500,,,13,,190
7791000018784,Biofem Paracetamol 1g x30 comp,8550,,,13,,234
7791000018791,Femina Proteína whey vainilla 1kg premium,46700,,,13,,26
7791000018807,Femina Coenzima Q10 x30 caps sabor neutro,25500,,,13,,
7791000018814,Femina Creatina monohidrato 300g sabor neutro,67900,,,13,,185
7791000018821,Femina Complejo B,8950,,,13,,
7791000018838,Femina Complejo B x10 comp,1950,,,13,,1
7791000018845,Dermalia Levadura de cerveza 500g premium,113250,188750,,13,,95
7791000018852,Femina Levadura de cerveza 500g premium,87200,,,13,,50
7791000018869,Biofem Omega 3 1000mg x60 caps pack x2,43650,,,13,,31
7791000018876,Fortex BCAA 2:1:1 x120 caps sabor neutro,36900,,,13,,
7791000018883,Fortex Gel de limpieza facial 150ml,28300,,,13,,136
7791000018890,Fortex Crema corporal reparadora 300ml piel mixta,47950,,,13,,
7791000018906,Fortex Ginseng coreano x30 caps sabor neutro,25750,,,13,,
7791000018913,Biofem Crema para dolores musculares 100g x50 comp,16700,,,13,,
7791000018920,Biofem Protector solar FPS 30 200ml piel mixta,60700,,,13,,72
7791000018937,Dermalia Caseína micelar 900g sabor neutro,34250,,,13,,
7791000018944,Fortex Ibuprofeno 600mg x50 comp,2050,2400,,13,,102
7791000018951,Femina Paracetamol 1g x20 comp,4300,,,13,,222
7791000018968,Femina Multivitamínico adultos x60 sabor neutro,74300,,,13,,
7791000018975,Fortex Carbón activado x50 comp,3250,,,13,,
7791000018982,Femina Exfoliante facial 100g piel sensible,23900,26550,,13,,
7791000018999,Dermalia Jarabe expectorante infantil 120ml x50 comp,22550,,,13,,27
7791000019002,Fortex Creatina monohidrato 300g sabor neutro,62000,,,13,,133
7791000019019,Femina Maca andina en polvo 250g,17500,,,13,,189
7791000019026,Fortex BCAA 2:1:1 x120 caps premium,25600,,,13,,
7791000019033,Dermalia Jarabe expectorante infantil 120ml x20 comp,14700,,,13,,
7791000019040,Biofem Levadura de cerveza 500g premium,25300,,,13,,0
7791000019057,Fortex Crema facial hidratante 50g piel seca,7300,,,13,/img/demo/prod-7.svg,15
7791000019064,Fortex Gotas oftálmicas lubricantes 15ml x10 comp,1950,,,13,,
7791000019071,Femina Vitamina C 500mg efervescente x30 comp,10950,,3x2,13,,198
7791000019088,Fortex Omeprazol 20mg x20 comp,3300,,,13,,
7791000019095,Femina Proteína whey chocolate 1kg sabor neutro,55550,,,13,,121
7791000019101,Fortex Complejo B x30 comp,1850,,,13,,29
7791000019118,Fortex Serum ácido hialurónico 30ml piel sensible,7200,,,13,,125
7791000019125,Femina Pre-entreno frutos rojos 300g,28200,47000,,13,,64
7791000019132,Biofem Glutamina 300g sabor neutro,19050,,,13,,
7791000019149,Fortex Serum vitamina C 30ml,13550,20850,,13,,
7791000019156,Sanix Maca andina en polvo 250g pack x2,26450,,,14,,0
7791000019163,Solarmed Jarabe para la tos adultos 120ml x50 comp,17250,,,14,/img/demo/prod-6.svg,2
7791000019170,Sanix Spray nasal descongestivo 20ml x30 comp,4350,,,14,/img/demo/prod-5.svg,240
7791000019187,Biosol Carbón activado x10 comp,6050,,,14,,
7791000019194,Sanix Carbón activado x30 comp,12200,,,14,,
7791000019200,Sanix Hierro + ácido fólico x30 comp,11000,,,14,,231
7791000019217,Solarmed Aspirina 500mg x30 comp,3800,5450,,14,,
7791000019224,Nutrivida Crema corporal reparadora 300ml piel sensible,19550,,2x1,14,,88
7791000019231,Sanix Hierro + ácido fólico x10 comp,22050,,,14,,
7791000019248,Solarmed Aceite corporal nutritivo 125ml piel seca,8550,,,14,,131
7791000019255,Nutrivida Protector solar FPS 50 200ml piel seca,8300,,,14,,
7791000019262,Solarmed Aspirina 500mg x20 comp,2800,,,14,/img/demo/prod-6.svg,10
7791000019279,Solarmed Hierro + ácido fólico x30 comp,10600,,,14,/img/demo/prod-7.svg,148
7791000019286,Solarmed Creatina monohidrato 300g,55800,,,14,/img/demo/prod-6.svg,
7791000019293,Nutrivida Crema despigmentante 30g piel mixta,11900,15850,,14,,0
7791000019309,Biosol Coenzima Q10 x30 caps premium,31000,,,14,,2
7791000019316,Solarmed Exfoliante facial 100g,15900,31800,,14,,
7791000019323,Sanix Melatonina 3mg x50 comp,5250,,,14,,236
7791000019330,Solarmed Paracetamol 500mg,15100,,,14,,80
7791000019347,Solarmed Máscara facial hidratante 75ml piel mixta,17100,,,14,,206
7791000019354,Sanix Crema para manos 75ml,28450,,,14,,235
7791000019361,Biosol Omeprazol 20mg,2000,,,14,,
7791000019378,Nutrivida Coenzima Q10 x30 caps sabor neutro,32350,,,14,,92
7791000019385,Sanix Máscara facial hidratante 75ml piel seca,16900,,,14,,122
7791000019392,Biosol Caseína micelar 900g premium,31050,,,14,,27
7791000019408,Biosol Gel de limpieza facial 150ml piel mixta,8650,,,14,,
7791000019415,Nutrivida Multivitamínico adultos x60,72400,,,14,,
7791000019422,Nutrivida Crema para manos 75ml piel mixta,9450,,,14,,13
7791000019439,Sanix Crema facial hidratante 50g,9950,,,14,,
7791000019446,Solarmed Melatonina 3mg x30 comp,1900,,,14,,151
7791000019453,Sanix Cetirizina 10mg x30 comp,7200,,,14,/img/demo/prod-6.svg,82
7791000019460,Solarmed Complejo B,10550,,,14,,211
7791000019477,Solarmed Glutamina 300g premium,72700,,,14,,85
7791000019484,Solarmed Crema antiage noche 50g piel sensible,52150,,,14,,
7791000019491,Biosol Lansoprazol 30mg x20 comp,9900,,Lanzamiento,14,,
7791000019507,Solarmed Omeprazol 20mg x50 comp,14150,,,14,,
7791000019514,Sanix Vitamina C 500mg efervescente x20 comp,16650,,,14,/img/demo/prod-5.svg,
7791000019521,Solarmed Locion post solar 200ml,26050,,,14,,
7791000019538,Solarmed BCAA 2:1:1 x120 caps,44350,,,14,,
7791000019545,Sanix Serum vitamina C 30ml piel mixta,25500,,,14,,
7791000019552,Nutrivida BCAA 2:1:1 x120 caps premium,42400,,,14,,
7791000019569,Biosol Pre-entreno frutos rojos 300g,28350,,,14,,190
7791000019576,Nutrivida Contorno de ojos 15ml piel seca,21850,,,14,,
7791000019583,Biosol Proteína whey chocolate 1kg sabor neutro,10250,,,14,,
7791000019590,Solarmed Aspirina 500mg x50 comp,7150,8400,,14,,14
7791000019606,Nutrivida Pre-entreno frutos rojos 300g,18550,,,14,,
7791000019613,Nutrivida Ginseng coreano x30 caps,11750,,Lanzamiento,14,,
7791000019620,Biosol Crema corporal reparadora 300ml piel mixta,28800,,,14,,148
7791000019637,Nutrivida Omeprazol 20mg,2500,,,14,,220
7791000019644,Nutrivida Complejo B x30 comp,3700,4650,Oferta,14,,
7791000019651,Nutrivida Loratadina 10mg x30 comp,2550,2850,,14,,
7791000019668,Solarmed Caseína micelar 900g,55250,,,14,,
7791000019675,Biosol Locion post solar 200ml piel mixta,7600,,,14,,192
7791000019682,Sanix Ibuprofeno 400mg x50 comp,22250,,,14,,175
7791000019699,Nutrivida Crema facial hidratante 50g piel sensible,20150,,,14,,
7791000019705,Biosol Creatina monohidrato 300g,24500,,,14,,
7791000019712,Biosol Omeprazol 20mg x30 comp,7800,,,14,,89
7791000019729,Solarmed Té digestivo hierbas serranas,2550,,,14,,
7791000019736,Sanix Proteína vegetal 750g pack x2,29850,,,14,,
7791000019743,Nutrivida Ginseng coreano x30 caps sabor neutro,24000,,,14,,148
7791000019750,Nutrivida Serum vitamina C 30ml piel sensible,24000,,,14,,75
7791000019767,Nutrivida Proteína whey chocolate 1kg premium,40100,,,14,,135
7791000019774,Solarmed Ibuprofeno 600mg,5650,,,14,,211
7791000019781,Sanix Diclofenac gel 60g x30 comp,3050,,,14,,
7791000019798,Sanix Multivitamínico 50+ x60 pack x2,30900,51500,,14,,34
7791000019804,Solarmed Crema para manos 75ml,34550,,,14,,8
7791000019811,Nutrivida Glutamina 300g pack x2,10500,,,14,,
7791000019828,Nutrivida Gel anticelulítico 200ml piel mixta,17350,,,14,,54
7791000019835,Biosol Diclofenac gel 60g x10 comp,2200,2950,,14,,
7791000019842,Biosol Levadura de cerveza 500g,19250,27500,,14,/img/demo/prod-3.svg,7
7791000019859,Nutrivida Máscara facial hidratante 75ml piel seca,13200,,,14,/img/demo/prod-1.svg,
7791000019866,Biosol Roll-on ojeras 15ml piel seca,7950,9950,Oferta,14,,
7791000019873,Sanix Magnesio 400mg x50 comp,8600,,,14,,94
7791000019880,Sanix Espirulina x90 comp sabor neutro,47350,,,14,,44
7791000019897,Solarmed Omega 3 1000mg x60 caps sabor neutro,62700,,Combo,14,/img/demo/prod-6.svg,
7791000019903,Sanix Caramelos de propóleo,9000,,,14,,238
7791000019910,Nutrivida Locion post solar 200ml piel seca,54800,,,14,,
7791000019927,Solarmed Ginkgo biloba x60 comp premium,58250,116500,,14,,28
7791000019934,Nutrivida Lansoprazol 30mg x20 comp,5100,,,14,,
7791000019941,Solarmed Serum ácido hialurónico 30ml piel sensible,35900,,,14,,
7791000019958,Sanix Complejo B,2050,,,14,,
7791000019965,Solarmed Agua micelar 400ml,13150,,,14,,
7791000019972,Solarmed Glutamina 300g sabor neutro,67800,,,14,,
7791000019989,Nutrivida Proteína whey chocolate 1kg pack x2,40800,,,14,,
7791000019996,Sanix Protector solar FPS 30 200ml piel seca,18750,,,14,/img/demo/prod-2.svg,
7791000020008,Nutrivida Omega 3 1000mg x60 caps pack x2,65800,,,14,/img/demo/prod-3.svg,60
7791000020015,Nutrivida Omega 3 1000mg x60 caps sabor neutro,19700,,,14,,
7791000020022,Nutrivida Protector solar FPS 30 200ml piel mixta,9400,,,14,,154
7791000020039,Solarmed Melatonina 3mg,1900,,,14,/img/demo/prod-5.svg,10
7791000020046,Biosol Caseína micelar 900g sabor neutro,80300,,,14,,
7791000020053,Nutrivida Spray nasal descongestivo 20ml x50 comp,13900,,,14,,
7791000020060,Solarmed Caramelos de propóleo x10 comp,2600,,,14,,98
7791000020077,Biosol Diclofenac gel 60g x50 comp,16850,19800,Oferta,14,,235
7791000020084,Solarmed Crema facial hidratante 50g,50800,,,14,,236
7791000020091,Biosol Omega 3 1000mg x60 caps premium,29300,,,14,,
7791000020107,Sanix BCAA 2:1:1 x120 caps sabor neutro,17500,,,14,,
7791000020114,Sanix Crema facial hidratante 50g piel seca,34850,,,14,,234
7791000020121,Sanix Pre-entreno frutos rojos 300g sabor neutro,41450,69100,,14,,
7791000020138,Biosol Coenzima Q10 x30 caps pack x2,73600,,,14,/img/demo/prod-8.svg,
7791000020145,Sanix Crema corporal reparadora 300ml piel seca,35850,,,14,,96
7791000020152,Biosol Crema antiage noche 50g,16850,,,14,,
7791000020169,Solarmed Gel de limpieza facial 150ml piel mixta,12000,,,14,/img/demo/prod-3.svg,153
7791000020176,Sanix Ginseng coreano x30 caps premium,10100,11200,,14,,80
7791000020183,Biosol BCAA 2:1:1 x120 caps,15200,17900,,14,,0
7791000020190,Biosol Maca andina en polvo 250g,10150,,,14,,72
7791000020206,Sanix Magnesio 400mg,2050,2550,,14,,
7791000020213,Solarmed Té digestivo hierbas serranas x20 comp,18500,20550,Oferta,14,/img/demo/prod-2.svg,117
7791000020220,Sanix ZMA x90 caps pack x2,113200,,,14,,73
7791000020237,Nutrivida Proteína vegetal 750g,55150,61300,,14,,61
7791000020244,Biosol Multivitamínico adultos x60 premium,20850,,,14,,
7791000020251,Sanix Creatina monohidrato 300g sabor neutro,46750,,,14,,
7791000020268,Solarmed Paracetamol 500mg x30 comp,4800,8000,,14,,42
7791000020275,Biosol Melatonina 3mg x20 comp,2800,,,14,,74
7791000020282,Solarmed Serum vitamina C 30ml piel seca,8800,9800,,14,,
7791000020299,Nutrivida BCAA 2:1:1 x120 caps sabor neutro,24300,,,14,,
7791000020305,Biosol Magnesio 400mg x50 comp,3700,,,14,,
7791000020312,Solarmed Caramelos de propóleo x30 comp,7650,,,14,,
7791000020329,Solarmed Crema corporal reparadora 300ml piel seca,21350,,,14,,73
7791000020336,Biosol Protector solar FPS 50 200ml piel seca,9250,11550,,14,,
7791000020343,Solarmed Espirulina x90 comp pack x2,59450,,,14,,
7791000020350,Biosol Ibuprofeno 600mg x50 comp,9050,,,14,,
7791000020367,Sanix Aspirina 500mg x10 comp,12650,,,14,,
7791000020374,Sanix Antiacido masticable x20 comp,23100,,,14,,138
7791000020381,Sanix Gotas oftálmicas lubricantes 15ml x10 comp,8200,,Lanzamiento,14,/img/demo/prod-5.svg,37
7791000020398,Sanix Carbón activado,5450,,,14,,165
7791000020404,Sanix Crema para dolores musculares 100g,20450,,,14,,
7791000020411,Biosol Locion post solar 200ml piel seca,19250,22650,,14,,
7791000020428,Solarmed Loratadina 10mg x50 comp,5450,,,14,,199
7791000020435,Sanix Jarabe expectorante infantil 120ml,4350,,,14,/img/demo/prod-2.svg,
7791000020442,Biosol Ginkgo biloba x60 comp sabor neutro,9100,,,14,,38
7791000020459,Biosol Pre-entreno frutos rojos 300g sabor neutro,56400,,,14,/img/demo/prod-7.svg,
7791000020466,Sanix Máscara facial hidratante 75ml,24800,,,14,/img/demo/prod-7.svg,168
7791000020473,Sanix Protector solar FPS 30 200ml piel sensible,16550,,,14,,
7791000020480,Biosol Bálsamo labial FPS 30 piel sensible,37750,,,14,,
7791000020497,Solarmed Pre-entreno frutos rojos 300g pack x2,84250,,,14,/img/demo/prod-1.svg,
7791000020503,Solarmed Carbón activado x50 comp,4100,,3x2,14,,
7791000020510,Biosol Protector solar FPS 30 200ml,22500,45000,,14,,
7791000020527,Biosol Barritas proteicas caja x12 pack x2,89350,,,14,,66
7791000020534,Nutrivida Serum ácido hialurónico 30ml,10950,,,14,,104
7791000020541,Biosol Ginseng coreano x30 caps sabor neutro,50500,,,14,,239
7791000020558,Biosol Melatonina 3mg x30 comp,4300,,,14,,213
7791000020565,Sanix Ginkgo biloba x60 comp,20600,27450,,14,,175
7791000020572,Sanix Contorno de ojos 15ml piel mixta,43150,71900,,14,,
7791000020589,Biosol Loratadina 10mg x30 comp,3600,,,14,,121
7791000020596,Nutrivida Serum vitamina C 30ml piel seca,27100,,,14,,
7791000020602,Biosol Contorno de ojos 15ml piel sensible,10200,,,14,/img/demo/prod-2.svg,
7791000020619,Sanix Multivitamínico 50+ x60 premium,13750,,,14,,194
7791000020626,Biosol Agua micelar 400ml piel seca,14700,,,14,/img/demo/prod-8.svg,229
7791000020633,Nutrivida Jarabe para la tos adultos 120ml x10 comp,6250,,,14,,
7791000020640,Biosol Sales de rehidratación oral x30 comp,6600,,,14,,241
7791000020657,Nutrivida Contorno de ojos 15ml piel mixta,20600,,,14,,191
7791000020664,Solarmed Paracetamol 1g,5350,,,14,,
7791000020671,Nutrivida Crema facial hidratante 50g piel mixta,57850,,,14,,48
7791000020688,Biosol Ginkgo biloba x60 comp pack x2,46250,,,14,/img/demo/prod-6.svg,155
7791000020695,Nutrivida Crema para dolores musculares 100g x10 comp,25000,,,14,,244
7791000020701,Nutrivida Sales de rehidratación oral,3050,,,14,,
7791000020718,Nutrivida Complejo B,19000,38000,,14,/img/demo/prod-3.svg,
7791000020725,Sanix Multivitamínico 50+ x60 sabor neutro,9800,,,14,,
7791000020732,Nutrivida Crema para manos 75ml,10450,,,14,,
7791000020749,Sanix Crema antiage noche 50g piel mixta,24650,27400,,14,,
7791000020756,Biosol Loratadina 10mg x10 comp,5450,,,14,,
7791000020763,Puravit Ginkgo biloba x60 comp premium,40250,,Combo,15,,25
7791000020770,Puravit Crema antiage noche 50g piel sensible,36150,42550,,15,,
7791000020787,Farmax Levadura de cerveza 500g pack x2,24650,37900,,15,,
7791000020794,Puravit Spray nasal descongestivo 20ml,10450,,,15,,
7791000020800,Activlife Multivitamínico 50+ x60 premium,73900,,,15,,
7791000020817,Farmax Crema antiage noche 50g piel sensible,7300,,,15,,
7791000020824,Farmax Ginseng coreano x30 caps sabor neutro,22200,,,15,,190
7791000020831,Activlife Vitamina C 500mg efervescente x20 comp,3350,,,15,,
7791000020848,Activlife BCAA 2:1:1 x120 caps sabor neutro,24550,,,15,,0
7791000020855,Puravit Lansoprazol 30mg x10 comp,16900,19900,,15,,
7791000020862,Puravit Caseína micelar 900g,12700,,,15,,77
7791000020879,Farmax Roll-on ojeras 15ml,28700,,,15,,23
7791000020886,Puravit Maca andina en polvo 250g premium,16700,,,15,,
7791000020893,Activlife Hierro + ácido fólico x20 comp,4150,,Lanzamiento,15,,105
7791000020909,Activlife Paracetamol 1g,1850,,,15,,
7791000020916,Puravit ZMA x90 caps premium,21800,,,15,,116
7791000020923,Puravit Crema para manos 75ml piel mixta,39150,,,15,,170
7791000020930,Puravit Aceite corporal nutritivo 125ml piel mixta,15950,31900,,15,,0
7791000020947,Farmax Crema corporal reparadora 300ml piel mixta,16950,21200,,15,,
7791000020954,Puravit Proteína vegetal 750g sabor neutro,37050,,,15,,
7791000020961,Puravit Proteína whey vainilla 1kg premium,18350,,,15,,95
7791000020978,Activlife Espirulina x90 comp pack x2,68100,80100,Oferta,15,,
7791000020985,Activlife Té digestivo hierbas serranas x20 comp,1800,,,15,/img/demo/prod-7.svg,4
7791000020992,Puravit Lansoprazol 30mg,11500,17700,,15,,169
7791000021005,Puravit Jarabe expectorante infantil 120ml x50 comp,8000,,,15,,234
7791000021012,Puravit Serum ácido hialurónico 30ml piel sensible,9600,,,15,,102
7791000021029,Puravit Gotas oftálmicas lubricantes 15ml,7400,,,15,,5
7791000021036,Puravit Máscara facial hidratante 75ml,16200,,,15,,157
7791000021043,Activlife Diclofenac gel 60g x20 comp,20050,,,15,,
7791000021050,Farmax Crema corporal reparadora 300ml piel seca,44150,,,15,,1
7791000021067,Puravit Melatonina 3mg x50 comp,2250,,,15,,0
7791000021074,Puravit Coenzima Q10 x30 caps pack x2,59300,,,15,,
7791000021081,Puravit Espirulina x90 comp premium,43650,,,15,,
7791000021098,Farmax BCAA 2:1:1 x120 caps sabor neutro,12300,,,15,,224
7791000021104,Puravit Caseína micelar 900g premium,9500,,,15,,
7791000021111,Puravit Ginkgo biloba x60 comp,73700,81900,,15,,
7791000021128,Farmax Crema facial hidratante 50g piel mixta,46500,,,15,,
7791000021135,Puravit Multivitamínico 50+ x60 pack x2,54000,,,15,,
7791000021142,Activlife Spray nasal descongestivo 20ml x50 comp,14400,,,15,,139
7791000021159,Puravit Vitamina C 500mg efervescente x20 comp,2050,,,15,,235
7791000021166,Puravit Aceite corporal nutritivo 125ml piel seca,17700,,,15,,188
7791000021173,Activlife Omega 3 1000mg x60 caps,64850,,,15,/img/demo/prod-2.svg,
7791000021180,Puravit Paracetamol 1g x10 comp,2350,,,15,,53
7791000021197,Activlife Crema facial hidratante 50g,6500,,,15,,170
7791000021203,Activlife Vitamina C 500mg efervescente,5600,,,15,,132
7791000021210,Puravit Jarabe para la tos adultos 120ml,3200,,,15,,
7791000021227,Activlife Omega 3 1000mg x60 caps sabor neutro,38100,,,15,,137
7791000021234,Puravit Crema corporal reparadora 300ml piel mixta,12450,,,15,,
7791000021241,Puravit Carbón activado x10 comp,2300,,,15,,206
7791000021258,Puravit Lansoprazol 30mg x50 comp,7050,,Lanzamiento,15,,
7791000021265,Puravit Spray nasal descongestivo 20ml x30 comp,4000,,,15,,
7791000021272,Puravit Té digestivo hierbas serranas x30 comp,5950,,,15,,17
7791000021289,Puravit Ibuprofeno 600mg,6100,12200,,15,,109
7791000021296,Puravit Gotas oftálmicas lubricantes 15ml x20 comp,1950,,3x2,15,,57
7791000021302,Puravit Protector solar FPS 50 200ml piel sensible,60700,,,15,,
7791000021319,Activlife Té digestivo hierbas serranas,18700,26700,,15,,
7791000021326,Activlife Serum ácido hialurónico 30ml,10950,,,15,,92
7791000021333,Farmax Contorno de ojos 15ml piel sensible,8550,,,15,,88
7791000021340,Puravit Contorno de ojos 15ml,25850,,,15,,11
7791000021357,Puravit Levadura de cerveza 500g pack x2,20100,,,15,,62
7791000021364,Puravit Exfoliante facial 100g piel sensible,9750,,,15,,
7791000021371,Activlife Roll-on ojeras 15ml piel seca,9700,,,15,,152
7791000021388,Farmax Multivitamínico adultos x60 premium,84400,140650,Oferta,15,/img/demo/prod-2.svg,115
7791000021395,Puravit Glutamina 300g sabor neutro,10100,,,15,,
7791000021401,Farmax Ibuprofeno 400mg x50 comp,5900,8450,,15,,
7791000021418,Activlife Maca andina en polvo 250g sabor neutro,36400,,,15,,
7791000021425,Activlife Maca andina en polvo 250g pack x2,113800,,2x1,15,/img/demo/prod-6.svg,
7791000021432,Puravit Colágeno hidrolizado 300g pack x2,37600,,,15,/img/demo/prod-2.svg,
7791000021449,Puravit Jarabe para la tos adultos 120ml x50 comp,15650,,,15,,78
7791000021456,Puravit Loratadina 10mg,24450,32600,,15,,140
7791000021463,Activlife Bálsamo labial FPS 30,9350,,,15,,100
7791000021470,Farmax Proteína whey vainilla 1kg,59150,,Lanzamiento,15,,
7791000021487,Activlife Jarabe para la tos adultos 120ml x30 comp,2850,,,15,,
7791000021494,Puravit Gel anticelulítico 200ml,26700,,,15,,211
7791000021500,Activlife Ginseng coreano x30 caps pack x2,18350,,,15,,43
7791000021517,Puravit Crema facial hidratante 50g piel mixta,36400,,,15,/img/demo/prod-5.svg,
7791000021524,Farmax Ibuprofeno 600mg x20 comp,12600,,,15,,
7791000021531,Activlife Colágeno hidrolizado 300g sabor neutro,78500,,,15,,46
7791000021548,Puravit Barritas proteicas caja x12 sabor neutro,52550,,,15,,244
7791000021555,Puravit Caramelos de propóleo x20 comp,7050,,,15,,
7791000021562,Puravit Multivitamínico adultos x60 pack x2,54950,,,15,,110
7791000021579,Activlife Hierro + ácido fólico x10 comp,8200,10250,,15,,8
7791000021586,Farmax Sales de rehidratación oral,5050,,,15,,
7791000021593,Puravit Coenzima Q10 x30 caps premium,13700,,,15,,201
7791000021609,Puravit Multivitamínico 50+ x60 premium,14600,,,15,,159
7791000021616,Farmax Ibuprofeno 600mg x50 comp,3050,4700,,15,,119
7791000021623,Puravit Carbón activado x20 comp,7700,,,15,/img/demo/prod-1.svg,202
7791000021630,Puravit Paracetamol 500mg,5300,,,15,,150
7791000021647,Farmax Ibuprofeno 600mg x30 comp,4150,4900,Oferta,15,,
7791000021654,Farmax Levadura de cerveza 500g sabor neutro,9850,,,15,,30
7791000021661,Puravit Crema facial hidratante 50g,26350,,,15,,105
7791000021678,Puravit Crema para dolores musculares 100g x50 comp,2150,,,15,,
7791000021685,Puravit Gotas oftálmicas lubricantes 15ml x30 comp,6200,,3x2,15,,
7791000021692,Farmax Proteína vegetal 750g,39950,,,15,,
7791000021708,Puravit Antiacido masticable,4500,,,15,/img/demo/prod-7.svg,
7791000021715,Activlife Maca andina en polvo 250g premium,21550,,,15,,
7791000021722,Puravit Aceite corporal nutritivo 125ml piel sensible,19050,,,15,,240
7791000021739,Activlife Protector solar facial FPS 50 50ml piel sensible,16600,,,15,,141
7791000021746,Puravit Exfoliante facial 100g piel seca,57250,76350,,15,,
7791000021753,Activlife Multivitamínico adultos x60,27050,,,15,,168
7791000021760,Activlife Crema corporal reparadora 300ml piel seca,8550,,,15,,214
7791000021777,Puravit Diclofenac gel 60g x30 comp,6250,,,15,,135
7791000021784,Activlife Protector solar FPS 30 200ml piel sensible,28450,,,15,,
7791000021791,Activlife Multivitamínico adultos x60 pack x2,51200,85350,Oferta,15,/img/demo/prod-6.svg,246
7791000021807,Puravit Levadura de cerveza 500g premium,27100,,,15,,
7791000021814,Puravit Creatina monohidrato 300g sabor neutro,25500,,,15,,
7791000021821,Puravit Protector solar FPS 30 200ml,21950,,,15,,41
7791000021838,Puravit Jarabe para la tos adultos 120ml x20 comp,5000,,,15,,245
7791000021845,Farmax Loratadina 10mg x50 comp,4850,,,15,,182
7791000021852,Farmax Roll-on ojeras 15ml piel mixta,8100,13500,Oferta,15,,
7791000021869,Farmax Gel de limpieza facial 150ml piel mixta,17100,,,15,,204
7791000021876,Activlife Spray nasal descongestivo 20ml x30 comp,23900,26550,,15,,0
7791000021883,Activlife Multivitamínico adultos x60 premium,61400,,,15,,230
7791000021890,Puravit Paracetamol 500mg x30 comp,3500,,,15,,
7791000021906,Farmax Magnesio 400mg x50 comp,18000,,,15,,
7791000021913,Farmax Jarabe expectorante infantil 120ml,6550,,,15,,
7791000021920,Activlife Aceite corporal nutritivo 125ml piel seca,6500,10000,,15,,212
7791000021937,Activlife Exfoliante facial 100g,47000,78350,,15,,
7791000021944,Farmax Proteína whey chocolate 1kg sabor neutro,35700,,,15,,
7791000021951,Activlife Contorno de ojos 15ml piel sensible,19900,,,15,/img/demo/prod-4.svg,
7791000021968,Puravit Proteína whey vainilla 1kg pack x2,15300,,,15,,
7791000021975,Activlife Espirulina x90 comp premium,19200,,,15,,244
7791000021982,Activlife Complejo B x10 comp,12150,,,15,/img/demo/prod-6.svg,58
7791000021999,Activlife Bálsamo labial FPS 30 piel mixta,10100,11900,,15,/img/demo/prod-3.svg,229
7791000022002,Farmax Ginkgo biloba x60 comp pack x2,13950,,,15,/img/demo/prod-8.svg,
7791000022019,Puravit Melatonina 3mg x10 comp,10250,15750,,15,,
7791000022026,Puravit Crema para dolores musculares 100g,6150,,,15,,
7791000022033,Farmax Sales de rehidratación oral x30 comp,11600,,,15,,99
7791000022040,Farmax Glutamina 300g pack x2,25450,,,15,,
7791000022057,Farmax Antiacido masticable,4250,,,15,,217
7791000022064,Farmax Complejo B x10 comp,15400,,,15,/img/demo/prod-6.svg,209
7791000022071,Farmax Proteína whey chocolate 1kg,59450,,,15,,
7791000022088,Activlife Ibuprofeno 600mg,2450,,,15,,
7791000022095,Puravit Gel de limpieza facial 150ml piel mixta,6150,,2x1,15,,37
7791000022101,Puravit Sales de rehidratación oral x50 comp,6100,8150,,15,,189
7791000022118,Puravit Ginseng coreano x30 caps sabor neutro,21050,,,15,,127
7791000022125,Puravit Sales de rehidratación oral,3550,,,15,/img/demo/prod-3.svg,196
7791000022132,Activlife Gel anticelulítico 200ml,48100,,,15,,0
7791000022149,Activlife Paracetamol 500mg x50 comp,24000,,,15,,
7791000022156,Activlife Antiacido masticable x50 comp,2650,,,15,,73
7791000022163,Puravit Ginseng coreano x30 caps,21450,,,15,/img/demo/prod-8.svg,32
7791000022170,Puravit Complejo B x10 comp,11650,15550,Oferta,15,,
7791000022187,Nutrivida Crema para dolores musculares 100g x20 comp,4250,6050,,16,,
7791000022194,Activlife Caseína micelar 900g premium,67350,,,16,,79
7791000022200,Nutrivida Jarabe expectorante infantil 120ml x20 comp,8600,,,16,,176
7791000022217,Pielsana Antiacido masticable x10 comp,7400,,,16,,213
7791000022224,Vigorplus Coenzima Q10 x30 caps premium,11300,16150,,16,,
7791000022231,Vigorplus Proteína whey chocolate 1kg sabor neutro,10800,,,16,,242
7791000022248,Pielsana Sales de rehidratación oral x20 comp,12150,,,16,,
7791000022255,Nutrivida Máscara facial hidratante 75ml,20000,25000,,16,,56
7791000022262,Vigorplus Sales de rehidratación oral x20 comp,8800,,,16,/img/demo/prod-8.svg,
7791000022279,Activlife Melatonina 3mg x20 comp,8950,13750,,16,,
7791000022286,Vigorplus Aspirina 500mg x20 comp,3950,,2x1,16,/img/demo/prod-4.svg,
7791000022293,Pielsana Ibuprofeno 600mg,13450,,,16,,17
7791000022309,Vigorplus Proteína whey vainilla 1kg premium,26650,,,16,,134
7791000022316,Vigorplus Té digestivo hierbas serranas x10 comp,22350,,,16,,
7791000022323,Nutrivida Serum vitamina C 30ml piel sensible,6450,,,16,/img/demo/prod-3.svg,
7791000022330,Nutrivida Caseína micelar 900g sabor neutro,26450,,,16,/img/demo/prod-3.svg,
7791000022347,Pielsana Complejo B,5900,,,16,,176
7791000022354,Vigorplus Levadura de cerveza 500g,44850,59800,,16,,
7791000022361,Activlife Omega 3 1000mg x60 caps sabor neutro,38150,,,16,,24
7791000022378,Vigorplus Ginkgo biloba x60 comp,27800,,,16,,
7791000022385,Nutrivida Omega 3 1000mg x60 caps sabor neutro,98350,,,16,,
7791000022392,Nutrivida Coenzima Q10 x30 caps pack x2,29950,42800,Oferta,16,,106
7791000022408,Nutrivida Jarabe para la tos adultos 120ml x30 comp,5400,,,16,,
7791000022415,Pielsana Colágeno hidrolizado 300g pack x2,9750,,,16,/img/demo/prod-4.svg,244
7791000022422,Vigorplus Glutamina 300g pack x2,38900,,,16,,234
7791000022439,Vigorplus Crema facial hidratante 50g piel sensible,19350,,,16,,
7791000022446,Vigorplus Hierro + ácido fólico x20 comp,13700,,,16,,
7791000022453,Vigorplus Contorno de ojos 15ml piel seca,12350,,,16,,
7791000022460,Vigorplus Ginseng coreano x30 caps sabor neutro,100000,,,16,,
7791000022477,Vigorplus Gel anticelulítico 200ml piel seca,13700,,,16,/img/demo/prod-8.svg,74
7791000022484,Pielsana Gotas oftálmicas lubricantes 15ml x30 comp,2700,,,16,/img/demo/prod-6.svg,
7791000022491,Nutrivida Máscara facial hidratante 75ml piel seca,6950,,,16,,247
7791000022507,Nutrivida Contorno de ojos 15ml,54950,,2x1,16,,
7791000022514,Activlife Crema para dolores musculares 100g,1950,,,16,,192
7791000022521,Nutrivida Vitamina C 500mg efervescente x10 comp,17400,21750,,16,,
7791000022538,Nutrivida Crema despigmentante 30g piel sensible,50500,,,16,,
7791000022545,Vigorplus Sales de rehidratación oral,4200,,,16,,210
7791000022552,Pielsana Serum vitamina C 30ml piel seca,9150,,,16,,
7791000022569,Nutrivida Espirulina x90 comp sabor neutro,14400,,,16,,
7791000022576,Activlife Contorno de ojos 15ml piel seca,17000,,,16,,116
7791000022583,Nutrivida Loratadina 10mg x20 comp,10750,,,16,,
7791000022590,Vigorplus Paracetamol 1g,6450,,,16,,
7791000022606,Pielsana Multivitamínico adultos x60,10500,,,16,/img/demo/prod-5.svg,
7791000022613,Activlife Espirulina x90 comp pack x2,70200,140400,,16,,155
7791000022620,Pielsana Máscara facial hidratante 75ml piel sensible,8950,,,16,,
7791000022637,Nutrivida Sales de rehidratación oral,6850,,3x2,16,,
7791000022644,Activlife Coenzima Q10 x30 caps pack x2,9800,,,16,,
7791000022651,Pielsana Espirulina x90 comp pack x2,10150,,,16,,
7791000022668,Vigorplus BCAA 2:1:1 x120 caps sabor neutro,28450,,,16,,
7791000022675,Activlife Barritas proteicas caja x12 sabor neutro,43900,,,16,,66
7791000022682,Activlife Maca andina en polvo 250g sabor neutro,67650,,,16,,114
7791000022699,Pielsana Proteína vegetal 750g premium,24650,,,16,,
7791000022705,Vigorplus Exfoliante facial 100g,48350,69050,,16,,
7791000022712,Activlife Crema para dolores musculares 100g x10 comp,11050,,,16,,216
7791000022729,Activlife Creatina monohidrato 300g,82350,,,16,,209
7791000022736,Pielsana Aceite corporal nutritivo 125ml,8550,,,16,,
7791000022743,Activlife Locion post solar 200ml piel seca,55600,,,16,/img/demo/prod-4.svg,
7791000022750,Nutrivida Proteína whey chocolate 1kg sabor neutro,9050,,,16,,58
7791000022767,Pielsana Máscara facial hidratante 75ml piel mixta,12250,,Lanzamiento,16,,
7791000022774,Vigorplus Caramelos de propóleo x30 comp,16500,,,16,,29
7791000022781,Nutrivida Diclofenac gel 60g x50 comp,3850,,,16,,248
7791000022798,Vigorplus Máscara facial hidratante 75ml piel mixta,53450,,,16,,
7791000022804,Pielsana Coenzima Q10 x30 caps premium,60350,100600,,16,,190
7791000022811,Activlife Proteína vegetal 750g premium,14600,,,16,,
7791000022828,Nutrivida Glutamina 300g sabor neutro,12350,,,16,,
7791000022835,Vigorplus Espirulina x90 comp pack x2,51850,,,16,,103
7791000022842,Pielsana Protector solar facial FPS 50 50ml piel seca,54100,,,16,,
7791000022859,Nutrivida Ginkgo biloba x60 comp,97000,,,16,,
7791000022866,Vigorplus Exfoliante facial 100g piel seca,6050,,,16,,
7791000022873,Activlife Serum ácido hialurónico 30ml piel mixta,46550,71600,,16,,154
7791000022880,Vigorplus Omega 3 1000mg x60 caps sabor neutro,89150,,,16,,141
7791000022897,Activlife Protector solar FPS 50 200ml piel mixta,14950,,,16,,
7791000022903,Pielsana Aspirina 500mg,9100,10700,,16,,0
7791000022910,Activlife Gotas oftálmicas lubricantes 15ml,3850,,,16,,
7791000022927,Vigorplus Té digestivo hierbas serranas x50 comp,3350,,,16,,57
7791000022934,Nutrivida Té digestivo hierbas serranas x20 comp,2250,,,16,,236
7791000022941,Activlife Multivitamínico adultos x60,31200,,Combo,16,/img/demo/prod-3.svg,
7791000022958,Vigorplus Contorno de ojos 15ml,49300,,,16,,
7791000022965,Nutrivida Ginseng coreano x30 caps premium,71200,,,16,,3
7791000022972,Pielsana Glutamina 300g pack x2,45650,,,16,,75
7791000022989,Vigorplus Paracetamol 500mg x30 comp,7800,,,16,/img/demo/prod-6.svg,
7791000022996,Vigorplus Omega 3 1000mg x60 caps premium,51750,,,16,,103
7791000023009,Activlife Bálsamo labial FPS 30 piel seca,25050,50100,,16,,
7791000023016,Activlife Spray nasal descongestivo 20ml x50 comp,2300,,,16,,
7791000023023,Vigorplus Protector solar facial FPS 50 50ml piel mixta,32950,,,16,/img/demo/prod-4.svg,52
7791000023030,Nutrivida Proteína whey vainilla 1kg premium,53250,,,16,/img/demo/prod-6.svg,
7791000023047,Nutrivida Paracetamol 500mg x30 comp,2250,,,16,,
7791000023054,Activlife Glutamina 300g sabor neutro,90950,,,16,,
7791000023061,Activlife Lansoprazol 30mg x10 comp,4400,,,16,,
7791000023078,Nutrivida Sales de rehidratación oral x30 comp,4600,,,16,,2
7791000023085,Activlife Protector solar facial FPS 50 50ml,19600,,2x1,16,,73
7791000023092,Activlife Espirulina x90 comp sabor neutro,72850,,,16,,193
7791000023108,Pielsana Crema despigmentante 30g piel seca,13100,,,16,,
7791000023115,Pielsana Vitamina C 500mg efervescente x20 comp,10900,,,16,,
7791000023122,Vigorplus Serum ácido hialurónico 30ml,32250,,3x2,16,,51
7791000023139,Activlife Coenzima Q10 x30 caps premium,14750,,,16,,
7791000023146,Activlife Protector solar FPS 30 200ml piel seca,12650,,,16,,239
7791000023153,Nutrivida Ginkgo biloba x60 comp pack x2,73200,,,16,,162
7791000023160,Nutrivida Hierro + ácido fólico,7600,,,16,,246
7791000023177,Vigorplus Protector solar FPS 50 200ml piel sensible,51850,86400,,16,,207
7791000023184,Pielsana Cetirizina 10mg,4650,,,16,,162
7791000023191,Nutrivida Coenzima Q10 x30 caps sabor neutro,22000,,,16,,57
7791000023207,Nutrivida Agua micelar 400ml piel mixta,21300,,,16,,
7791000023214,Pielsana Caseína micelar 900g,36150,,,16,,63
7791000023221,Vigorplus Antiacido masticable x10 comp,2500,,,16,,
7791000023238,Vigorplus Multivitamínico adultos x60,69450,,,16,,
7791000023245,Pielsana Diclofenac gel 60g x50 comp,10450,17400,,16,,
7791000023252,Pielsana Sales de rehidratación oral,3500,,,16,,
7791000023269,Nutrivida Aceite corporal nutritivo 125ml piel sensible,39600,,,16,/img/demo/prod-4.svg,
7791000023276,Vigorplus Creatina monohidrato 300g,35150,,,16,,
7791000023283,Pielsana Roll-on ojeras 15ml piel sensible,43900,,,16,,
7791000023290,Pielsana Barritas proteicas caja x12 pack x2,12900,,,16,,109
7791000023306,Activlife Gotas oftálmicas lubricantes 15ml x30 comp,8150,,,16,,199
7791000023313,Nutrivida Paracetamol 500mg,22050,,3x2,16,,11
7791000023320,Vigorplus Jarabe expectorante infantil 120ml x50 comp,14600,,,16,,0
7791000023337,Pielsana Jarabe expectorante infantil 120ml,2100,,,16,,
7791000023344,Activlife Protector solar facial FPS 50 50ml piel seca,39250,49050,,16,,
7791000023351,Pielsana Omeprazol 20mg x20 comp,3950,,,16,,
7791000023368,Activlife Aceite corporal nutritivo 125ml,56450,,,16,,154
7791000023375,Pielsana Pre-entreno frutos rojos 300g,13200,,3x2,16,,174
7791000023382,Activlife Omeprazol 20mg,21500,,,16,,119
7791000023399,Pielsana ZMA x90 caps sabor neutro,20350,,,16,,
7791000023405,Pielsana Locion post solar 200ml,12000,,,16,,
7791000023412,Nutrivida Maca andina en polvo 250g,12350,,,16,,
7791000023429,Vigorplus Ginseng coreano x30 caps premium,71600,,,16,,
7791000023436,Pielsana Aspirina 500mg x50 comp,16850,25900,Oferta,16,,116
7791000023443,Nutrivida Paracetamol 1g x30 comp,3150,,,16,,128
7791000023450,Vigorplus Aceite corporal nutritivo 125ml piel seca,60900,,,16,,
7791000023467,Dermaqua Té digestivo hierbas serranas x10 comp,2200,3650,,17,/img/demo/prod-3.svg,
7791000023474,Serenol Multivitamínico 50+ x60,21100,,,17,,5
7791000023481,Genbio Multivitamínico adultos x60 pack x2,13150,,,17,,
7791000023498,Dermaqua Proteína whey chocolate 1kg premium,18050,,,17,,
7791000023504,Dermaqua Omega 3 1000mg x60 caps,16750,20950,,17,,
7791000023511,Serenol Aspirina 500mg,14350,,,17,,113
7791000023528,Serenol Bálsamo labial FPS 30,6100,9400,,17,,4
7791000023535,Serenol Bálsamo labial FPS 30 piel seca,50850,63550,Oferta,17,,0
7791000023542,Dermaqua Caseína micelar 900g pack x2,10700,,,17,,
7791000023559,Genbio Multivitamínico adultos x60,15400,,,17,,
7791000023566,Genbio Protector solar facial FPS 50 50ml piel mixta,12350,,Lanzamiento,17,,
7791000023573,Kindel Colágeno hidrolizado 300g pack x2,18400,21650,,17,,117
7791000023580,Genbio Contorno de ojos 15ml piel sensible,19400,,,17,,
7791000023597,Genbio Gel de limpieza facial 150ml piel sensible,8900,11850,,17,,
7791000023603,Genbio Caramelos de propóleo x20 comp,6700,,,17,,
7791000023610,Kindel Caramelos de propóleo x50 comp,5700,6350,,17,,
7791000023627,Kindel Ibuprofeno 400mg x10 comp,2800,,,17,,93
7791000023634,Kindel Barritas proteicas caja x12 sabor neutro,47250,,,17,/img/demo/prod-8.svg,225
7791000023641,Serenol Caseína micelar 900g pack x2,10150,,,17,,224
7791000023658,Kindel Proteína vegetal 750g pack x2,13400,,,17,,54
7791000023665,Kindel Coenzima Q10 x30 caps sabor neutro,47450,,,17,,55
7791000023672,Serenol Protector solar FPS 30 200ml,14700,,,17,,
7791000023689,Dermaqua Gel anticelulítico 200ml,10800,,,17,,
7791000023696,Genbio Protector solar FPS 50 200ml piel mixta,14050,,,17,/img/demo/prod-6.svg,112
7791000023702,Dermaqua Glutamina 300g pack x2,63600,70650,,17,,
7791000023719,Serenol Loratadina 10mg x30 comp,14400,,,17,,
7791000023726,Genbio Crema para manos 75ml piel sensible,12800,,,17,,45
7791000023733,Serenol Multivitamínico adultos x60 pack x2,23350,,,17,,
7791000023740,Serenol Protector solar FPS 30 200ml piel seca,69850,,,17,,
7791000023757,Serenol Barritas proteicas caja x12 premium,10250,,,17,,191
7791000023764,Genbio Té digestivo hierbas serranas,10000,,,17,,
7791000023771,Dermaqua ZMA x90 caps premium,95450,,,17,,
7791000023788,Genbio Loratadina 10mg x50 comp,2750,,,17,,81
7791000023795,Dermaqua Proteína whey vainilla 1kg pack x2,18550,,,17,,88
7791000023801,Serenol Caramelos de propóleo,9650,,,17,,
7791000023818,Dermaqua Protector solar facial FPS 50 50ml piel mixta,35700,,,17,,
7791000023825,Genbio Ibuprofeno 400mg x50 comp,5700,,,17,,0
7791000023832,Kindel Espirulina x90 comp,23050,,,17,,0
7791000023849,Serenol Pre-entreno frutos rojos 300g,16450,,,17,,
7791000023856,Genbio Pre-entreno frutos rojos 300g sabor neutro,26850,,,17,,217
7791000023863,Dermaqua Crema para dolores musculares 100g x30 comp,23000,,,17,,124
7791000023870,Kindel Melatonina 3mg x20 comp,18650,,Combo,17,,
7791000023887,Dermaqua Bálsamo labial FPS 30,6550,,,17,,
7791000023894,Serenol Multivitamínico adultos x60,9550,,,17,/img/demo/prod-7.svg,
7791000023900,Serenol Carbón activado x20 comp,12100,,,17,,203
7791000023917,Kindel Coenzima Q10 x30 caps pack x2,60050,,,17,,
7791000023924,Kindel Máscara facial hidratante 75ml piel seca,6050,,,17,,47
7791000023931,Dermaqua Carbón activado x30 comp,19250,,,17,,23
7791000023948,Serenol Hierro + ácido fólico x50 comp,5250,7500,,17,,30
7791000023955,Serenol Crema facial hidratante 50g,15500,,,17,,34
7791000023962,Serenol Ibuprofeno 600mg,11550,,,17,,
7791000023979,Kindel Multivitamínico adultos x60 sabor neutro,18600,,,17,,123
7791000023986,Serenol Caramelos de propóleo x30 comp,13450,26900,,17,,
7791000023993,Kindel Crema para dolores musculares 100g x10 comp,12100,,,17,,
7791000024006,Genbio Levadura de cerveza 500g,13450,,,17,,110
7791000024013,Serenol Crema despigmentante 30g piel seca,18100,,,17,,
7791000024020,Kindel Paracetamol 500mg x10 comp,2050,4100,Oferta,17,,36
7791000024037,Kindel Barritas proteicas caja x12 premium,12300,,,17,/img/demo/prod-5.svg,66
7791000024044,Kindel Proteína whey vainilla 1kg pack x2,37200,,Combo,17,,86
7791000024051,Serenol BCAA 2:1:1 x120 caps,32050,,,17,,12
7791000024068,Kindel Crema para manos 75ml,26450,,,17,,
7791000024075,Genbio Barritas proteicas caja x12 pack x2,63700,,,17,,
7791000024082,Kindel Gel de limpieza facial 150ml piel sensible,10150,20300,,17,/img/demo/prod-1.svg,87
7791000024099,Serenol Exfoliante facial 100g piel mixta,23650,,,17,,150
7791000024105,Dermaqua Sales de rehidratación oral x10 comp,2950,,,17,/img/demo/prod-1.svg,
7791000024112,Kindel Carbón activado,7700,11000,,17,,61
7791000024129,Genbio Crema para dolores musculares 100g,12600,19400,Oferta,17,,
7791000024136,Serenol Protector solar facial FPS 50 50ml piel sensible,42650,56850,,17,,0
7791000024143,Dermaqua Gel de limpieza facial 150ml piel sensible,6500,,,17,,
7791000024150,Kindel Serum vitamina C 30ml piel mixta,25600,,,17,,183
7791000024167,Genbio Proteína whey chocolate 1kg,101250,,2x1,17,,20
7791000024174,Kindel Gel anticelulítico 200ml piel seca,76850,,,17,,
7791000024181,Kindel Omega 3 1000mg x60 caps pack x2,37900,,,17,/img/demo/prod-2.svg,
7791000024198,Genbio Pre-entreno frutos rojos 300g,55800,,,17,,219
7791000024204,Kindel Omega 3 1000mg x60 caps,38500,,,17,,174
7791000024211,Serenol Spray nasal descongestivo 20ml,4550,,,17,,150
7791000024228,Kindel Carbón activado x20 comp,22650,,,17,,240
7791000024235,Kindel Jarabe expectorante infantil 120ml x50 comp,12850,,,17,,
7791000024242,Genbio Crema antiage noche 50g piel sensible,11750,13050,,17,/img/demo/prod-8.svg,
7791000024259,Dermaqua Multivitamínico 50+ x60,12500,,,17,,35
7791000024266,Dermaqua Ginseng coreano x30 caps premium,19850,,,17,,
7791000024273,Kindel Multivitamínico 50+ x60 pack x2,29800,,,17,,
7791000024280,Genbio Caseína micelar 900g sabor neutro,21350,,,17,,184
7791000024297,Genbio Ibuprofeno 600mg x30 comp,14400,,,17,,
7791000024303,Genbio Aspirina 500mg x20 comp,3650,5600,,17,,
7791000024310,Genbio Crema para manos 75ml piel mixta,13350,,,17,,
7791000024327,Serenol Paracetamol 1g x10 comp,11950,,,17,,244
7791000024334,Serenol Crema para dolores musculares 100g x20 comp,6450,,,17,/img/demo/prod-4.svg,
7791000024341,Genbio Protector solar FPS 30 200ml,10050,,,17,,
7791000024358,Genbio Omega 3 1000mg x60 caps pack x2,11450,,,17,,87
7791000024365,Kindel Glutamina 300g,90150,,,17,,31
7791000024372,Genbio Lansoprazol 30mg,3200,,,17,,
7791000024389,Dermaqua Espirulina x90 comp pack x2,12300,,,17,,
7791000024396,Dermaqua Protector solar facial FPS 50 50ml piel seca,27800,,,17,,
7791000024402,Kindel Gel de limpieza facial 150ml piel seca,6400,,,17,,128
7791000024419,Kindel BCAA 2:1:1 x120 caps premium,97150,,,17,,214
7791000024426,Kindel Creatina monohidrato 300g,34450,,,17,,
7791000024433,Kindel Levadura de cerveza 500g,16950,,,17,/img/demo/prod-4.svg,223
7791000024440,Genbio Gotas oftálmicas lubricantes 15ml x50 comp,11200,,,17,,243
7791000024457,Kindel Multivitamínico 50+ x60 premium,59950,,,17,,137
7791000024464,Genbio Bálsamo labial FPS 30 piel seca,7850,,,17,,80
7791000024471,Serenol Gel anticelulítico 200ml piel mixta,15100,,,17,,
7791000024488,Dermaqua Máscara facial hidratante 75ml piel sensible,8250,,,17,,28
7791000024495,Kindel Coenzima Q10 x30 caps,31900,,,17,,0
7791000024501,Genbio Barritas proteicas caja x12 sabor neutro,19150,,,17,,
7791000024518,Kindel Antiacido masticable,4900,,,17,,
7791000024525,Genbio Contorno de ojos 15ml piel mixta,8900,,,17,/img/demo/prod-5.svg,42
7791000024532,Dermaqua Gel de limpieza facial 150ml,34700,,,17,,
7791000024549,Genbio Ginkgo biloba x60 comp,101900,135850,,17,,
7791000024556,Dermaqua Crema para manos 75ml piel mixta,17150,,,17,,201
7791000024563,Genbio Lansoprazol 30mg x50 comp,6250,,,17,,217
7791000024570,Dermaqua Paracetamol 1g x20 comp,14350,,Lanzamiento,17,/img/demo/prod-4.svg,141
7791000024587,Serenol BCAA 2:1:1 x120 caps premium,89550,,,17,,
7791000024594,Kindel Antiacido masticable x30 comp,26300,,,17,,186
7791000024600,Serenol Multivitamínico adultos x60 sabor neutro,9250,,,17,,
7791000024617,Dermaqua Paracetamol 1g x50 comp,3600,,,17,,0
7791000024624,Genbio Jarabe expectorante infantil 120ml x30 comp,6950,,,17,,84
7791000024631,Serenol Serum ácido hialurónico 30ml piel sensible,15750,17500,,17,,188
7791000024648,Genbio Ginkgo biloba x60 comp pack x2,87250,,,17,,
7791000024655,Dermaqua Crema para dolores musculares 100g x50 comp,7550,,,17,,
7791000024662,Kindel Espirulina x90 comp pack x2,99000,,,17,/img/demo/prod-7.svg,
7791000024679,Serenol Caseína micelar 900g sabor neutro,31350,,,17,,
7791000024686,Genbio Gel anticelulítico 200ml piel sensible,29050,,,17,,
7791000024693,Dermaqua Serum vitamina C 30ml piel mixta,34850,,,17,,228
7791000024709,Genbio Ibuprofeno 400mg x30 comp,9050,,,17,,
7791000024716,Kindel Carbón activado x50 comp,21300,,,17,,100
7791000024723,Dermaqua Multivitamínico adultos x60 sabor neutro,25900,,,17,,
7791000024730,Genbio Carbón activado x50 comp,10450,,,17,,
7791000024747,Serenol Vitamina C 500mg efervescente x30 comp,3400,,,17,,
7791000024754,Genbio Antiacido masticable x20 comp,4700,5900,Oferta,17,,
7791000024761,Serenol Carbón activado,3550,4750,,17,,98
7791000024778,Kindel Gel anticelulítico 200ml piel sensible,23400,,,17,,
7791000024785,Genbio Proteína whey vainilla 1kg,37850,,,17,,
7791000024792,Serenol Protector solar FPS 50 200ml piel sensible,17750,,2x1,17,,128
7791000024808,Kindel Glutamina 300g pack x2,75200,,,17,,
7791000024815,Genbio Protector solar facial FPS 50 50ml piel sensible,14500,,,17,,54
7791000024822,Kindel Protector solar facial FPS 50 50ml piel sensible,11550,,,17,,65
7791000024839,Dermaqua Gel anticelulítico 200ml piel mixta,12350,16450,,17,,
7791000024846,Dermaqua Proteína whey vainilla 1kg premium,18100,27850,Oferta,17,,
7791000024853,Serenol Creatina monohidrato 300g pack x2,58600,,,17,,
7791000024860,Genbio Magnesio 400mg x50 comp,7750,,Combo,17,/img/demo/prod-8.svg,85
7791000024877,Kindel Serum vitamina C 30ml piel seca,17800,22250,,17,,
7791000024884,Serenol Ibuprofeno 600mg x30 comp,8400,,,17,,
7791000024891,Dermaqua Jarabe expectorante infantil 120ml x50 comp,2200,2950,,17,/img/demo/prod-5.svg,119
7791000024907,Kindel Diclofenac gel 60g x30 comp,15900,17650,Oferta,17,,34
7791000024914,Genbio Proteína whey vainilla 1kg premium,28600,,,17,,200
7791000024921,Kindel Ginseng coreano x30 caps premium,26800,38300,,17,,
7791000024938,Genbio Crema para dolores musculares 100g x10 comp,14800,,,17,,188
7791000024945,Kindel Roll-on ojeras 15ml piel seca,26350,31000,Oferta,17,,241
7791000024952,Dermaqua Colágeno hidrolizado 300g sabor neutro,10850,,,17,,200
7791000024969,Dermaqua Gel de limpieza facial 150ml piel seca,14600,,,17,,197
7791000024976,Genbio Carbón activado x10 comp,16850,,,17,,120
7791000024983,Serenol Proteína whey chocolate 1kg pack x2,11800,,,17,/img/demo/prod-2.svg,
7791000024990,Dermaqua Protector solar facial FPS 50 50ml piel sensible,15050,,,17,,
7791000025003,Genbio Máscara facial hidratante 75ml piel sensible,44100,88200,,17,,82
7791000025010,Genbio Glutamina 300g,20000,,,17,/img/demo/prod-4.svg,74
7791000025027,Kindel Protector solar FPS 30 200ml,26150,,,17,,
7791000025034,Serenol Creatina monohidrato 300g premium,54850,,,17,,163
7791000025041,Serenol Protector solar FPS 30 200ml piel sensible,6450,,,17,,
7791000025058,Serenol Proteína whey vainilla 1kg sabor neutro,74900,,,17,,
7791000025065,Naturalis Jarabe para la tos adultos 120ml x10 comp,4050,5800,,18,,237
7791000025072,Pielsana Agua micelar 400ml piel mixta,37100,,,18,,102
7791000025089,Pielsana Proteína whey vainilla 1kg,94450,,,18,,
7791000025096,Naturalis BCAA 2:1:1 x120 caps premium,11700,,,18,,
7791000025102,Fortex Crema antiage noche 50g piel mixta,6150,,,18,,85
7791000025119,Pielsana Crema corporal reparadora 300ml piel sensible,42600,,,18,,14
7791000025126,Naturalis Contorno de ojos 15ml piel mixta,34250,,,18,,
7791000025133,Sanix Proteína whey vainilla 1kg sabor neutro,27150,,Combo,18,/img/demo/prod-1.svg,162
7791000025140,Naturalis Protector solar FPS 50 200ml piel seca,31650,,,18,,147
7791000025157,Sanix Spray nasal descongestivo 20ml x50 comp,10600,11800,,18,,
7791000025164,Naturalis Paracetamol 500mg x20 comp,12800,,,18,/img/demo/prod-5.svg,188
7791000025171,Sanix Serum vitamina C 30ml piel sensible,29950,,Combo,18,,218
7791000025188,Fortex Gel anticelulítico 200ml piel sensible,51700,60800,Oferta,18,,62
7791000025195,Naturalis Glutamina 300g,9650,,3x2,18,,183
7791000025201,Naturalis Omeprazol 20mg x10 comp,16350,,,18,,30
7791000025218,Sanix Caseína micelar 900g premium,12250,,,18,,
7791000025225,Fortex Paracetamol 1g,4750,,,18,,
7791000025232,Sanix Cetirizina 10mg x20 comp,7350,,,18,,113
7791000025249,Fortex Jarabe para la tos adultos 120ml x20 comp,2150,,3x2,18,,71
7791000025256,Fortex Multivitamínico adultos x60 sabor neutro,66750,,,18,,69
7791000025263,Fortex Sales de rehidratación oral x20 comp,2350,,,18,/img/demo/prod-2.svg,
7791000025270,Pielsana Proteína whey chocolate 1kg pack x2,15750,,,18,,
7791000025287,Naturalis Pre-entreno frutos rojos 300g sabor neutro,13650,,,18,,150
7791000025294,Sanix Ibuprofeno 600mg,10600,,,18,,
7791000025300,Fortex Protector solar FPS 50 200ml piel sensible,47000,,2x1,18,/img/demo/prod-4.svg,
7791000025317,Naturalis Caseína micelar 900g pack x2,21400,42800,Oferta,18,,111
7791000025324,Fortex Gotas oftálmicas lubricantes 15ml,18350,,,18,,0
7791000025331,Sanix Proteína whey chocolate 1kg,9200,,,18,,237
7791000025348,Naturalis Crema antiage noche 50g piel mixta,42600,,,18,,41
7791000025355,Fortex Caramelos de propóleo x50 comp,10350,,,18,,
7791000025362,Naturalis Bálsamo labial FPS 30 piel sensible,39000,,,18,,79
7791000025379,Pielsana Caramelos de propóleo x30 comp,2250,,,18,,157
7791000025386,Pielsana Multivitamínico adultos x60 premium,30250,,,18,,
7791000025393,Sanix Crema antiage noche 50g piel mixta,53650,,,18,,23
7791000025409,Pielsana Aspirina 500mg,5200,,,18,,
7791000025416,Naturalis Omega 3 1000mg x60 caps sabor neutro,20100,,,18,,
7791000025423,Pielsana Bálsamo labial FPS 30 piel sensible,18050,,,18,,141
7791000025430,Fortex Glutamina 300g premium,75500,,,18,,
7791000025447,Fortex Barritas proteicas caja x12,19000,,,18,,35
7791000025454,Sanix Aspirina 500mg x10 comp,5450,,,18,,193
7791000025461,Pielsana Crema para dolores musculares 100g,10700,,,18,,
7791000025478,Pielsana Cetirizina 10mg x10 comp,4900,,,18,,
7791000025485,Fortex Jarabe para la tos adultos 120ml,14450,,,18,,186
7791000025492,Naturalis Locion post solar 200ml,13850,,,18,,
7791000025508,Sanix ZMA x90 caps,12550,,,18,,
7791000025515,Pielsana BCAA 2:1:1 x120 caps sabor neutro,11200,,,18,,
7791000025522,Fortex Máscara facial hidratante 75ml piel sensible,11700,,,18,,29
7791000025539,Fortex Serum ácido hialurónico 30ml,19200,,,18,,
7791000025546,Fortex Paracetamol 1g x20 comp,2150,,,18,,
7791000025553,Sanix Espirulina x90 comp sabor neutro,23150,,,18,,
7791000025560,Fortex Sales de rehidratación oral x10 comp,2000,,,18,,67
7791000025577,Sanix Carbón activado x50 comp,11450,,,18,,
7791000025584,Naturalis Levadura de cerveza 500g premium,12450,,,18,,180
7791000025591,Sanix Protector solar FPS 50 200ml piel sensible,28000,,,18,/img/demo/prod-3.svg,
7791000025607,Pielsana Gel anticelulítico 200ml,6550,,,18,,
7791000025614,Fortex Caseína micelar 900g sabor neutro,60150,,,18,,
7791000025621,Sanix Paracetamol 500mg x10 comp,2750,,,18,,40
7791000025638,Fortex Hierro + ácido fólico x50 comp,2950,,Combo,18,,
7791000025645,Pielsana BCAA 2:1:1 x120 caps,18950,,,18,,
7791000025652,Pielsana Lansoprazol 30mg x50 comp,2800,,,18,,22
7791000025669,Fortex Crema facial hidratante 50g piel mixta,25200,,,18,,76
7791000025676,Naturalis Locion post solar 200ml piel sensible,6400,10650,,18,,247
7791000025683,Pielsana Protector solar FPS 30 200ml,17600,,,18,,
7791000025690,Sanix Glutamina 300g sabor neutro,89200,,,18,,
7791000025706,Pielsana Creatina monohidrato 300g premium,18450,,,18,,144
7791000025713,Pielsana Magnesio 400mg,12800,,,18,,121
7791000025720,Pielsana Barritas proteicas caja x12,73150,,,18,,
7791000025737,Pielsana Contorno de ojos 15ml piel sensible,36100,,,18,,38
7791000025744,Sanix Contorno de ojos 15ml piel sensible,20800,,,18,,211
7791000025751,Naturalis Pre-entreno frutos rojos 300g pack x2,37400,,,18,,
7791000025768,Naturalis Levadura de cerveza 500g pack x2,14350,,,18,,114
7791000025775,Naturalis Creatina monohidrato 300g premium,54650,,,18,,
7791000025782,Naturalis Omeprazol 20mg x50 comp,4750,,,18,/img/demo/prod-7.svg,89
7791000025799,Naturalis Serum ácido hialurónico 30ml piel sensible,24650,,,18,,243
7791000025805,Naturalis Spray nasal descongestivo 20ml,6000,,,18,,
7791000025812,Naturalis Caseína micelar 900g,28700,,,18,,36
7791000025829,Fortex Espirulina x90 comp,33200,,,18,,142
7791000025836,Naturalis Coenzima Q10 x30 caps premium,93100,,,18,,
7791000025843,Sanix Serum vitamina C 30ml,53350,,,18,/img/demo/prod-1.svg,
7791000025850,Fortex Glutamina 300g,89650,,,18,,237
7791000025867,Naturalis Protector solar FPS 30 200ml,18450,,,18,,
7791000025874,Sanix Complejo B x30 comp,1850,,,18,,
7791000025881,Naturalis Locion post solar 200ml piel seca,25500,34000,,18,,89
7791000025898,Fortex Omeprazol 20mg x10 comp,17400,,,18,,
7791000025904,Naturalis Sales de rehidratación oral x50 comp,2750,,,18,,185
7791000025911,Pielsana Crema corporal reparadora 300ml piel mixta,6350,,,18,,3
7791000025928,Naturalis Paracetamol 1g x30 comp,4200,,,18,,212
7791000025935,Pielsana Exfoliante facial 100g piel mixta,27150,41750,Oferta,18,,
7791000025942,Pielsana Espirulina x90 comp,15350,,,18,,164
7791000025959,Naturalis Crema antiage noche 50g,10200,14550,,18,,61
7791000025966,Naturalis Magnesio 400mg x10 comp,11900,,,18,,9
7791000025973,Sanix Levadura de cerveza 500g,66150,,Combo,18,,
7791000025980,Naturalis Crema corporal reparadora 300ml piel sensible,10850,,,18,,123
7791000025997,Naturalis Aceite corporal nutritivo 125ml,31100,,,18,,
7791000026000,Sanix Multivitamínico adultos x60,14050,15600,,18,,246
7791000026017,Pielsana Glutamina 300g sabor neutro,13150,21900,,18,,
7791000026024,Sanix Paracetamol 1g x20 comp,15400,,,18,,
7791000026031,Naturalis Omega 3 1000mg x60 caps,15900,,,18,/img/demo/prod-2.svg,
7791000026048,Sanix Multivitamínico 50+ x60 sabor neutro,50300,,,18,,197
7791000026055,Pielsana Aceite corporal nutritivo 125ml piel mixta,6850,,,18,,85
7791000026062,Naturalis Glutamina 300g sabor neutro,24150,,,18,,11
7791000026079,Sanix Proteína vegetal 750g sabor neutro,53450,,Combo,18,,
7791000026086,Sanix Multivitamínico adultos x60 premium,25850,,,18,,117
7791000026093,Sanix Crema facial hidratante 50g piel seca,16000,,,18,,220
7791000026109,Pielsana Paracetamol 1g x10 comp,17600,,,18,,216
7791000026116,Sanix Protector solar facial FPS 50 50ml piel sensible,48550,,,18,,15
7791000026123,Naturalis Barritas proteicas caja x12 pack x2,14550,19400,,18,,166
7791000026130,Naturalis Serum ácido hialurónico 30ml,23950,,,18,,93
7791000026147,Pielsana Coenzima Q10 x30 caps pack x2,18950,,,18,/img/demo/prod-3.svg,
7791000026154,Naturalis Diclofenac gel 60g x10 comp,11250,,,18,,
7791000026161,Pielsana Gel anticelulítico 200ml piel sensible,13900,,,18,,94
7791000026178,Naturalis Protector solar FPS 30 200ml piel mixta,73050,,,18,,117
7791000026185,Sanix Pre-entreno frutos rojos 300g premium,101850,,,18,,9
7791000026192,Sanix Caramelos de propóleo x30 comp,4100,,,18,,
7791000026208,Pielsana Contorno de ojos 15ml piel seca,14800,,,18,,121
7791000026215,Sanix Gel anticelulítico 200ml piel mixta,8350,,,18,/img/demo/prod-6.svg,
7791000026222,Fortex Ginkgo biloba x60 comp pack x2,33650,,Lanzamiento,18,/img/demo/prod-1.svg,119
7791000026239,Sanix Gel anticelulítico 200ml,12950,,,18,,
7791000026246,Sanix Serum ácido hialurónico 30ml piel seca,23450,,,18,,
7791000026253,Sanix Caseína micelar 900g sabor neutro,20300,,,18,,17
7791000026260,Pielsana Jarabe para la tos adultos 120ml x20 comp,2950,,,18,,137
7791000026277,Sanix Ginseng coreano x30 caps premium,17900,,,18,,
7791000026284,Pielsana Protector solar FPS 50 200ml,7100,,,18,,
7791000026291,Fortex Protector solar FPS 30 200ml piel mixta,10800,,,18,,181
7791000026307,Pielsana Pre-entreno frutos rojos 300g,53800,89650,,18,,
7791000026314,Pielsana Locion post solar 200ml piel seca,13350,16700,,18,,
7791000026321,Sanix Gotas oftálmicas lubricantes 15ml x10 comp,2800,,,18,,
7791000026338,Fortex Crema antiage noche 50g piel sensible,22900,,,18,,
7791000026345,Pielsana Melatonina 3mg x20 comp,16050,,,18,/img/demo/prod-4.svg,
7791000026352,Naturalis Jarabe para la tos adultos 120ml x20 comp,5700,8150,,18,,
7791000026369,Pielsana Lansoprazol 30mg x20 comp,3800,,,18,,
7791000026376,Fortex Multivitamínico 50+ x60,11350,,,18,,238
7791000026383,Pielsana Diclofenac gel 60g x30 comp,2700,,,18,,
7791000026390,Sanix Proteína whey chocolate 1kg pack x2,13750,,,18,,
7791000026406,Fortex Protector solar FPS 30 200ml piel sensible,63900,,,18,,
7791000026413,Fortex Lansoprazol 30mg x20 comp,12650,,,18,,49
7791000026420,Fortex Carbón activado x20 comp,1900,,,18,,234
7791000026437,Naturalis Diclofenac gel 60g x30 comp,10000,,,18,,
7791000026444,Naturalis Creatina monohidrato 300g sabor neutro,25650,,,18,,241
7791000026451,Pielsana Lansoprazol 30mg x30 comp,12500,,,18,,0
7791000026468,Sanix Ibuprofeno 600mg x50 comp,2350,3900,Oferta,18,,
7791000026475,Naturalis Aceite corporal nutritivo 125ml piel mixta,30550,,,18,,
7791000026482,Pielsana Proteína vegetal 750g,37900,,,18,,
7791000026499,Fortex Cetirizina 10mg x10 comp,2900,,,18,,42
7791000026505,Sanix Crema para dolores musculares 100g x50 comp,7550,,,18,,26
7791000026512,Fortex Contorno de ojos 15ml piel mixta,51950,,,18,,167
7791000026529,Fortex Cetirizina 10mg x30 comp,13850,17300,,18,,205
7791000026536,Pielsana Proteína whey chocolate 1kg premium,49450,,,18,,
7791000026543,Pielsana Máscara facial hidratante 75ml piel seca,8850,,,18,,44
7791000026550,Naturalis Pre-entreno frutos rojos 300g premium,48900,,,18,,
7791000026567,Fortex Maca andina en polvo 250g,29850,,,18,,
7791000026574,Naturalis Locion post solar 200ml piel mixta,12050,,,18,/img/demo/prod-2.svg,
7791000026581,Pielsana Aceite corporal nutritivo 125ml piel seca,7600,,,18,,
7791000026598,Sanix Protector solar FPS 30 200ml,25050,,,18,,
7791000026604,Pielsana Creatina monohidrato 300g,48000,,3x2,18,,
7791000026611,Fortex Serum ácido hialurónico 30ml piel mixta,6350,9750,,18,,58
7791000026628,Sanix Carbón activado x20 comp,12550,,,18,,
7791000026635,Naturalis Creatina monohidrato 300g pack x2,40250,,,18,,151
7791000026642,Naturalis Crema para manos 75ml,10500,,,18,/img/demo/prod-5.svg,201
7791000026659,Fortex Aceite corporal nutritivo 125ml piel mixta,25300,,2x1,18,,219
7791000026666,Pielsana Caramelos de propóleo,5400,7700,Oferta,18,,63
7791000026673,Medifar Lansoprazol 30mg x10 comp,10300,,,19,,
7791000026680,Medifar Serum vitamina C 30ml piel sensible,11600,,,19,,
7791000026697,Sanix Espirulina x90 comp,19050,,,19,,
7791000026703,Medifar Protector solar FPS 50 200ml piel sensible,34550,,,19,,155
7791000026710,Medifar Jarabe para la tos adultos 120ml,5550,,,19,,230
7791000026727,Sanix Bálsamo labial FPS 30 piel seca,10900,,,19,,213
7791000026734,Medifar Protector solar FPS 30 200ml,35400,,,19,/img/demo/prod-6.svg,
7791000026741,Nutrimax ZMA x90 caps,21100,,,19,,
7791000026758,Nutrimax Colágeno hidrolizado 300g sabor neutro,16000,32000,Oferta,19,,141
7791000026765,Sanix BCAA 2:1:1 x120 caps,62250,,,19,,
7791000026772,Medifar Gotas oftálmicas lubricantes 15ml x50 comp,1950,,,19,,
7791000026789,Nutrivida Carbón activado x30 comp,27300,,Combo,19,,
7791000026796,Nutrimax Gel anticelulítico 200ml,16300,,,19,/img/demo/prod-4.svg,
7791000026802,Nutrimax Aceite corporal nutritivo 125ml,20000,,,19,,58
7791000026819,Medifar BCAA 2:1:1 x120 caps,30900,,,19,,194
7791000026826,Medifar Colágeno hidrolizado 300g pack x2,28100,,,19,,86
7791000026833,Sanix Magnesio 400mg x30 comp,1850,,,19,/img/demo/prod-5.svg,221
7791000026840,Medifar Paracetamol 500mg x50 comp,6700,8950,Oferta,19,,180
7791000026857,Sanix Protector solar FPS 30 200ml piel seca,22600,,,19,,118
7791000026864,Nutrivida Maca andina en polvo 250g sabor neutro,9100,,,19,,168
7791000026871,Nutrimax Ginseng coreano x30 caps premium,82400,,,19,/img/demo/prod-5.svg,118
7791000026888,Sanix Coenzima Q10 x30 caps premium,12950,,,19,,
7791000026895,Sanix Crema facial hidratante 50g piel seca,8750,,,19,,
7791000026901,Medifar Roll-on ojeras 15ml piel sensible,32750,,,19,,
7791000026918,Medifar Lansoprazol 30mg,1950,2450,,19,/img/demo/prod-1.svg,
7791000026925,Sanix Melatonina 3mg x50 comp,11050,,,19,,
7791000026932,Nutrivida Glutamina 300g pack x2,30900,36350,,19,,
7791000026949,Nutrimax Espirulina x90 comp sabor neutro,13800,21250,,19,,
7791000026956,Sanix Barritas proteicas caja x12 premium,31800,,3x2,19,,
7791000026963,Nutrimax Multivitamínico 50+ x60 sabor neutro,79200,,,19,,
7791000026970,Sanix Sales de rehidratación oral x50 comp,5700,,,19,,
7791000026987,Medifar Locion post solar 200ml piel sensible,63500,,,19,,84
7791000026994,Nutrivida Crema para manos 75ml piel seca,11700,,,19,,
7791000027007,Medifar Ginkgo biloba x60 comp sabor neutro,60750,81000,,19,,
7791000027014,Medifar Gel anticelulítico 200ml piel sensible,49600,,,19,,
7791000027021,Nutrivida Omeprazol 20mg x30 comp,23800,,,19,,
7791000027038,Nutrimax Serum vitamina C 30ml piel mixta,30250,,,19,,244
7791000027045,Nutrimax Melatonina 3mg x10 comp,3950,,,19,,54
7791000027052,Nutrivida Ginseng coreano x30 caps sabor neutro,28950,,,19,,
7791000027069,Medifar Paracetamol 500mg x20 comp,11850,14800,Oferta,19,,0
7791000027076,Medifar Lansoprazol 30mg x20 comp,3200,,,19,,
7791000027083,Medifar Omega 3 1000mg x60 caps premium,34100,,,19,/img/demo/prod-7.svg,
7791000027090,Nutrivida Ibuprofeno 600mg,19600,,,19,,
7791000027106,Sanix Aceite corporal nutritivo 125ml piel seca,16350,,,19,,
7791000027113,Sanix Protector solar FPS 30 200ml piel sensible,40950,51200,,19,,140
7791000027120,Medifar Coenzima Q10 x30 caps premium,77400,,,19,,133
7791000027137,Nutrivida Máscara facial hidratante 75ml piel mixta,10750,,,19,,
7791000027144,Nutrivida Maca andina en polvo 250g premium,23450,,,19,,148
7791000027151,Nutrimax Exfoliante facial 100g piel mixta,12050,,,19,,101
7791000027168,Nutrimax Proteína whey chocolate 1kg premium,75450,,,19,,156
7791000027175,Nutrimax Protector solar FPS 30 200ml piel sensible,69650,81950,,19,,155
7791000027182,Nutrimax Caramelos de propóleo,1950,,,19,/img/demo/prod-6.svg,
7791000027199,Nutrimax Crema facial hidratante 50g piel seca,15850,,,19,,
7791000027205,Sanix Gel de limpieza facial 150ml,12950,,,19,/img/demo/prod-7.svg,
7791000027212,Nutrimax Ginkgo biloba x60 comp sabor neutro,104600,,,19,,
7791000027229,Sanix Glutamina 300g pack x2,64450,,,19,,119
7791000027236,Nutrivida Ibuprofeno 400mg x20 comp,5650,,,19,/img/demo/prod-3.svg,207
7791000027243,Medifar Ibuprofeno 400mg x20 comp,4950,,,19,,74
7791000027250,Nutrivida BCAA 2:1:1 x120 caps,72600,,,19,,
7791000027267,Nutrivida Bálsamo labial FPS 30,79050,93000,,19,,
7791000027274,Sanix Spray nasal descongestivo 20ml x10 comp,7450,,,19,,
7791000027281,Medifar Gel anticelulítico 200ml piel mixta,15950,,,19,,
7791000027298,Medifar Máscara facial hidratante 75ml,6050,,,19,,
7791000027304,Nutrimax Sales de rehidratación oral x50 comp,10650,,,19,,
7791000027311,Sanix Crema despigmentante 30g piel mixta,63050,,3x2,19,,237
7791000027328,Sanix Maca andina en polvo 250g,32000,,,19,,
7791000027335,Sanix Gel anticelulítico 200ml,30550,,,19,,
7791000027342,Nutrivida Cetirizina 10mg,20150,,,19,,234
7791000027359,Nutrivida Aspirina 500mg x10 comp,2500,,,19,/img/demo/prod-7.svg,165
7791000027366,Nutrivida Ginkgo biloba x60 comp premium,39050,,,19,,
7791000027373,Nutrimax Jarabe para la tos adultos 120ml,11650,,,19,,
7791000027380,Nutrivida Gel anticelulítico 200ml piel seca,44350,,,19,,48
7791000027397,Nutrivida Agua micelar 400ml piel mixta,35050,41250,,19,,
7791000027403,Sanix Ginseng coreano x30 caps sabor neutro,20000,,,19,,39
7791000027410,Nutrivida Protector solar FPS 30 200ml piel seca,21650,,,19,,
7791000027427,Medifar Crema facial hidratante 50g,21300,,2x1,19,,
7791000027434,Nutrivida Protector solar FPS 30 200ml piel sensible,52100,,,19,,197
7791000027441,Medifar Protector solar FPS 50 200ml piel mixta,21650,27050,Oferta,19,,
7791000027458,Nutrimax Ibuprofeno 400mg x10 comp,6600,,,19,/img/demo/prod-7.svg,
7791000027465,Medifar Carbón activado x30 comp,7150,,,19,,
7791000027472,Sanix Protector solar FPS 50 200ml piel mixta,15050,,,19,,74
7791000027489,Nutrimax Vitamina C 500mg efervescente x50 comp,9000,,,19,,
7791000027496,Medifar Protector solar FPS 50 200ml piel seca,47100,67300,Oferta,19,,138
7791000027502,Sanix Coenzima Q10 x30 caps sabor neutro,9450,,,19,,142
7791000027519,Nutrivida Proteína vegetal 750g pack x2,27500,39300,,19,,240
7791000027526,Medifar Multivitamínico 50+ x60 sabor neutro,13800,,,19,,
7791000027533,Medifar Barritas proteicas caja x12 pack x2,62750,,,19,,
7791000027540,Sanix Exfoliante facial 100g piel seca,6700,10300,Oferta,19,,
7791000027557,Nutrivida Lansoprazol 30mg,15650,,3x2,19,,
7791000027564,Nutrimax Caseína micelar 900g premium,44850,,,19,,140
7791000027571,Nutrimax Caseína micelar 900g sabor neutro,9100,,,19,/img/demo/prod-3.svg,210
7791000027588,Medifar Creatina monohidrato 300g premium,9450,,,19,,213
7791000027595,Sanix Serum vitamina C 30ml piel seca,6250,,,19,,45
7791000027601,Nutrimax Proteína vegetal 750g premium,51700,,,19,,137
7791000027618,Nutrivida Proteína vegetal 750g,89000,,,19,,
7791000027625,Nutrimax Crema antiage noche 50g piel seca,26950,,,19,,
7791000027632,Nutrivida Agua micelar 400ml piel seca,7250,,,19,/img/demo/prod-6.svg,3
7791000027649,Nutrimax Gotas oftálmicas lubricantes 15ml x50 comp,4100,,Lanzamiento,19,,
7791000027656,Nutrimax Omeprazol 20mg x30 comp,8500,,,19,,117
7791000027663,Nutrivida Carbón activado,2600,,,19,,232
7791000027670,Nutrimax Proteína vegetal 750g sabor neutro,12750,,,19,/img/demo/prod-7.svg,
7791000027687,Nutrimax Loratadina 10mg x50 comp,13300,22150,,19,,
7791000027694,Sanix Omeprazol 20mg x50 comp,5050,,,19,,223
7791000027700,Sanix Barritas proteicas caja x12,49450,,,19,,
7791000027717,Medifar Locion post solar 200ml piel mixta,27650,,,19,,48
7791000027724,Nutrivida Sales de rehidratación oral x10 comp,3400,,,19,/img/demo/prod-5.svg,231
7791000027731,Sanix Roll-on ojeras 15ml piel mixta,51500,,,19,,
7791000027748,Medifar Levadura de cerveza 500g premium,29000,,,19,,0
7791000027755,Nutrimax Diclofenac gel 60g x50 comp,6750,7500,Oferta,19,,
7791000027762,Sanix Antiacido masticable x50 comp,2650,,,19,,
7791000027779,Sanix Exfoliante facial 100g piel sensible,55900,,,19,,
7791000027786,Sanix Crema despigmentante 30g piel sensible,27950,,,19,,
7791000027793,Nutrimax Gotas oftálmicas lubricantes 15ml x20 comp,4600,,,19,,62
7791000027809,Sanix Máscara facial hidratante 75ml piel sensible,62900,,,19,,
7791000027816,Medifar Contorno de ojos 15ml piel sensible,9800,,,19,,
7791000027823,Medifar Bálsamo labial FPS 30 piel seca,46600,,,19,,
7791000027830,Nutrimax Gel anticelulítico 200ml piel mixta,27650,,,19,,19
7791000027847,Nutrivida Caseína micelar 900g,36950,,,19,,186
7791000027854,Nutrivida Serum vitamina C 30ml piel seca,7200,,,19,,81
7791000027861,Medifar Multivitamínico 50+ x60 pack x2,22000,,,19,,
7791000027878,Nutrivida Gotas oftálmicas lubricantes 15ml,5000,,,19,,
7791000027885,Sanix Carbón activado x50 comp,18550,,,19,,
7791000027892,Nutrimax Spray nasal descongestivo 20ml x50 comp,7750,,,19,,246
7791000027908,Nutrivida Proteína whey chocolate 1kg pack x2,17050,,,19,,99
7791000027915,Nutrivida Hierro + ácido fólico x30 comp,16200,,Lanzamiento,19,,
7791000027922,Nutrivida Ibuprofeno 600mg x10 comp,1950,,Combo,19,,184
7791000027939,Sanix Bálsamo labial FPS 30,13700,,Lanzamiento,19,,
7791000027946,Sanix Lansoprazol 30mg,3350,,,19,,52
7791000027953,Nutrivida Melatonina 3mg x30 comp,1950,,,19,,
7791000027960,Medifar Paracetamol 1g x20 comp,3800,,,19,,
7791000027977,Sanix Ginseng coreano x30 caps,13500,,,19,,
7791000027984,Sanix Caseína micelar 900g,29950,33300,,19,,68
7791000027991,Medifar ZMA x90 caps pack x2,16600,,,19,,
7791000028004,Nutrivida Gel de limpieza facial 150ml,45000,,,19,,41
7791000028011,Medifar Gel de limpieza facial 150ml,12450,14650,,19,,
7791000028028,Medifar Proteína whey chocolate 1kg,86000,,,19,,24
7791000028035,Sanix Proteína whey vainilla 1kg premium,17150,,,19,/img/demo/prod-1.svg,
7791000028042,Nutrivida Serum ácido hialurónico 30ml piel mixta,8050,,,19,,67
7791000028059,Medifar Magnesio 400mg x30 comp,3800,,,19,,203
7791000028066,Nutrivida Proteína vegetal 750g sabor neutro,21700,43400,,19,,25
7791000028073,Sanix Locion post solar 200ml piel mixta,14350,,2x1,19,,174
7791000028080,Nutrivida Proteína whey chocolate 1kg,65850,,,19,,232
7791000028097,Medifar Bálsamo labial FPS 30 piel sensible,56200,,,19,,174
7791000028103,Nutrimax BCAA 2:1:1 x120 caps premium,85750,,,19,,
7791000028110,Nutrivida Coenzima Q10 x30 caps,9200,,,19,,139
7791000028127,Nutrimax Crema antiage noche 50g piel sensible,79800,,,19,/img/demo/prod-3.svg,52
7791000028134,Medifar Hierro + ácido fólico x10 comp,14450,,,19,,54
7791000028141,Sanix Espirulina x90 comp pack x2,50500,,,19,/img/demo/prod-2.svg,126
7791000028158,Medifar Gel anticelulítico 200ml piel seca,30150,,,19,,46
7791000028165,Naturalis Spray nasal descongestivo 20ml x30 comp,17550,,2x1,20,,
7791000028172,Puravit Espirulina x90 comp sabor neutro,31450,,3x2,20,,
7791000028189,Puravit Crema antiage noche 50g piel sensible,50350,,,20,/img/demo/prod-7.svg,17
7791000028196,Puravit Omega 3 1000mg x60 caps sabor neutro,93400,,,20,,
7791000028202,Dermaqua Maca andina en polvo 250g sabor neutro,40400,,,20,,9
7791000028219,Solarmed Carbón activado,2550,,,20,,
7791000028226,Puravit Multivitamínico 50+ x60 sabor neutro,52950,,,20,,23
7791000028233,Naturalis Crema para manos 75ml piel mixta,23800,,,20,,
7791000028240,Dermaqua Glutamina 300g pack x2,11250,,,20,,201
7791000028257,Puravit Coenzima Q10 x30 caps pack x2,22150,,,20,,201
7791000028264,Dermaqua Lansoprazol 30mg x50 comp,10250,,,20,,
7791000028271,Naturalis Exfoliante facial 100g,38300,47900,Oferta,20,,
7791000028288,Puravit Contorno de ojos 15ml piel seca,6050,,,20,,
7791000028295,Dermaqua Magnesio 400mg x50 comp,19050,,,20,,103
7791000028301,Dermaqua Agua micelar 400ml piel sensible,6400,,,20,,219
7791000028318,Puravit Barritas proteicas caja x12,55100,,,20,,
7791000028325,Dermaqua Cetirizina 10mg x10 comp,17700,,,20,,
7791000028332,Puravit Proteína whey vainilla 1kg pack x2,91000,,,20,,
7791000028349,Naturalis Jarabe expectorante infantil 120ml x50 comp,3550,,,20,/img/demo/prod-2.svg,182
7791000028356,Dermaqua Ibuprofeno 600mg x20 comp,2750,,2x1,20,,106
7791000028363,Dermaqua Colágeno hidrolizado 300g sabor neutro,37300,,,20,,
7791000028370,Puravit Crema para manos 75ml,82850,165700,,20,,101
7791000028387,Dermaqua Protector solar FPS 30 200ml piel seca,14450,17000,,20,/img/demo/prod-7.svg,
7791000028394,Dermaqua Bálsamo labial FPS 30 piel seca,12950,18500,,20,,179
7791000028400,Puravit Roll-on ojeras 15ml piel sensible,9400,,,20,,62
7791000028417,Solarmed Serum vitamina C 30ml,8400,,,20,,198
7791000028424,Solarmed Creatina monohidrato 300g sabor neutro,16300,,Combo,20,/img/demo/prod-7.svg,
7791000028431,Naturalis Omega 3 1000mg x60 caps premium,89950,,Combo,20,/img/demo/prod-4.svg,247
7791000028448,Solarmed Lansoprazol 30mg x30 comp,2250,,,20,,0
7791000028455,Dermaqua Paracetamol 500mg x30 comp,10150,,,20,,
7791000028462,Naturalis Colágeno hidrolizado 300g,34850,,,20,,42
7791000028479,Naturalis Lansoprazol 30mg,2650,4100,,20,,224
7791000028486,Solarmed Crema para manos 75ml piel mixta,25650,30200,,20,,250
7791000028493,Naturalis Spray nasal descongestivo 20ml x20 comp,13750,19650,,20,,
7791000028509,Solarmed Protector solar FPS 30 200ml piel sensible,10850,21700,,20,,70
7791000028516,Dermaqua Loratadina 10mg x10 comp,25100,,,20,,
7791000028523,Dermaqua Diclofenac gel 60g x20 comp,9200,10800,,20,,222
7791000028530,Solarmed Paracetamol 500mg x50 comp,17200,,,20,,213
7791000028547,Solarmed Contorno de ojos 15ml piel sensible,28300,,,20,,
7791000028554,Naturalis Espirulina x90 comp premium,26350,,,20,,
7791000028561,Solarmed Spray nasal descongestivo 20ml x30 comp,2000,,,20,,241
7791000028578,Naturalis Glutamina 300g pack x2,19350,,,20,/img/demo/prod-5.svg,63
7791000028585,Naturalis Serum ácido hialurónico 30ml piel mixta,40800,,,20,/img/demo/prod-3.svg,26
7791000028592,Solarmed Glutamina 300g premium,15550,,,20,,
7791000028608,Naturalis Proteína whey chocolate 1kg premium,53050,,,20,,
7791000028615,Puravit Sales de rehidratación oral x30 comp,3850,,,20,,222
7791000028622,Dermaqua ZMA x90 caps pack x2,31700,,,20,/img/demo/prod-8.svg,
7791000028639,Naturalis Coenzima Q10 x30 caps premium,20900,,,20,,
7791000028646,Dermaqua Serum vitamina C 30ml piel mixta,8150,,,20,,
7791000028653,Dermaqua Ibuprofeno 600mg,12550,,,20,,26
7791000028660,Solarmed Ibuprofeno 400mg x30 comp,2850,,,20,,
7791000028677,Naturalis Contorno de ojos 15ml,58000,,Lanzamiento,20,,
7791000028684,Solarmed Loratadina 10mg x10 comp,13450,,,20,,109
7791000028691,Dermaqua Melatonina 3mg x10 comp,4200,,2x1,20,,
7791000028707,Dermaqua ZMA x90 caps sabor neutro,15000,,,20,,
7791000028714,Puravit Proteína whey chocolate 1kg premium,25450,29950,Oferta,20,,11
7791000028721,Puravit Proteína whey vainilla 1kg,26250,,,20,,
7791000028738,Puravit Crema antiage noche 50g piel seca,29500,,,20,,
7791000028745,Dermaqua Gel anticelulítico 200ml piel sensible,21950,24400,,20,,
7791000028752,Dermaqua Cetirizina 10mg,4400,,Lanzamiento,20,,132
7791000028769,Naturalis ZMA x90 caps pack x2,29750,,,20,,
7791000028776,Puravit Serum ácido hialurónico 30ml piel sensible,27100,,,20,,27
7791000028783,Solarmed Maca andina en polvo 250g pack x2,34650,,,20,,
7791000028790,Puravit Protector solar FPS 30 200ml piel sensible,9550,,,20,,
7791000028806,Dermaqua Creatina monohidrato 300g,13550,,,20,/img/demo/prod-4.svg,250
7791000028813,Solarmed Caseína micelar 900g premium,29500,,,20,,37
7791000028820,Puravit Melatonina 3mg x50 comp,14250,,,20,,31
7791000028837,Puravit Proteína whey vainilla 1kg premium,50550,,,20,,
7791000028844,Dermaqua Contorno de ojos 15ml piel sensible,14350,,,20,,94
7791000028851,Dermaqua Crema para dolores musculares 100g x20 comp,2350,,,20,,239
7791000028868,Puravit Serum ácido hialurónico 30ml,16750,,,20,,
7791000028875,Naturalis Protector solar FPS 50 200ml piel sensible,20450,,,20,,
7791000028882,Dermaqua Coenzima Q10 x30 caps premium,30650,,,20,,
7791000028899,Puravit Ibuprofeno 400mg,4850,,2x1,20,,
7791000028905,Naturalis Protector solar facial FPS 50 50ml,6150,7250,,20,,
7791000028912,Naturalis Máscara facial hidratante 75ml piel sensible,34750,,,20,,202
7791000028929,Naturalis Paracetamol 500mg x50 comp,22550,,,20,,
7791000028936,Naturalis Crema facial hidratante 50g,20000,,,20,,
7791000028943,Naturalis Ibuprofeno 400mg x20 comp,10950,,,20,,
7791000028950,Solarmed Protector solar FPS 30 200ml piel seca,20450,,,20,,
7791000028967,Solarmed Jarabe para la tos adultos 120ml x30 comp,10050,,,20,,54
7791000028974,Dermaqua Locion post solar 200ml piel mixta,9600,,,20,,
7791000028981,Solarmed Colágeno hidrolizado 300g,42700,56950,,20,,112
7791000028998,Puravit Locion post solar 200ml piel mixta,8250,,,20,/img/demo/prod-1.svg,0
7791000029001,Dermaqua Serum vitamina C 30ml,74500,,,20,,126
7791000029018,Dermaqua Melatonina 3mg x20 comp,26500,,,20,,51
7791000029025,Puravit BCAA 2:1:1 x120 caps pack x2,30950,,,20,,
7791000029032,Naturalis Proteína whey vainilla 1kg sabor neutro,29450,,,20,,
7791000029049,Puravit Exfoliante facial 100g piel mixta,17400,,,20,,
7791000029056,Solarmed Barritas proteicas caja x12,19750,,,20,,81
7791000029063,Naturalis Hierro + ácido fólico x50 comp,14800,,,20,,
7791000029070,Solarmed Omega 3 1000mg x60 caps sabor neutro,9050,,,20,,233
7791000029087,Naturalis Magnesio 400mg,11950,17050,Oferta,20,,
7791000029094,Dermaqua Espirulina x90 comp premium,27200,,,20,,
7791000029100,Puravit Crema corporal reparadora 300ml piel mixta,17900,29850,,20,,
7791000029117,Solarmed Pre-entreno frutos rojos 300g pack x2,81250,,,20,,
7791000029124,Solarmed Bálsamo labial FPS 30 piel seca,8650,,,20,/img/demo/prod-1.svg,
7791000029131,Puravit Contorno de ojos 15ml piel sensible,68750,,,20,,221
7791000029148,Solarmed Hierro + ácido fólico x10 comp,5150,,,20,/img/demo/prod-1.svg,
7791000029155,Naturalis Paracetamol 1g x10 comp,4850,,,20,/img/demo/prod-5.svg,
7791000029162,Puravit Ginseng coreano x30 caps premium,28550,57100,,20,,
7791000029179,Dermaqua Crema antiage noche 50g piel seca,39850,61300,,20,,116
7791000029186,Puravit Crema despigmentante 30g piel sensible,29050,,,20,,
7791000029193,Naturalis Ginkgo biloba x60 comp sabor neutro,15600,,,20,,
7791000029209,Solarmed Aceite corporal nutritivo 125ml piel seca,6700,,,20,,
7791000029216,Dermaqua Glutamina 300g sabor neutro,16950,,,20,,166
7791000029223,Naturalis Crema corporal reparadora 300ml piel mixta,6400,,,20,,
7791000029230,Puravit Barritas proteicas caja x12 premium,109800,,,20,,
7791000029247,Naturalis Pre-entreno frutos rojos 300g pack x2,13100,21850,Oferta,20,,189
7791000029254,Puravit Loratadina 10mg x10 comp,6200,,,20,,128
7791000029261,Solarmed Máscara facial hidratante 75ml,23050,,,20,,
7791000029278,Puravit Protector solar FPS 50 200ml piel seca,18500,,2x1,20,,173
7791000029285,Naturalis Jarabe expectorante infantil 120ml x20 comp,8800,10350,,20,,
7791000029292,Dermaqua Agua micelar 400ml,30800,,,20,,73
7791000029308,Solarmed Ibuprofeno 600mg x10 comp,17150,,,20,,
7791000029315,Solarmed Crema para manos 75ml piel sensible,58400,,,20,,
7791000029322,Puravit Paracetamol 500mg x30 comp,6900,,,20,,250
7791000029339,Naturalis Antiacido masticable x50 comp,15850,24400,,20,,
7791000029346,Dermaqua Antiacido masticable,1800,,,20,,
7791000029353,Dermaqua Loratadina 10mg x30 comp,12000,,,20,,60
7791000029360,Naturalis Espirulina x90 comp,10550,,,20,,182
7791000029377,Solarmed Melatonina 3mg x20 comp,19200,,,20,,
7791000029384,Naturalis Lansoprazol 30mg x20 comp,2650,2950,,20,,
7791000029391,Naturalis Máscara facial hidratante 75ml piel mixta,31450,,,20,,
7791000029407,Dermaqua BCAA 2:1:1 x120 caps sabor neutro,18400,,,20,,
7791000029414,Dermaqua Protector solar FPS 50 200ml piel sensible,37600,,3x2,20,,
7791000029421,Puravit Bálsamo labial FPS 30 piel seca,16400,,,20,/img/demo/prod-6.svg,232
7791000029438,Puravit Crema facial hidratante 50g piel sensible,26300,,,20,,232
7791000029445,Dermaqua Caramelos de propóleo x10 comp,4500,,,20,,
7791000029452,Puravit Serum vitamina C 30ml piel seca,20050,,,20,,
7791000029469,Solarmed Diclofenac gel 60g x10 comp,5600,,,20,,137
7791000029476,Dermaqua Roll-on ojeras 15ml piel sensible,41800,,,20,,76
7791000029483,Solarmed Locion post solar 200ml piel seca,20000,,,20,,37
7791000029490,Naturalis Omega 3 1000mg x60 caps,33250,,,20,,234
7791000029506,Dermaqua Maca andina en polvo 250g pack x2,59900,,,20,,87
7791000029513,Puravit Proteína vegetal 750g premium,51900,,,20,,
7791000029520,Naturalis Contorno de ojos 15ml piel mixta,46650,,,20,/img/demo/prod-5.svg,119
7791000029537,Solarmed Levadura de cerveza 500g,36150,,,20,,212
7791000029544,Puravit Ibuprofeno 600mg x10 comp,13700,21100,,20,,
7791000029551,Solarmed Aspirina 500mg x10 comp,14550,,,20,,97
7791000029568,Solarmed Pre-entreno frutos rojos 300g sabor neutro,47600,,,20,/img/demo/prod-4.svg,
7791000029575,Naturalis Roll-on ojeras 15ml piel mixta,23450,,,20,,141
7791000029582,Solarmed Crema despigmentante 30g piel seca,75900,,,20,,
7791000029599,Dermaqua Ginkgo biloba x60 comp,16450,,,20,,
7791000029605,Naturalis Crema antiage noche 50g piel mixta,8700,,,20,/img/demo/prod-6.svg,
7791000029612,Solarmed Omeprazol 20mg x30 comp,6000,9250,,20,,
7791000029629,Puravit Ibuprofeno 400mg x10 comp,3300,,,20,,
7791000029636,Dermaqua Crema corporal reparadora 300ml piel mixta,43400,,,20,,100
7791000029643,Solarmed Agua micelar 400ml piel mixta,25450,,,20,,
7791000029650,Dermaqua Aceite corporal nutritivo 125ml piel sensible,11850,,,20,,
7791000029667,Puravit Levadura de cerveza 500g premium,28300,,,20,,166
7791000029674,Naturalis Melatonina 3mg x20 comp,2500,,,20,,221
7791000029681,Dermaqua Crema antiage noche 50g,33250,44350,,20,,
7791000029698,Puravit Contorno de ojos 15ml piel mixta,17700,,,20,,14
7791000029704,Puravit Protector solar facial FPS 50 50ml piel seca,36200,,,20,/img/demo/prod-1.svg,
7791000029711,Naturalis BCAA 2:1:1 x120 caps,47450,,,20,,
7791000029728,Dermaqua Crema antiage noche 50g piel mixta,25750,,Combo,20,,27
7791000029735,Puravit Ibuprofeno 400mg x50 comp,3000,,,20,,198
7791000029742,Solarmed Paracetamol 1g x20 comp,2800,,,20,,
7791000029759,Dermaqua Crema facial hidratante 50g piel sensible,27550,39350,,20,,205
7791000029766,Solarmed Locion post solar 200ml piel sensible,16950,,,20,,
7791000029773,Puravit Espirulina x90 comp,36500,,,20,,
7791000029780,Naturalis Espirulina x90 comp sabor neutro,20100,,,20,,
7791000029797,Solarmed Crema corporal reparadora 300ml piel sensible,21950,25800,,20,,
7791000029803,Solarmed Aceite corporal nutritivo 125ml piel mixta,8650,,,20,,92
7791000029810,Puravit Paracetamol 1g x20 comp,4700,,,20,,
7791000029827,Solarmed Maca andina en polvo 250g sabor neutro,57650,72050,,20,,
7791000029834,Puravit Roll-on ojeras 15ml piel mixta,36350,,,20,,217
7791000029841,Dermaqua Paracetamol 500mg x20 comp,3400,4850,,20,,
7791000029858,Naturalis Crema para dolores musculares 100g x10 comp,4800,,,20,,
7791000029865,Solarmed ZMA x90 caps pack x2,23900,,,20,/img/demo/prod-5.svg,
7791000029872,Naturalis Creatina monohidrato 300g sabor neutro,15450,,,20,/img/demo/prod-4.svg,
7791000029889,Naturalis Ibuprofeno 600mg x20 comp,1800,,,20,,142
7791000029896,Dermaqua Crema corporal reparadora 300ml piel sensible,25250,,,20,,
7791000029902,Dermaqua Agua micelar 400ml piel seca,10800,,,20,,140
7791000029919,Solarmed Multivitamínico 50+ x60 premium,16000,,3x2,20,,
7791000029926,Naturalis Caseína micelar 900g pack x2,74150,87250,,20,,123
7791000029933,Dermaqua Lansoprazol 30mg,2100,,,20,,
7791000029940,Solarmed Colágeno hidrolizado 300g sabor neutro,16100,,,20,,
7791000029957,Dermaqua Ibuprofeno 400mg x50 comp,2350,,,20,,185
7791000029964,Naturalis Ginseng coreano x30 caps,29750,,,20,,31
7791000029971,Solarmed Exfoliante facial 100g piel sensible,17150,,,20,,13
7791000029988,Solarmed Crema facial hidratante 50g piel sensible,8650,,,20,,
7791000029995,Naturalis Vitamina C 500mg efervescente x50 comp,10100,,,20,,
7791000030007,Solarmed Aspirina 500mg x20 comp,2850,,,20,,
7791000030014,Naturalis Diclofenac gel 60g x50 comp,9900,11650,,20,,80
7791000030021,Puravit Crema facial hidratante 50g,8500,,,20,,
7791000030038,Dermalia Lansoprazol 30mg x30 comp,10150,,,21,,
7791000030045,Vitalfar Antiacido masticable x50 comp,8450,,,21,,
7791000030052,Dermalia Magnesio 400mg x30 comp,11300,,,21,,
7791000030069,Biofem Máquina de afeitar x3,3350,,,21,,
7791000030076,Sanix Jarabe expectorante infantil 120ml,9650,10700,Oferta,21,,86
7791000030083,Sanix Cinta hipoalergénica 2.5cm uso hospitalario,19150,,,21,,
7791000030090,Biofem Apósitos adhesivos x20 uso hospitalario,40600,,,21,,
7791000030106,Vitalfar Té digestivo hierbas serranas x20 comp,7200,,,21,,
7791000030113,Dermalia Venda elástica 10cm x2,2050,,,21,/img/demo/prod-7.svg,101
7791000030120,Biofem Melatonina 3mg x50 comp,2500,,,21,,
7791000030137,Biofem Apósitos adhesivos x20,11700,,,21,,
7791000030144,Vitalfar Antiacido masticable,5300,,,21,,
7791000030151,Biofem Sales de rehidratación oral,4100,,,21,,139
7791000030168,Sanix Venda elástica 10cm uso hospitalario,7300,,,21,,
7791000030175,Vitalfar Caramelos de propóleo x10 comp,12800,,,21,,134
7791000030182,Biofem Spray nasal descongestivo 20ml x20 comp,4600,,,21,,180
7791000030199,Sanix Carbón activado,2050,,,21,,77
7791000030205,Dermalia Hilo dental 50m sin perfume,4100,,,21,,
7791000030212,Dermalia Solución fisiológica 500ml x2,15150,,,21,,107
7791000030229,Dermalia Crema para dolores musculares 100g,17450,,,21,,
7791000030236,Biofem Jeringa descartable 5ml x10 x2,20800,,,21,,122
7791000030243,Dermalia Pasta dental encías 90g manzanilla,14950,,,21,,115
7791000030250,Sanix Cinta hipoalergénica 2.5cm x2,1850,,,21,,220
7791000030267,Biofem Termómetro digital uso hospitalario,9000,,,21,/img/demo/prod-8.svg,
7791000030274,Dermalia Tensiómetro digital de brazo pack familiar,7800,,,21,,80
7791000030281,Biofem Bolsa de agua caliente 2L uso hospitalario,13500,,,21,,215
7791000030298,Biofem Antiséptico en spray 100ml pack familiar,13550,,,21,,113
7791000030304,Vitalfar Venda elástica 10cm x2,10800,21600,Oferta,21,,71
7791000030311,Vitalfar Tensiómetro digital de brazo uso hospitalario,6950,,,21,,
7791000030328,Dermalia Antiacido masticable x10 comp,2750,,,21,,
7791000030335,Vitalfar Lansoprazol 30mg,6900,,,21,,
7791000030342,Biofem Loratadina 10mg,16050,,,21,,245
7791000030359,Dermalia Spray nasal descongestivo 20ml x10 comp,12100,,,21,,91
7791000030366,Sanix Solución fisiológica 500ml pack familiar,4600,6550,,21,/img/demo/prod-3.svg,
7791000030373,Dermalia Alcohol en gel 250ml aloe vera,15650,,,21,,
7791000030380,Sanix Tensiómetro digital de brazo pack familiar,3550,,,21,,
7791000030397,Vitalfar Espuma de afeitar 200ml aloe vera,9000,,,21,,
7791000030403,Dermalia Spray nasal descongestivo 20ml x50 comp,26100,52200,Oferta,21,/img/demo/prod-1.svg,90
7791000030410,Dermalia Carbón activado x50 comp,13950,,,21,,241
7791000030427,Biofem Oxímetro de pulso,14650,,,21,,42
7791000030434,Biofem Jabón líquido 250ml manzanilla,9550,,,21,,124
7791000030441,Vitalfar Apósitos adhesivos x20,2750,,Combo,21,,
7791000030458,Sanix Espuma de afeitar 200ml aloe vera,7900,,,21,/img/demo/prod-8.svg,231
7791000030465,Vitalfar Máquina de afeitar x3 manzanilla,4450,,,21,,
7791000030472,Biofem Gotas oftálmicas lubricantes 15ml x10 comp,8300,9200,,21,,37
7791000030489,Sanix Loratadina 10mg x30 comp,4850,5400,,21,,233
7791000030496,Vitalfar Test de embarazo x2,8100,,,21,,0
7791000030502,Vitalfar Algodón hidrófilo 200g,3000,,,21,/img/demo/prod-5.svg,
7791000030519,Dermalia Vitamina C 500mg efervescente x30 comp,8550,,,21,,
7791000030526,Sanix Alcohol etílico 96% 500ml,6050,8050,,21,,48
7791000030533,Biofem Férula inmovilizadora de dedo pack familiar,19300,,,21,,
7791000030540,Dermalia Enjuague bucal 500ml sin perfume,2950,,,21,/img/demo/prod-1.svg,122
7791000030557,Vitalfar Antiséptico en spray 100ml pack familiar,14850,29700,Oferta,21,,215
7791000030564,Sanix Espuma de afeitar 200ml,3050,,Combo,21,/img/demo/prod-1.svg,61
7791000030571,Vitalfar Jarabe para la tos adultos 120ml x20 comp,6750,,,21,,
7791000030588,Vitalfar Crema para dolores musculares 100g x30 comp,7400,,,21,,37
7791000030595,Dermalia Té digestivo hierbas serranas,15200,,,21,,
7791000030601,Biofem Acondicionador 400ml,19650,,,21,,60
7791000030618,Dermalia Gasas estériles 10x10 x10 uso hospitalario,1600,,,21,,
7791000030625,Dermalia Enjuague bucal 500ml aloe vera,4200,,,21,,
7791000030632,Vitalfar Pasta dental encías 90g sin perfume,13000,,,21,,240
7791000030649,Sanix Toallitas húmedas x50,7750,,,21,,
7791000030656,Sanix Venda elástica 10cm pack familiar,26900,,,21,,
7791000030663,Vitalfar Protectores diarios x20 aloe vera,4150,,,21,,69
7791000030670,Biofem Melatonina 3mg x10 comp,2000,,,21,,19
7791000030687,Biofem Guantes de nitrilo x100 uso hospitalario,20850,,,21,,167
7791000030694,Dermalia Férula inmovilizadora de dedo x2,16950,,,21,,
7791000030700,Dermalia Carbón activado x10 comp,10300,,,21,,206
7791000030717,Sanix Cepillo dental suave manzanilla,15750,,,21,,
7791000030724,Biofem Aspirina 500mg x20 comp,3450,4950,,21,,224
7791000030731,Dermalia Bolsa de agua caliente 2L pack familiar,10400,,,21,,
7791000030748,Dermalia Complejo B x20 comp,7350,,,21,,158
7791000030755,Sanix Complejo B x10 comp,12700,14100,Oferta,21,,
7791000030762,Dermalia Alcohol etílico 96% 500ml,5550,,,21,,
7791000030779,Sanix Antiséptico en spray 100ml uso hospitalario,11200,,,21,,
7791000030786,Biofem Diclofenac gel 60g x20 comp,1900,,,21,,
7791000030793,Vitalfar Desodorante aerosol 150ml aloe vera,3200,4900,,21,/img/demo/prod-4.svg,243
7791000030809,Sanix Lansoprazol 30mg x10 comp,3950,,,21,,39
7791000030816,Sanix Magnesio 400mg x30 comp,3200,,2x1,21,,
7791000030823,Dermalia Protectores diarios x20,2800,,,21,,
7791000030830,Vitalfar Pasta dental blanqueadora 90g sin perfume,3500,,,21,,
7791000030847,Vitalfar Magnesio 400mg x20 comp,19350,22750,,21,,
7791000030854,Sanix Collarín cervical blando,16400,,,21,,
7791000030861,Dermalia Aspirina 500mg x30 comp,9150,,,21,,
7791000030878,Dermalia Shampoo nutrición 400ml sin perfume,5550,,,21,,
7791000030885,Dermalia Espuma de afeitar 200ml sin perfume,11250,,,21,,
7791000030892,Vitalfar Crema para dolores musculares 100g x10 comp,14000,,Lanzamiento,21,,184
7791000030908,Sanix Cepillo dental medio x2,11500,,Combo,21,,162
7791000030915,Sanix Enjuague bucal 500ml,17300,,,21,,
7791000030922,Biofem Pasta dental encías 90g aloe vera,3200,,,21,,45
7791000030939,Biofem Algodón hidrófilo 200g pack familiar,3200,3550,,21,,
7791000030946,Dermalia Collarín cervical blando,7400,,,21,,221
7791000030953,Sanix Espuma de afeitar 200ml sin perfume,5150,,,21,,230
7791000030960,Sanix Botiquín primeros auxilios completo uso hospitalario,35450,,,21,,
7791000030977,Biofem Espuma de afeitar 200ml aloe vera,5450,,,21,,205
7791000030984,Sanix Venda elástica 10cm,5600,,,21,,
7791000030991,Biofem Melatonina 3mg,3100,,,21,,185
7791000031004,Biofem Agua oxigenada 10 vol 500ml uso hospitalario,2800,,,21,,5
7791000031011,Biofem Barbijo tricapa x50,18750,,,21,,86
7791000031028,Biofem Melatonina 3mg x20 comp,8500,,,21,,
7791000031035,Vitalfar Shampoo nutrición 400ml sin perfume,13950,,,21,,80
7791000031042,Biofem Enjuague bucal 500ml sin perfume,13000,26000,,21,,
7791000031059,Biofem Carbón activado x50 comp,2350,3900,,21,,
7791000031066,Biofem Jabón de tocador x3 sin perfume,11850,,,21,/img/demo/prod-2.svg,189
7791000031073,Sanix Hierro + ácido fólico x50 comp,8800,,,21,,245
7791000031080,Sanix Vitamina C 500mg efervescente x50 comp,6200,8250,,21,,66
7791000031097,Dermalia Lansoprazol 30mg,6250,,,21,,234
7791000031103,Vitalfar Hilo dental 50m aloe vera,3700,,,21,/img/demo/prod-6.svg,199
7791000031110,Sanix Guantes de nitrilo x100 x2,4600,,,21,,3
7791000031127,Vitalfar Jarabe para la tos adultos 120ml x30 comp,7150,,,21,,
7791000031134,Vitalfar Toallitas húmedas x50,7050,8800,Oferta,21,,24
7791000031141,Dermalia Cinta hipoalergénica 2.5cm x2,1600,,,21,,
7791000031158,Vitalfar Jarabe expectorante infantil 120ml x30 comp,3400,,,21,,
7791000031165,Vitalfar Antiséptico en spray 100ml uso hospitalario,10000,,,21,,
7791000031172,Biofem Gasas estériles 10x10 x10 x2,17800,,,21,,227
7791000031189,Dermalia Spray nasal descongestivo 20ml x30 comp,3750,,Combo,21,,110
7791000031196,Dermalia Lansoprazol 30mg x50 comp,5600,,,21,,
7791000031202,Biofem Algodón hidrófilo 200g uso hospitalario,2650,,,21,,
7791000031219,Sanix Hierro + ácido fólico,16950,,,21,,
7791000031226,Vitalfar Toallas femeninas x16 manzanilla,13750,,,21,,
7791000031233,Biofem Cepillo dental medio x2 manzanilla,2600,,,21,,
7791000031240,Vitalfar Agua oxigenada 10 vol 500ml pack familiar,3050,,,21,,
7791000031257,Dermalia Alcohol etílico 96% 500ml pack familiar,12700,16950,Oferta,21,,116
7791000031264,Biofem Alcohol en gel 250ml manzanilla,3550,,,21,,
7791000031271,Vitalfar Botiquín primeros auxilios completo,24450,,,21,,216
7791000031288,Vitalfar Barbijo tricapa x50 x2,14850,,,21,,
7791000031295,Biofem Enjuague bucal 500ml aloe vera,4900,,,21,,195
7791000031301,Dermalia Antiacido masticable x30 comp,9400,11050,,21,/img/demo/prod-5.svg,132
7791000031318,Sanix Solución fisiológica 500ml,3900,,,21,,190
7791000031325,Vitalfar Cepillo dental medio x2,6600,8250,,21,,76
7791000031332,Dermalia Toallitas húmedas x50 aloe vera,9450,,,21,,159
7791000031349,Biofem Test de embarazo uso hospitalario,11250,,,21,,
7791000031356,Dermalia Paracetamol 1g,4850,,,21,,210
7791000031363,Dermalia Jabón líquido 250ml manzanilla,3800,,,21,,102
7791000031370,Sanix Hilo dental 50m,9500,,,21,,
7791000031387,Sanix Antiacido masticable x50 comp,19050,,,21,,0
7791000031394,Vitalfar Paracetamol 1g x20 comp,14900,,,21,,125
7791000031400,Aquavital Acondicionador 400ml sin perfume,5300,,,22,,
7791000031417,Aquavital Gasas estériles 10x10 x10,14100,,,22,,
7791000031424,Aquavital Protectores diarios x20 sin perfume,3200,,,22,,183
7791000031431,Activlife Barbijo tricapa x50 uso hospitalario,4000,,,22,/img/demo/prod-4.svg,
7791000031448,Aquavital Enjuague bucal 500ml manzanilla,4150,4600,,22,,90
7791000031455,Aquavital Cepillo dental medio x2 aloe vera,8250,,,22,,
7791000031462,Aquavital Jarabe expectorante infantil 120ml x20 comp,11150,12400,,22,/img/demo/prod-1.svg,
7791000031479,Activlife Antiacido masticable x50 comp,5000,,,22,,
7791000031486,Aquavital Botiquín primeros auxilios completo x2,2300,,,22,,
7791000031493,Aquavital Cinta hipoalergénica 2.5cm uso hospitalario,28100,,,22,/img/demo/prod-3.svg,
7791000031509,Aquavital Jarabe expectorante infantil 120ml x10 comp,24650,,,22,,83
7791000031516,Activlife Apósitos adhesivos x20 uso hospitalario,5050,,,22,,
7791000031523,Aquavital Algodón hidrófilo 200g uso hospitalario,19250,,,22,,
7791000031530,Aquavital Cinta hipoalergénica 2.5cm x2,2100,,,22,,76
7791000031547,Aquavital Hierro + ácido fólico x30 comp,4000,,,22,,
7791000031554,Dermalia Aspirina 500mg x10 comp,15450,,,22,,
7791000031561,Activlife Paracetamol 500mg,24400,,,22,/img/demo/prod-4.svg,
7791000031578,Aquavital Cepillo dental medio x2 manzanilla,4600,5100,,22,,29
7791000031585,Activlife Jabón líquido 250ml manzanilla,6000,,,22,,
7791000031592,Dermalia Barbijo tricapa x50 pack familiar,15450,,,22,,68
7791000031608,Aquavital Talco corporal 100g manzanilla,6000,,3x2,22,,37
7791000031615,Aquavital Enjuague bucal 500ml aloe vera,17500,,,22,,4
7791000031622,Aquavital Jarabe para la tos adultos 120ml x50 comp,7200,,2x1,22,/img/demo/prod-8.svg,
7791000031639,Dermalia Gotas oftálmicas lubricantes 15ml,6800,,,22,,66
7791000031646,Dermalia Hilo dental 50m aloe vera,14250,,Combo,22,,
7791000031653,Aquavital Enjuague bucal 500ml sin perfume,11900,14000,,22,,24
7791000031660,Dermalia Toallitas húmedas x50 sin perfume,4200,,,22,,99
7791000031677,Aquavital Gasas estériles 10x10 x10 pack familiar,4550,,,22,,38
7791000031684,Aquavital Omeprazol 20mg x20 comp,4850,,2x1,22,,
7791000031691,Dermalia Barbijo tricapa x50 x2,3300,,3x2,22,,120
7791000031707,Aquavital Agua oxigenada 10 vol 500ml uso hospitalario,13850,,,22,,
7791000031714,Aquavital Complejo B x50 comp,5400,,,22,,
7791000031721,Activlife Jabón de tocador x3,2900,,,22,,
7791000031738,Dermalia Espuma de afeitar 200ml,5700,,,22,,
7791000031745,Aquavital Termómetro digital uso hospitalario,2350,,,22,,185
7791000031752,Aquavital Pasta dental encías 90g aloe vera,14900,,Lanzamiento,22,,
7791000031769,Aquavital Paracetamol 500mg,4200,,Lanzamiento,22,,
7791000031776,Activlife Alcohol etílico 96% 500ml pack familiar,6150,,,22,,181
7791000031783,Dermalia Solución fisiológica 500ml pack familiar,21100,,,22,,
7791000031790,Activlife Antiacido masticable x10 comp,6050,,,22,,
7791000031806,Aquavital Diclofenac gel 60g x30 comp,19300,29700,,22,,
7791000031813,Aquavital Crema para dolores musculares 100g x50 comp,13250,,,22,/img/demo/prod-8.svg,
7791000031820,Activlife Gasas estériles 10x10 x10 x2,2200,,,22,,
7791000031837,Activlife Toallitas húmedas x50,4950,,Combo,22,,
7791000031844,Activlife Hierro + ácido fólico x50 comp,2650,4100,Oferta,22,/img/demo/prod-1.svg,
7791000031851,Activlife Barbijo tricapa x50 x2,7950,,,22,,137
7791000031868,Aquavital Cepillo dental suave manzanilla,3300,,Lanzamiento,22,,
7791000031875,Activlife Loratadina 10mg,16200,,2x1,22,/img/demo/prod-5.svg,
7791000031882,Aquavital Termómetro digital,5000,,,22,/img/demo/prod-6.svg,247
7791000031899,Aquavital Diclofenac gel 60g x50 comp,10400,,,22,,
7791000031905,Aquavital Alcohol en gel 250ml aloe vera,8300,,,22,,0
7791000031912,Aquavital Alcohol etílico 96% 500ml uso hospitalario,13450,,,22,,
7791000031929,Aquavital Complejo B x10 comp,8550,,,22,/img/demo/prod-8.svg,157
7791000031936,Aquavital Paracetamol 1g x10 comp,4150,5550,Oferta,22,/img/demo/prod-4.svg,
7791000031943,Dermalia Agua oxigenada 10 vol 500ml uso hospitalario,4500,,,22,,
7791000031950,Activlife Spray nasal descongestivo 20ml x10 comp,2200,3650,,22,,
7791000031967,Aquavital Solución fisiológica 500ml uso hospitalario,5500,,,22,,
7791000031974,Dermalia Paracetamol 500mg x30 comp,4450,,,22,,0
7791000031981,Activlife Ibuprofeno 400mg,4400,,,22,,
7791000031998,Activlife Sales de rehidratación oral x30 comp,2700,,,22,,242
7791000032001,Activlife Jeringa descartable 5ml x10 pack familiar,1550,,,22,,
7791000032018,Activlife Toallas femeninas x16 manzanilla,14350,,,22,,195
7791000032025,Dermalia Desodorante aerosol 150ml aloe vera,2650,,,22,,
7791000032032,Aquavital Termómetro digital x2,11800,,,22,,57
7791000032049,Aquavital Shampoo anticaspa 400ml manzanilla,6450,,,22,,26
7791000032056,Activlife Pasta dental encías 90g aloe vera,3050,,,22,,
7791000032063,Aquavital Barbijo tricapa x50,35050,,,22,,164
7791000032070,Activlife Jarabe para la tos adultos 120ml x30 comp,11000,16900,,22,,61
7791000032087,Aquavital Bolsa de agua caliente 2L,17850,,,22,,16
7791000032094,Aquavital Spray nasal descongestivo 20ml,15850,,,22,,151
7791000032100,Activlife Acondicionador 400ml,14900,22900,,22,,
7791000032117,Dermalia Talco corporal 100g,7400,,,22,,
7791000032124,Aquavital Magnesio 400mg,15350,,,22,,
7791000032131,Activlife Cetirizina 10mg,10900,,2x1,22,,
7791000032148,Aquavital Melatonina 3mg x30 comp,8400,,,22,,176
7791000032155,Activlife Enjuague bucal 500ml,3100,,,22,,238
7791000032162,Activlife Ibuprofeno 600mg x20 comp,2200,2750,Oferta,22,,
7791000032179,Aquavital Pasta dental blanqueadora 90g,3550,5900,,22,,18
7791000032186,Aquavital Cinta hipoalergénica 2.5cm,20750,,,22,,27
7791000032193,Activlife Cepillo dental medio x2 manzanilla,2600,,,22,,115
7791000032209,Aquavital Té digestivo hierbas serranas x30 comp,17300,,,22,,
7791000032216,Aquavital Caramelos de propóleo,6950,9950,,22,,
7791000032223,Activlife Pasta dental encías 90g sin perfume,7400,,,22,,84
7791000032230,Dermalia Collarín cervical blando,8600,11450,,22,,7
7791000032247,Dermalia Jarabe para la tos adultos 120ml x10 comp,5400,,2x1,22,,54
7791000032254,Aquavital Toallas femeninas x16 aloe vera,3050,,,22,,
7791000032261,Dermalia Loratadina 10mg x10 comp,5950,,,22,,
7791000032278,Aquavital Tensiómetro digital de brazo,17050,,,22,,
7791000032285,Dermalia Botiquín primeros auxilios completo pack familiar,2700,,,22,,238
7791000032292,Activlife Té digestivo hierbas serranas x10 comp,3450,4600,,22,,
7791000032308,Aquavital Collarín cervical blando x2,13550,,,22,,228
7791000032315,Aquavital Barbijo tricapa x50 uso hospitalario,30450,,,22,/img/demo/prod-7.svg,166
7791000032322,Aquavital Test de embarazo x2,23300,25900,,22,,179
7791000032339,Aquavital Toallitas húmedas x50 manzanilla,3300,,,22,/img/demo/prod-1.svg,106
7791000032346,Dermalia Cepillo dental suave aloe vera,3200,,,22,/img/demo/prod-7.svg,
7791000032353,Activlife Algodón hidrófilo 200g pack familiar,22100,,,22,,
7791000032360,Dermalia Venda elástica 10cm x2,3100,3650,,22,,
7791000032377,Activlife Alcohol en gel 250ml,4250,,,22,,
7791000032384,Activlife Aspirina 500mg,7900,,,22,,
7791000032391,Aquavital Protectores diarios x20,2750,,Lanzamiento,22,,
7791000032407,Aquavital Antiacido masticable x30 comp,4000,,,22,,130
7791000032414,Dermalia Toallitas húmedas x50 aloe vera,12850,15100,,22,,
7791000032421,Aquavital Paracetamol 1g,2450,3050,,22,,
7791000032438,Aquavital Apósitos adhesivos x20 x2,11000,,,22,,172
7791000032445,Aquavital Jabón de tocador x3 sin perfume,13550,,,22,,179
7791000032452,Aquavital Solución fisiológica 500ml pack familiar,6600,,,22,,230
7791000032469,Activlife Toallitas húmedas x50 aloe vera,4000,,,22,/img/demo/prod-4.svg,248
7791000032476,Aquavital Spray nasal descongestivo 20ml x20 comp,24750,,,22,,7
7791000032483,Dermalia Jabón de tocador x3 aloe vera,2550,,,22,,
7791000032490,Dermalia Ibuprofeno 400mg x20 comp,10100,,,22,,246
7791000032506,Aquavital Antiacido masticable,3550,,,22,,24
7791000032513,Aquavital Caramelos de propóleo x20 comp,10150,,Lanzamiento,22,,226
7791000032520,Aquavital Apósitos adhesivos x20,1250,,,22,,
7791000032537,Aquavital Cepillo dental suave,3250,4350,,22,,99
7791000032544,Aquavital Pasta dental blanqueadora 90g aloe vera,5650,7050,,22,,198
7791000032551,Dermalia Apósitos adhesivos x20 x2,19800,,,22,/img/demo/prod-3.svg,
7791000032568,Activlife Té digestivo hierbas serranas,4650,,,22,,
7791000032575,Aquavital Shampoo anticaspa 400ml sin perfume,19300,,,22,,
7791000032582,Aquavital Crema para dolores musculares 100g x10 comp,4150,5550,,22,,77
7791000032599,Aquavital Desodorante roll-on 50ml sin perfume,3700,,,22,,198
7791000032605,Dermalia Alcohol etílico 96% 500ml pack familiar,3450,,,22,,75
7791000032612,Activlife Bolsa de agua caliente 2L x2,2000,2650,,22,/img/demo/prod-4.svg,
7791000032629,Aquavital Pasta dental encías 90g manzanilla,6250,7350,,22,,
7791000032636,Aquavital Aspirina 500mg x10 comp,5200,8650,,22,,245
7791000032643,Activlife Enjuague bucal 500ml aloe vera,6200,,,22,,72
7791000032650,Dermalia Protectores diarios x20 aloe vera,7700,,,22,,
7791000032667,Aquavital Espuma de afeitar 200ml sin perfume,4700,6700,,22,,
7791000032674,Aquavital Toallitas húmedas x50,4850,,,22,,
7791000032681,Aquavital Omeprazol 20mg x50 comp,14350,,,22,,201
7791000032698,Aquavital Desodorante roll-on 50ml manzanilla,4200,,,22,,153
7791000032704,Dermalia Venda elástica 10cm pack familiar,13150,26300,,22,,
7791000032711,Aquavital Hilo dental 50m manzanilla,16400,,,22,,
7791000032728,Activlife Venda elástica 10cm pack familiar,1600,,,22,,29
7791000032735,Aquavital Alcohol etílico 96% 500ml x2,42800,,,22,,215
7791000032742,Aquavital Talco corporal 100g,5950,7450,,22,/img/demo/prod-8.svg,138
7791000032759,Aquavital Jarabe para la tos adultos 120ml x10 comp,4550,,,22,,140
7791000032766,Activlife Desodorante roll-on 50ml sin perfume,3300,,,22,,
7791000032773,Aquavital Barbijo tricapa x50 x2,13200,20300,,22,,148
7791000032780,Dermalia Shampoo anticaspa 400ml sin perfume,8650,,,22,,28
7791000032797,Aquavital Shampoo nutrición 400ml,4650,,,22,,240
7791000032803,Aquavital Té digestivo hierbas serranas,22350,,,22,/img/demo/prod-8.svg,154
7791000032810,Aquavital Loratadina 10mg x20 comp,13950,,,22,,99
7791000032827,Aquavital Agua oxigenada 10 vol 500ml,5200,10400,Oferta,22,,
7791000032834,Aquavital Hilo dental 50m,16850,,3x2,22,,167
7791000032841,Aquavital Tensiómetro digital de brazo uso hospitalario,7300,,Lanzamiento,22,,144
7791000032858,Aquavital Guantes de nitrilo x100 uso hospitalario,2850,3550,,22,,
7791000032865,Activlife Desodorante roll-on 50ml aloe vera,4050,,Lanzamiento,22,,241
7791000032872,Aquavital Guantes de nitrilo x100,11050,,,22,,
7791000032889,Aquavital Talco corporal 100g aloe vera,11400,,,22,,
7791000032896,Aquavital Jabón de tocador x3 manzanilla,10600,,,22,,23
7791000032902,Activlife Toallas femeninas x16 aloe vera,4500,,,22,,63
7791000032919,Aquavital Jeringa descartable 5ml x10 x2,8500,,,22,,
7791000032926,Dermalia Acondicionador 400ml,17450,,,22,,191
7791000032933,Aquavital Hilo dental 50m sin perfume,5100,6800,Oferta,22,,245
7791000032940,Dermalia Omeprazol 20mg x10 comp,6050,8650,,22,,3
7791000032957,Aquavital Máquina de afeitar x3 manzanilla,4250,5000,,22,,175
7791000032964,Aquavital Férula inmovilizadora de dedo uso hospitalario,4950,,,22,/img/demo/prod-1.svg,
7791000032971,Dermalia Magnesio 400mg x10 comp,15550,,,22,,
7791000032988,Aquavital Desodorante aerosol 150ml aloe vera,3450,,,22,,117
7791000032995,Aquavital Gotas oftálmicas lubricantes 15ml x10 comp,2550,,,22,,
7791000033008,Activlife Paracetamol 1g x50 comp,7750,,,22,,
7791000033015,Activlife Hilo dental 50m,6950,,,22,,
7791000033022,Activlife Melatonina 3mg x20 comp,16850,,,22,,136
7791000033039,Aquavital Complejo B,13350,,,22,,
7791000033046,Aquavital Espuma de afeitar 200ml,3100,,,22,,58
7791000033053,Aquavital Tensiómetro digital de brazo x2,31700,45300,,22,,
7791000033060,Aquavital Hilo dental 50m aloe vera,6700,,,22,,116
7791000033077,Dermalia Collarín cervical blando x2,11900,,,22,,
7791000033084,Dermalia Vitamina C 500mg efervescente x20 comp,3400,,,22,,
7791000033091,Aquavital Pasta dental blanqueadora 90g sin perfume,7100,,,22,,
7791000033107,Activlife Test de embarazo,10800,,,22,,
7791000033114,Dermalia Espuma de afeitar 200ml manzanilla,6600,,,22,,166
7791000033121,Aquavital Alcohol en gel 250ml manzanilla,14300,,,22,/img/demo/prod-7.svg,36
7791000033138,Activlife Ibuprofeno 400mg x10 comp,14300,,,22,,228
7791000033145,Activlife Máquina de afeitar x3 sin perfume,13400,20600,,22,/img/demo/prod-4.svg,
7791000033152,Dermalia Alcohol etílico 96% 500ml uso hospitalario,5200,10400,,22,,
7791000033169,Aquavital Lansoprazol 30mg,8100,,,22,,
7791000033176,Dermalia Jarabe para la tos adultos 120ml,2850,5700,,22,,120
7791000033183,Dermalia Tensiómetro digital de brazo pack familiar,25400,,,22,/img/demo/prod-4.svg,
7791000033190,Activlife Alcohol etílico 96% 500ml x2,22800,30400,,23,,4
7791000033206,Serenol Hilo dental 50m,9850,,,23,,79
7791000033213,Aquavital Toallas femeninas x16,18750,,,23,,
7791000033220,Vigorplus Jarabe expectorante infantil 120ml x20 comp,4400,,,23,,
7791000033237,Serenol Hilo dental 50m manzanilla,12700,,,23,,
7791000033244,Vigorplus Magnesio 400mg x10 comp,4100,,,23,,84
7791000033251,Serenol Vitamina C 500mg efervescente x30 comp,22150,29550,Oferta,23,,104
7791000033268,Vigorplus Gasas estériles 10x10 x10 pack familiar,17200,,,23,,28
7791000033275,Activlife Diclofenac gel 60g x20 comp,3350,,,23,,
7791000033282,Vigorplus Test de embarazo x2,1450,2400,,23,,
7791000033299,Aquavital Vitamina C 500mg efervescente x30 comp,17650,19600,Oferta,23,,
7791000033305,Serenol Antiacido masticable x30 comp,2500,,,23,,100
7791000033312,Vigorplus Alcohol etílico 96% 500ml pack familiar,7400,,,23,,206
7791000033329,Activlife Hilo dental 50m aloe vera,3200,4250,,23,,
7791000033336,Aquavital Ibuprofeno 600mg x30 comp,15050,,,23,,
7791000033343,Activlife Caramelos de propóleo x20 comp,7150,,,23,,15
7791000033350,Aquavital Desodorante roll-on 50ml,14100,,,23,,
7791000033367,Activlife Cepillo dental suave sin perfume,4200,,,23,,
7791000033374,Aquavital Aspirina 500mg x20 comp,10800,,,23,,2
7791000033381,Activlife Desodorante roll-on 50ml,4050,5400,,23,,52
7791000033398,Aquavital Tensiómetro digital de brazo x2,17550,19500,,23,,101
7791000033404,Vigorplus Pasta dental blanqueadora 90g,5650,7050,,23,,35
7791000033411,Vigorplus Apósitos adhesivos x20 x2,26350,,,23,,
7791000033428,Activlife Antiacido masticable,6700,,,23,,35
7791000033435,Vigorplus Desodorante aerosol 150ml manzanilla,4500,,3x2,23,,
7791000033442,Serenol Cepillo dental suave manzanilla,5300,,,23,/img/demo/prod-5.svg,110
7791000033459,Aquavital Loratadina 10mg x50 comp,19400,,,23,,66
7791000033466,Vigorplus Talco corporal 100g,7200,,,23,,181
7791000033473,Vigorplus Termómetro digital uso hospitalario,8200,,,23,,
7791000033480,Vigorplus Jarabe expectorante infantil 120ml x30 comp,9200,,Combo,23,,
7791000033497,Activlife Hilo dental 50m,8150,13600,,23,,
7791000033503,Activlife Pasta dental blanqueadora 90g manzanilla,2950,,,23,,
7791000033510,Aquavital Test de embarazo x2,22950,,,23,,
7791000033527,Activlife Shampoo anticaspa 400ml sin perfume,6200,,,23,,207
7791000033534,Aquavital Apósitos adhesivos x20 x2,26400,,,23,,
7791000033541,Activlife Alcohol etílico 96% 500ml uso hospitalario,13350,,,23,,
7791000033558,Activlife Protectores diarios x20 sin perfume,3100,,,23,,64
7791000033565,Serenol Espuma de afeitar 200ml aloe vera,4800,,,23,,
7791000033572,Serenol Alcohol etílico 96% 500ml uso hospitalario,3150,,,23,,
7791000033589,Serenol Cepillo dental medio x2 manzanilla,5750,8200,,23,,
7791000033596,Vigorplus Ibuprofeno 400mg x30 comp,4200,,,23,,166
7791000033602,Vigorplus Toallas femeninas x16 aloe vera,4550,,,23,,228
7791000033619,Serenol Shampoo anticaspa 400ml manzanilla,3000,,,23,,
7791000033626,Serenol Férula inmovilizadora de dedo,2700,,,23,,154
7791000033633,Vigorplus Guantes de nitrilo x100,12900,,,23,,
7791000033640,Vigorplus Solución fisiológica 500ml uso hospitalario,34000,,,23,,168
7791000033657,Vigorplus Lansoprazol 30mg x30 comp,12850,,,23,,
7791000033664,Activlife Paracetamol 500mg,10450,,,23,,
7791000033671,Activlife Desodorante roll-on 50ml aloe vera,5250,,,23,,
7791000033688,Activlife Alcohol en gel 250ml aloe vera,16100,,,23,,240
7791000033695,Serenol Ibuprofeno 600mg x10 comp,12750,,,23,,25
7791000033701,Aquavital Shampoo nutrición 400ml sin perfume,3550,,,23,,
7791000033718,Aquavital Antiséptico en spray 100ml x2,19550,27950,,23,,148
7791000033725,Activlife Crema para dolores musculares 100g x30 comp,2500,,,23,,72
7791000033732,Vigorplus Toallitas húmedas x50,3150,,,23,,
7791000033749,Activlife Loratadina 10mg x10 comp,4100,,,23,/img/demo/prod-4.svg,
7791000033756,Aquavital Agua oxigenada 10 vol 500ml x2,2250,,Lanzamiento,23,,19
7791000033763,Serenol Collarín cervical blando,12100,,,23,,
7791000033770,Activlife Pasta dental encías 90g,7150,,,23,,
7791000033787,Vigorplus Shampoo anticaspa 400ml sin perfume,7150,,,23,/img/demo/prod-3.svg,61
7791000033794,Vigorplus Vitamina C 500mg efervescente x10 comp,5900,,,23,,72
7791000033800,Vigorplus Protectores diarios x20,4650,6650,,23,,
7791000033817,Serenol Alcohol en gel 250ml manzanilla,10650,,,23,,96
7791000033824,Serenol Jabón líquido 250ml sin perfume,3650,,,23,,
7791000033831,Activlife Complejo B,12800,,,23,,130
7791000033848,Activlife Hilo dental 50m sin perfume,13650,,,23,,
7791000033855,Activlife Espuma de afeitar 200ml manzanilla,4300,,,23,,33
7791000033862,Vigorplus Complejo B x10 comp,2750,,,23,,106
7791000033879,Serenol Venda elástica 10cm x2,22700,,Lanzamiento,23,,
7791000033886,Activlife Solución fisiológica 500ml x2,6750,,,23,,156
7791000033893,Aquavital Aspirina 500mg,2000,,,23,,
7791000033909,Aquavital Oxímetro de pulso,1650,,,23,,
7791000033916,Aquavital Cepillo dental medio x2,6650,,,23,,
7791000033923,Activlife Cetirizina 10mg,7700,,Lanzamiento,23,,
7791000033930,Aquavital Test de embarazo,1550,,,23,/img/demo/prod-5.svg,242
7791000033947,Vigorplus Desodorante roll-on 50ml,14250,,,23,,
7791000033954,Serenol Bolsa de agua caliente 2L uso hospitalario,9750,,,23,,155
7791000033961,Vigorplus Jabón líquido 250ml,14650,,,23,,
7791000033978,Vigorplus Caramelos de propóleo x10 comp,5550,,,23,,2
7791000033985,Serenol Protectores diarios x20 sin perfume,2600,,,23,,
7791000033992,Aquavital Complejo B x20 comp,15800,,,23,,137
7791000034005,Aquavital Agua oxigenada 10 vol 500ml uso hospitalario,9950,11700,,23,,162
7791000034012,Vigorplus Ibuprofeno 400mg x50 comp,8450,,,23,,104
7791000034029,Activlife Protectores diarios x20,7500,,,23,,
7791000034036,Activlife Ibuprofeno 600mg x20 comp,2900,,,23,,132
7791000034043,Aquavital Paracetamol 1g x50 comp,5650,,,23,,182
7791000034050,Activlife Magnesio 400mg,8400,,,23,,163
7791000034067,Activlife Apósitos adhesivos x20 uso hospitalario,6500,10000,,23,,
7791000034074,Serenol Vitamina C 500mg efervescente,23200,,,23,,212
7791000034081,Serenol Alcohol etílico 96% 500ml x2,10150,,,23,,183
7791000034098,Aquavital Pasta dental encías 90g aloe vera,7650,,,23,,5
7791000034104,Aquavital Pasta dental blanqueadora 90g sin perfume,4900,,,23,/img/demo/prod-3.svg,195
7791000034111,Aquavital Sales de rehidratación oral,5000,6650,Oferta,23,,
7791000034128,Activlife Botiquín primeros auxilios completo,3100,,,23,,78
7791000034135,Serenol Termómetro digital uso hospitalario,35900,,,23,,89
7791000034142,Aquavital Aspirina 500mg x50 comp,6950,8700,,23,,
7791000034159,Vigorplus Espuma de afeitar 200ml,3400,,,23,,
7791000034166,Vigorplus Loratadina 10mg x10 comp,5500,,,23,,226
7791000034173,Aquavital Férula inmovilizadora de dedo pack familiar,9000,,,23,,45
7791000034180,Activlife Tensiómetro digital de brazo x2,11100,,,23,/img/demo/prod-4.svg,
7791000034197,Serenol Melatonina 3mg x30 comp,5000,,,23,,
7791000034203,Serenol Desodorante roll-on 50ml manzanilla,12700,,3x2,23,/img/demo/prod-3.svg,233
7791000034210,Aquavital Vitamina C 500mg efervescente x50 comp,6250,,,23,,
7791000034227,Activlife Gasas estériles 10x10 x10 pack familiar,7350,,,23,,
7791000034234,Aquavital Collarín cervical blando uso hospitalario,1700,,,23,/img/demo/prod-7.svg,243
7791000034241,Activlife Cinta hipoalergénica 2.5cm,5750,,Combo,23,,
7791000034258,Activlife Shampoo nutrición 400ml manzanilla,15950,,Combo,23,,
7791000034265,Serenol Apósitos adhesivos x20 pack familiar,2700,,,23,,
7791000034272,Vigorplus Toallitas húmedas x50 sin perfume,5950,8500,,23,,230
7791000034289,Aquavital Antiacido masticable x20 comp,15400,,,23,,89
7791000034296,Serenol Jabón de tocador x3 sin perfume,8800,,Combo,23,/img/demo/prod-3.svg,161
7791000034302,Vigorplus Cepillo dental suave,7250,,,23,,
7791000034319,Aquavital Jarabe para la tos adultos 120ml,2050,,,23,,
7791000034326,Aquavital Collarín cervical blando x2,10100,,,23,,
7791000034333,Aquavital Férula inmovilizadora de dedo uso hospitalario,35150,,,23,,174
7791000034340,Activlife Lansoprazol 30mg x30 comp,2700,,,23,,238
7791000034357,Serenol Omeprazol 20mg x50 comp,13350,,,23,,85
7791000034364,Serenol Oxímetro de pulso pack familiar,6000,10000,,23,/img/demo/prod-7.svg,7
7791000034371,Aquavital Toallas femeninas x16 sin perfume,6850,,,23,,
7791000034388,Aquavital Acondicionador 400ml manzanilla,3950,5250,Oferta,23,,
7791000034395,Serenol Carbón activado x30 comp,21550,,,23,,
7791000034401,Vigorplus Talco corporal 100g sin perfume,9650,,,23,,163
7791000034418,Serenol Carbón activado x10 comp,10900,,,23,,
7791000034425,Activlife Algodón hidrófilo 200g uso hospitalario,16850,,,23,,
7791000034432,Vigorplus Paracetamol 1g,2400,,,23,,101
7791000034449,Aquavital Jabón de tocador x3 aloe vera,5950,,,23,,
7791000034456,Aquavital Shampoo anticaspa 400ml,8300,,Lanzamiento,23,,
7791000034463,Vigorplus Hilo dental 50m aloe vera,19350,,,23,,214
7791000034470,Serenol Desodorante aerosol 150ml manzanilla,2500,,Lanzamiento,23,,
7791000034487,Vigorplus Espuma de afeitar 200ml aloe vera,18500,28450,Oferta,23,,9
7791000034494,Activlife Pasta dental blanqueadora 90g aloe vera,8100,,,23,,225
7791000034500,Serenol Aspirina 500mg x10 comp,14950,,,23,,
7791000034517,Serenol Cinta hipoalergénica 2.5cm x2,28700,33750,,23,,
7791000034524,Vigorplus Complejo B,21300,,,23,,30
7791000034531,Vigorplus Férula inmovilizadora de dedo x2,26100,,,23,/img/demo/prod-6.svg,16
7791000034548,Vigorplus Hierro + ácido fólico,9850,,,23,,101
7791000034555,Vigorplus Sales de rehidratación oral x10 comp,19350,,,23,,
7791000034562,Activlife Carbón activado x20 comp,1900,,,23,,
7791000034579,Vigorplus Jabón de tocador x3 manzanilla,12100,,,23,,33
7791000034586,Aquavital Pasta dental blanqueadora 90g aloe vera,5050,,,23,,
7791000034593,Vigorplus Tensiómetro digital de brazo,29900,,,23,,
7791000034609,Vigorplus Barbijo tricapa x50 pack familiar,1900,,,23,,
7791000034616,Vigorplus Crema para dolores musculares 100g x20 comp,4400,,,23,,211
7791000034623,Activlife Barbijo tricapa x50 x2,18050,,,23,,
7791000034630,Serenol Oxímetro de pulso,8200,,,23,,53
7791000034647,Activlife Ibuprofeno 600mg,1950,,,23,,89
7791000034654,Aquavital Carbón activado x50 comp,3050,4050,,23,,135
7791000034661,Vigorplus Spray nasal descongestivo 20ml x30 comp,6250,6950,,23,,194
7791000034678,Serenol Tensiómetro digital de brazo,11900,,,23,,157
7791000034685,Aquavital Cetirizina 10mg x10 comp,22350,,,23,,
7791000034692,Vigorplus Lansoprazol 30mg x20 comp,15550,23900,,23,,214
7791000034708,Activlife Solución fisiológica 500ml,35500,,,23,,147
7791000034715,Vigorplus Antiséptico en spray 100ml,33400,,,23,,
7791000034722,Activlife Cepillo dental suave aloe vera,9850,,,23,,
7791000034739,Activlife Jarabe expectorante infantil 120ml x20 comp,2200,,,23,,100
7791000034746,Aquavital Té digestivo hierbas serranas x50 comp,2350,,,23,,
7791000034753,Vigorplus Hilo dental 50m,5600,,,23,,
7791000034760,Aquavital Spray nasal descongestivo 20ml x30 comp,7800,,,23,,
7791000034777,Activlife Test de embarazo pack familiar,6050,,,23,,34
7791000034784,Aquavital Aspirina 500mg x10 comp,10000,,,23,,
7791000034791,Aquavital Paracetamol 500mg x10 comp,10300,,,23,/img/demo/prod-2.svg,
7791000034807,Serenol Cepillo dental medio x2 aloe vera,2750,4250,Oferta,23,,
7791000034814,Activlife Oxímetro de pulso uso hospitalario,20950,23300,Oferta,23,,51
7791000034821,Vigorplus Paracetamol 500mg x20 comp,19150,,,23,,
7791000034838,Aquavital Enjuague bucal 500ml,10000,,,23,,
7791000034845,Aquavital Solución fisiológica 500ml,23500,,,23,,131
7791000034852,Serenol Toallitas húmedas x50 sin perfume,3150,,,23,,
7791000034869,Activlife Crema para dolores musculares 100g x50 comp,6800,,,23,,
7791000034876,Serenol Toallas femeninas x16,7850,,,23,,126
7791000034883,Serenol Spray nasal descongestivo 20ml x10 comp,10250,,,23,,
7791000034890,Aquavital Protectores diarios x20 aloe vera,5100,,,23,,40
7791000034906,Activlife Antiséptico en spray 100ml uso hospitalario,18650,,,23,,73
7791000034913,Vigorplus Pasta dental encías 90g manzanilla,3900,,,23,,29
7791000034920,Activlife Tensiómetro digital de brazo uso hospitalario,11200,,,23,,
7791000034937,Vigorplus Hierro + ácido fólico x50 comp,7750,,,23,,
7791000034944,Vigorplus Jabón líquido 250ml manzanilla,9100,,,23,/img/demo/prod-7.svg,
7791000034951,Activlife Máquina de afeitar x3 aloe vera,11300,,,23,,
7791000034968,Serenol Cepillo dental suave,4000,,,23,/img/demo/prod-3.svg,
7791000034975,Activlife Espuma de afeitar 200ml,3600,,,23,,111
7791000034982,Vigorplus Caramelos de propóleo x20 comp,2250,,,23,/img/demo/prod-4.svg,
7791000034999,Serenol Oxímetro de pulso x2,1300,1650,Oferta,23,,
7791000035002,Aquavital Crema para dolores musculares 100g x20 comp,7300,,2x1,23,,
7791000035019,Aquavital Alcohol en gel 250ml manzanilla,2700,,,23,/img/demo/prod-4.svg,
7791000035026,Serenol Magnesio 400mg x20 comp,22300,,,23,,3
7791000035033,Aquavital Lansoprazol 30mg x20 comp,3900,,Combo,23,,73
7791000035040,Vigorplus Ibuprofeno 600mg x20 comp,2800,,,23,,4
7791000035057,Aquavital Jarabe expectorante infantil 120ml x20 comp,6500,,,23,,69
7791000035064,Vigorplus Jeringa descartable 5ml x10 x2,14050,,,23,,94
7791000035071,Aquavital Ibuprofeno 400mg x50 comp,6650,,,23,,220
7791000035088,Aquavital Crema para dolores musculares 100g x30 comp,2900,3850,,23,,243
7791000035095,Activlife Acondicionador 400ml,3000,,,23,,
7791000035101,Activlife Ibuprofeno 600mg x50 comp,2900,,,23,,90
7791000035118,Activlife Test de embarazo x2,5650,,,23,,
7791000035125,Vigorplus Antiacido masticable x10 comp,5700,,,23,,129
7791000035132,Aquavital Caramelos de propóleo x50 comp,6050,8650,Oferta,23,,
7791000035149,Serenol Shampoo anticaspa 400ml,5000,,,23,,86
7791000035156,Activlife Jabón de tocador x3 sin perfume,2850,,,23,,85
7791000035163,Activlife Cepillo dental medio x2 sin perfume,15650,,,23,,
7791000035170,Aquavital Vitamina C 500mg efervescente x20 comp,3150,,,23,,
7791000035187,Activlife Cepillo dental medio x2 aloe vera,7250,,,23,,225
7791000035194,Vigorplus Toallitas húmedas x50 manzanilla,17000,,,23,,175
7791000035200,Activlife Bolsa de agua caliente 2L x2,1850,,,23,,58
7791000035217,Activlife Aspirina 500mg x50 comp,6150,,,23,,78
7791000035224,Aquavital Jeringa descartable 5ml x10 x2,2550,,2x1,23,,
7791000035231,Aquavital Pasta dental encías 90g sin perfume,9800,12250,Oferta,23,,
7791000035248,Aquavital Bolsa de agua caliente 2L x2,13550,,,23,,
7791000035255,Vigorplus Té digestivo hierbas serranas x10 comp,3150,,,23,,
7791000035262,Serenol Máquina de afeitar x3,4400,,,23,,
7791000035279,Aquavital Antiséptico en spray 100ml,8850,,,23,,
7791000035286,Aquavital Toallas femeninas x16 manzanilla,3500,,,23,,
7791000035293,Serenol Ibuprofeno 600mg x30 comp,15650,,,23,,0
7791000035309,Serenol Oxímetro de pulso uso hospitalario,6500,,,23,/img/demo/prod-3.svg,245
7791000035316,Vigorplus Agua oxigenada 10 vol 500ml,5050,5950,,23,,216
7791000035323,Serenol Jarabe expectorante infantil 120ml x50 comp,13550,,,23,,0
7791000035330,Activlife Gotas oftálmicas lubricantes 15ml x20 comp,12900,,,23,/img/demo/prod-8.svg,173
7791000035347,Vigorplus Spray nasal descongestivo 20ml x10 comp,2850,,,23,,164
7791000035354,Serenol Spray nasal descongestivo 20ml x30 comp,2650,,,23,/img/demo/prod-4.svg,
7791000035361,Aquavital Solución fisiológica 500ml x2,3000,6000,,23,,
7791000035378,Aquavital Shampoo nutrición 400ml aloe vera,9900,,,23,,170
7791000035385,Activlife Loratadina 10mg,2350,,,23,,
7791000035392,Vigorplus Collarín cervical blando pack familiar,1800,,,23,,
7791000035408,Serenol Toallitas húmedas x50,4250,5300,,23,,
7791000035415,Vigorplus Tensiómetro digital de brazo x2,34000,,,23,,
7791000035422,Activlife Jarabe para la tos adultos 120ml x20 comp,11900,,,23,,38
7791000035439,Serenol Paracetamol 1g x10 comp,2950,,Combo,23,,
7791000035446,Aquavital Cinta hipoalergénica 2.5cm x2,6500,10850,,23,/img/demo/prod-7.svg,44
7791000035453,Activlife Té digestivo hierbas serranas,4650,7150,,23,/img/demo/prod-7.svg,
7791000035460,Serenol Test de embarazo x2,4600,,,23,,232
7791000035477,Activlife Jabón de tocador x3 manzanilla,2500,,,23,,
7791000035484,Aquavital Cinta hipoalergénica 2.5cm pack familiar,9100,,,23,,85
7791000035491,Activlife Alcohol etílico 96% 500ml pack familiar,1700,,Combo,23,,27
7791000035507,Serenol Termómetro digital,11100,,,23,,
7791000035514,Vigorplus Enjuague bucal 500ml manzanilla,14900,,,23,/img/demo/prod-4.svg,49
7791000035521,Aquavital Talco corporal 100g,4500,,,23,,129
7791000035538,Aquavital Cepillo dental medio x2 aloe vera,3450,,,23,,
7791000035545,Activlife Gasas estériles 10x10 x10 uso hospitalario,3600,,,23,,0
7791000035552,Vigorplus Toallas femeninas x16 manzanilla,9400,,,23,,
7791000035569,Serenol Férula inmovilizadora de dedo x2,8050,,,23,,
7791000035576,Vigorplus Apósitos adhesivos x20,3250,,,23,,209
7791000035583,Serenol Sales de rehidratación oral x10 comp,6250,,,23,,
7791000035590,Vigorplus Pasta dental encías 90g,3700,7400,Oferta,23,,220
7791000035606,Serenol Barbijo tricapa x50 uso hospitalario,21250,,,23,/img/demo/prod-6.svg,192
7791000035613,Serenol Melatonina 3mg x20 comp,11250,,,23,,
7791000035620,Vigorplus Tensiómetro digital de brazo uso hospitalario,1400,,,23,,0
7791000035637,Activlife Guantes de nitrilo x100 pack familiar,15450,,,23,,
7791000035644,Aquavital Desodorante aerosol 150ml,4000,,2x1,23,,
7791000035651,Vigorplus Cepillo dental medio x2 manzanilla,7900,,3x2,23,,
7791000035668,Serenol Jarabe para la tos adultos 120ml x20 comp,24100,,,23,,77
7791000035675,Vigorplus Enjuague bucal 500ml,3550,,,23,,
7791000035682,Aquavital Cepillo dental suave aloe vera,4400,,2x1,23,,
7791000035699,Activlife Melatonina 3mg x30 comp,7650,,,23,,
7791000035705,Aquavital Termómetro digital uso hospitalario,13550,,,23,,
7791000035712,Activlife Sales de rehidratación oral x10 comp,2750,,,23,,86
7791000035729,Aquavital Jabón de tocador x3,9950,11700,,23,,
7791000035736,Vigorplus Caramelos de propóleo x50 comp,17900,,,23,,
7791000035743,Aquavital Máquina de afeitar x3,19300,,,23,,202
7791000035750,Serenol Magnesio 400mg x30 comp,1900,,,23,,
7791000035767,Vigorplus Barbijo tricapa x50 uso hospitalario,16950,21200,Oferta,23,,
7791000035774,Aquavital Jeringa descartable 5ml x10 uso hospitalario,7400,,,23,,
7791000035781,Aquavital Ibuprofeno 400mg x10 comp,2400,,,23,/img/demo/prod-1.svg,
7791000035798,Pielsana Paracetamol 1g x30 comp,4350,,,24,,
7791000035804,Sanix Cepillo dental suave sin perfume,2550,,,24,,
7791000035811,Sanix Antiséptico en spray 100ml,4550,,,24,,
7791000035828,Sanix Collarín cervical blando pack familiar,16000,,,24,/img/demo/prod-6.svg,
7791000035835,Biofem Jabón líquido 250ml sin perfume,10650,,,24,,
7791000035842,Biofem Jabón de tocador x3,12300,,,24,,
7791000035859,Aquavital Cepillo dental medio x2 aloe vera,5250,,,24,,
7791000035866,Pielsana Loratadina 10mg,2350,3350,,24,,
7791000035873,Sanix Desodorante aerosol 150ml,11650,,,24,,
7791000035880,Biofem Desodorante roll-on 50ml aloe vera,2900,,,24,,20
7791000035897,Sanix Hilo dental 50m manzanilla,3400,,,24,,
7791000035903,Sanix Pasta dental encías 90g sin perfume,5050,,,24,,13
7791000035910,Sanix Spray nasal descongestivo 20ml,7550,,,24,/img/demo/prod-4.svg,86
7791000035927,Biofem Hilo dental 50m sin perfume,2650,,,24,,
7791000035934,Pielsana Desodorante roll-on 50ml,4650,,,24,,250
7791000035941,Biofem Antiséptico en spray 100ml x2,16200,,,24,/img/demo/prod-6.svg,
7791000035958,Aquavital Diclofenac gel 60g,7550,,,24,,23
7791000035965,Pielsana Bolsa de agua caliente 2L uso hospitalario,28000,,,24,,
7791000035972,Sanix Ibuprofeno 400mg x20 comp,3200,,,24,,
7791000035989,Biofem Tensiómetro digital de brazo,13850,,,24,,139
7791000035996,Aquavital Ibuprofeno 600mg x50 comp,13600,,Combo,24,,
7791000036009,Pielsana Venda elástica 10cm pack familiar,34050,,,24,/img/demo/prod-3.svg,
7791000036016,Biofem Paracetamol 500mg,3600,,,24,/img/demo/prod-3.svg,118
7791000036023,Pielsana Barbijo tricapa x50 uso hospitalario,24800,,,24,,138
7791000036030,Pielsana Acondicionador 400ml sin perfume,5700,,,24,,
7791000036047,Pielsana Acondicionador 400ml aloe vera,2900,3200,Oferta,24,,246
7791000036054,Aquavital Toallas femeninas x16,2900,,,24,,51
7791000036061,Pielsana Antiséptico en spray 100ml uso hospitalario,9000,,,24,,
7791000036078,Aquavital Jarabe para la tos adultos 120ml x30 comp,4600,,,24,,
7791000036085,Pielsana Venda elástica 10cm x2,13000,,Lanzamiento,24,,
7791000036092,Biofem Guantes de nitrilo x100 uso hospitalario,6300,,,24,,45
7791000036108,Pielsana Enjuague bucal 500ml,5150,,,24,,
7791000036115,Aquavital Toallas femeninas x16 manzanilla,4400,,3x2,24,,
7791000036122,Pielsana Protectores diarios x20,3650,7300,,24,,
7791000036139,Biofem Hilo dental 50m,6200,,,24,,232
7791000036146,Biofem Acondicionador 400ml,3850,,,24,,
7791000036153,Aquavital Férula inmovilizadora de dedo pack familiar,7000,,3x2,24,,
7791000036160,Biofem Tensiómetro digital de brazo pack familiar,5000,,,24,/img/demo/prod-4.svg,44
7791000036177,Biofem Jeringa descartable 5ml x10 pack familiar,28300,,,24,,112
7791000036184,Aquavital Sales de rehidratación oral,26100,,,24,,184
7791000036191,Biofem Alcohol en gel 250ml manzanilla,8550,,,24,,30
7791000036207,Aquavital Magnesio 400mg,19400,27700,,24,,
7791000036214,Biofem Pasta dental encías 90g,5200,,,24,,
7791000036221,Biofem Caramelos de propóleo x30 comp,10100,,,24,,57
7791000036238,Biofem Gotas oftálmicas lubricantes 15ml x10 comp,3150,,,24,,23
7791000036245,Sanix Caramelos de propóleo x30 comp,6750,,,24,/img/demo/prod-4.svg,0
7791000036252,Sanix Desodorante aerosol 150ml manzanilla,3550,,,24,,117
7791000036269,Pielsana Collarín cervical blando uso hospitalario,1550,,,24,,
7791000036276,Pielsana Guantes de nitrilo x100 uso hospitalario,26700,,Combo,24,,
7791000036283,Pielsana Alcohol etílico 96% 500ml pack familiar,4450,,,24,,
7791000036290,Pielsana Enjuague bucal 500ml sin perfume,7200,,,24,,
7791000036306,Biofem Collarín cervical blando pack familiar,13000,,,24,,
7791000036313,Pielsana Barbijo tricapa x50 pack familiar,23900,,,24,,0
7791000036320,Sanix Hierro + ácido fólico x20 comp,6550,,Combo,24,,231
7791000036337,Sanix Test de embarazo,21350,,,24,,
7791000036344,Sanix Protectores diarios x20 aloe vera,4700,,,24,,
7791000036351,Sanix Aspirina 500mg x30 comp,3450,5300,,24,,125
7791000036368,Pielsana Protectores diarios x20 manzanilla,12900,15200,,24,,
7791000036375,Pielsana Acondicionador 400ml manzanilla,8200,,,24,/img/demo/prod-7.svg,124
7791000036382,Sanix Complejo B x10 comp,11750,16800,,24,,64
7791000036399,Pielsana Talco corporal 100g,8650,,,24,,201
7791000036405,Biofem Venda elástica 10cm,1500,,,24,,
7791000036412,Pielsana Espuma de afeitar 200ml aloe vera,11950,,,24,,
7791000036429,Aquavital Cetirizina 10mg x50 comp,10850,,,24,,0
7791000036436,Aquavital Desodorante roll-on 50ml aloe vera,5850,11700,,24,,176
7791000036443,Aquavital Algodón hidrófilo 200g,24850,,,24,,
7791000036450,Biofem Cepillo dental medio x2 aloe vera,3550,,,24,,
7791000036467,Aquavital Jarabe expectorante infantil 120ml x50 comp,16450,,,24,,
7791000036474,Biofem Paracetamol 500mg x20 comp,19250,,,24,,
7791000036481,Biofem Té digestivo hierbas serranas x20 comp,9800,15100,Oferta,24,,104
7791000036498,Sanix Botiquín primeros auxilios completo,13400,,,24,/img/demo/prod-4.svg,
7791000036504,Biofem Talco corporal 100g manzanilla,2600,,,24,,164
7791000036511,Sanix Alcohol etílico 96% 500ml x2,6250,,,24,,
7791000036528,Biofem Jabón de tocador x3 manzanilla,16750,22350,Oferta,24,,
7791000036535,Sanix Botiquín primeros auxilios completo x2,7500,,,24,,10
7791000036542,Aquavital Test de embarazo,35600,,,24,,
7791000036559,Sanix Alcohol etílico 96% 500ml,9450,,,24,,0
7791000036566,Biofem Enjuague bucal 500ml aloe vera,3200,,,24,,
7791000036573,Aquavital Jabón de tocador x3 manzanilla,11400,,,24,/img/demo/prod-4.svg,
7791000036580,Biofem Sales de rehidratación oral,5250,,,24,/img/demo/prod-1.svg,
7791000036597,Aquavital Toallitas húmedas x50 sin perfume,2750,3450,,24,/img/demo/prod-2.svg,9
7791000036603,Biofem Loratadina 10mg x20 comp,12300,,,24,,109
7791000036610,Sanix Cinta hipoalergénica 2.5cm uso hospitalario,23600,,,24,,223
7791000036627,Sanix Antiacido masticable,12750,,,24,,
7791000036634,Pielsana Talco corporal 100g manzanilla,16850,,,24,,0
7791000036641,Sanix Termómetro digital pack familiar,6850,,,24,,
7791000036658,Pielsana Gotas oftálmicas lubricantes 15ml x20 comp,2000,2850,,24,,0
7791000036665,Pielsana Hierro + ácido fólico,2000,,Lanzamiento,24,/img/demo/prod-3.svg,75
7791000036672,Biofem Bolsa de agua caliente 2L x2,10850,,,24,,107
7791000036689,Aquavital Test de embarazo uso hospitalario,3600,4250,,24,,15
7791000036696,Biofem Gasas estériles 10x10 x10 pack familiar,2350,,,24,,
7791000036702,Pielsana Diclofenac gel 60g,16200,21600,,24,,
7791000036719,Aquavital Máquina de afeitar x3 aloe vera,7050,9400,,24,,138
7791000036726,Biofem Cetirizina 10mg x30 comp,11200,,,24,,
7791000036733,Biofem Omeprazol 20mg,4950,6200,Oferta,24,/img/demo/prod-6.svg,
7791000036740,Pielsana Jabón de tocador x3 manzanilla,2650,,,24,,
7791000036757,Aquavital Cepillo dental medio x2 sin perfume,3700,,,24,,12
7791000036764,Sanix Bolsa de agua caliente 2L uso hospitalario,4700,,,24,,177
7791000036771,Aquavital Hierro + ácido fólico x50 comp,2650,,,24,,193
7791000036788,Biofem Jarabe para la tos adultos 120ml x10 comp,6250,,,24,/img/demo/prod-4.svg,54
7791000036795,Pielsana Carbón activado x30 comp,8600,,,24,,69
7791000036801,Sanix Melatonina 3mg,3800,,,24,,
7791000036818,Pielsana Alcohol en gel 250ml manzanilla,3050,,,24,,
7791000036825,Pielsana Férula inmovilizadora de dedo,35000,,,24,,
7791000036832,Biofem Collarín cervical blando x2,1500,,,24,,
7791000036849,Sanix Té digestivo hierbas serranas,11500,,,24,,140
7791000036856,Pielsana Complejo B x10 comp,8650,,,24,,
7791000036863,Aquavital Antiséptico en spray 100ml uso hospitalario,9900,,,24,,98
7791000036870,Aquavital Ibuprofeno 600mg,9450,,2x1,24,,
7791000036887,Sanix Jarabe para la tos adultos 120ml x10 comp,10150,,,24,,249
7791000036894,Aquavital Diclofenac gel 60g x20 comp,4850,,,24,,133
7791000036900,Pielsana Sales de rehidratación oral x50 comp,4700,6700,,24,,3
7791000036917,Biofem Espuma de afeitar 200ml sin perfume,8500,,,24,,198
7791000036924,Biofem Agua oxigenada 10 vol 500ml uso hospitalario,2600,,,24,,216
7791000036931,Sanix Ibuprofeno 600mg x10 comp,1950,,,24,,
7791000036948,Biofem Alcohol etílico 96% 500ml x2,15050,,,24,,
7791000036955,Aquavital Magnesio 400mg x10 comp,18750,,,24,,149
7791000036962,Sanix Melatonina 3mg x10 comp,2650,,,24,/img/demo/prod-5.svg,
7791000036979,Aquavital Magnesio 400mg x50 comp,9650,,,24,,
7791000036986,Pielsana Apósitos adhesivos x20 pack familiar,10400,,,24,,2
7791000036993,Sanix Bolsa de agua caliente 2L x2,1450,,,24,,168
7791000037006,Sanix Paracetamol 500mg x20 comp,6000,,,24,,128
7791000037013,Sanix Termómetro digital uso hospitalario,16350,,,24,,
7791000037020,Biofem Toallitas húmedas x50 manzanilla,4850,5400,,24,,
7791000037037,Biofem Termómetro digital pack familiar,11450,,,24,,132
7791000037044,Sanix Pasta dental encías 90g aloe vera,18950,,,24,,
7791000037051,Pielsana Protectores diarios x20 sin perfume,4900,,,24,,
7791000037068,Sanix Enjuague bucal 500ml manzanilla,9000,,,24,,
7791000037075,Sanix Vitamina C 500mg efervescente x50 comp,2000,,3x2,24,,53
7791000037082,Biofem Magnesio 400mg x10 comp,10500,,,24,,
7791000037099,Biofem Cepillo dental suave aloe vera,13700,,,24,,141
7791000037105,Aquavital Termómetro digital,4100,,,24,,121
7791000037112,Aquavital Guantes de nitrilo x100 uso hospitalario,27450,,,24,,
7791000037129,Sanix Lansoprazol 30mg x20 comp,3750,,,24,,
7791000037136,Biofem Test de embarazo x2,17750,,,24,,143
7791000037143,Biofem Pasta dental encías 90g sin perfume,19500,,,24,/img/demo/prod-6.svg,
7791000037150,Pielsana Pasta dental encías 90g manzanilla,16400,,,24,,241
7791000037167,Sanix Tensiómetro digital de brazo x2,12400,,,24,,0
7791000037174,Pielsana Paracetamol 1g,8250,,,24,,179
7791000037181,Aquavital Paracetamol 500mg x10 comp,5250,,,24,/img/demo/prod-2.svg,
7791000037198,Aquavital Collarín cervical blando uso hospitalario,6100,7650,Oferta,24,,94
7791000037204,Pielsana Cinta hipoalergénica 2.5cm pack familiar,25700,,,24,,30
7791000037211,Aquavital Apósitos adhesivos x20,7500,,,24,,153
7791000037228,Aquavital Alcohol etílico 96% 500ml,11900,,,24,,
7791000037235,Pielsana Toallitas húmedas x50 manzanilla,7800,,,24,,158
7791000037242,Pielsana Algodón hidrófilo 200g pack familiar,5000,,,24,,158
7791000037259,Biofem Diclofenac gel 60g x10 comp,8300,,,24,,
7791000037266,Sanix Pasta dental blanqueadora 90g sin perfume,8600,10100,,24,,
7791000037273,Pielsana Jabón de tocador x3 aloe vera,7300,,,24,,16
7791000037280,Sanix Loratadina 10mg x30 comp,2450,,,24,,
7791000037297,Sanix Complejo B x50 comp,4550,,Lanzamiento,24,/img/demo/prod-8.svg,
7791000037303,Aquavital Oxímetro de pulso pack familiar,8250,,3x2,24,,
7791000037310,Biofem Alcohol en gel 250ml sin perfume,8000,,,24,/img/demo/prod-5.svg,
7791000037327,Biofem Hierro + ácido fólico x20 comp,14650,,,24,,
7791000037334,Biofem Termómetro digital uso hospitalario,14150,,,24,,
7791000037341,Aquavital Aspirina 500mg x50 comp,5700,,,24,/img/demo/prod-6.svg,70
7791000037358,Pielsana Jeringa descartable 5ml x10 pack familiar,26100,,,24,,36
7791000037365,Pielsana Jabón de tocador x3,3950,,,24,,
7791000037372,Pielsana Cepillo dental medio x2 sin perfume,3400,,,24,,95
7791000037389,Aquavital Pasta dental encías 90g aloe vera,2600,,,24,,24
7791000037396,Aquavital Pasta dental encías 90g,6050,,,24,,
7791000037402,Aquavital Alcohol etílico 96% 500ml uso hospitalario,6200,6900,,24,/img/demo/prod-3.svg,
7791000037419,Pielsana Botiquín primeros auxilios completo pack familiar,7700,,,24,,205
7791000037426,Pielsana Té digestivo hierbas serranas,1900,,,24,,113
7791000037433,Pielsana Algodón hidrófilo 200g,2200,,,24,,0
7791000037440,Aquavital Jeringa descartable 5ml x10,7600,,,24,,134
7791000037457,Medifar Protectores diarios x20 aloe vera,3000,,,25,,
7791000037464,Dermaqua Venda elástica 10cm,33900,,,25,,72
7791000037471,Medifar Cetirizina 10mg,16600,,Combo,25,,
7791000037488,Medifar Té digestivo hierbas serranas,6600,,,25,,0
7791000037495,Dermaqua Alcohol etílico 96% 500ml x2,18200,26000,,25,,157
7791000037501,Dermaqua Shampoo nutrición 400ml,15400,,2x1,25,,
7791000037518,Medifar Solución fisiológica 500ml pack familiar,3750,,,25,,
7791000037525,Dermaqua Algodón hidrófilo 200g uso hospitalario,1450,,,25,,
7791000037532,Dermaqua Shampoo nutrición 400ml manzanilla,10300,,,25,,
7791000037549,Femina Sales de rehidratación oral x50 comp,2550,,,25,,145
7791000037556,Femina Gasas estériles 10x10 x10,2700,,,25,,
7791000037563,Femina Desodorante aerosol 150ml aloe vera,3050,,,25,,20
7791000037570,Medifar Desodorante aerosol 150ml,12300,,,25,,160
7791000037587,Dermaqua Magnesio 400mg x30 comp,5550,6550,Oferta,25,,57
7791000037594,Vidaplen Shampoo nutrición 400ml,7900,,Lanzamiento,25,,
7791000037600,Vidaplen Cinta hipoalergénica 2.5cm uso hospitalario,17900,,,25,,60
7791000037617,Vidaplen Tensiómetro digital de brazo uso hospitalario,12000,,,25,,
7791000037624,Vidaplen Collarín cervical blando,22100,,,25,/img/demo/prod-4.svg,
7791000037631,Medifar Protectores diarios x20 manzanilla,3650,,3x2,25,,135
7791000037648,Femina Algodón hidrófilo 200g uso hospitalario,31050,,,25,,191
7791000037655,Femina Cepillo dental medio x2 aloe vera,3650,,,25,,
7791000037662,Vidaplen Enjuague bucal 500ml sin perfume,8550,,,25,,168
7791000037679,Dermaqua Solución fisiológica 500ml uso hospitalario,24050,,,25,,
7791000037686,Medifar Ibuprofeno 600mg x50 comp,2300,,,25,,
7791000037693,Vidaplen Botiquín primeros auxilios completo pack familiar,2250,,,25,,109
7791000037709,Vidaplen Guantes de nitrilo x100 pack familiar,17250,,,25,,
7791000037716,Medifar Caramelos de propóleo,20550,,,25,,62
7791000037723,Medifar Carbón activado x50 comp,7250,,,25,,
7791000037730,Dermaqua Bolsa de agua caliente 2L x2,7100,,,25,/img/demo/prod-2.svg,
7791000037747,Femina Talco corporal 100g manzanilla,2600,,,25,,
7791000037754,Medifar Solución fisiológica 500ml uso hospitalario,23400,,,25,/img/demo/prod-1.svg,
7791000037761,Medifar Espuma de afeitar 200ml sin perfume,19650,,,25,,97
7791000037778,Medifar Talco corporal 100g aloe vera,7250,,,25,,23
7791000037785,Femina Paracetamol 500mg x10 comp,7600,,,25,,195
7791000037792,Medifar Hilo dental 50m sin perfume,5800,,,25,,182
7791000037808,Femina Vitamina C 500mg efervescente x10 comp,3450,,,25,,
7791000037815,Femina Paracetamol 1g x50 comp,3900,7800,Oferta,25,/img/demo/prod-4.svg,
7791000037822,Femina Crema para dolores musculares 100g,2450,,,25,,21
7791000037839,Medifar Gasas estériles 10x10 x10 pack familiar,5150,,,25,,0
7791000037846,Dermaqua Cetirizina 10mg x30 comp,8850,,,25,,
7791000037853,Femina Espuma de afeitar 200ml sin perfume,6250,,,25,,
7791000037860,Dermaqua Ibuprofeno 600mg x30 comp,11400,15200,Oferta,25,,0
7791000037877,Medifar Melatonina 3mg x30 comp,9550,,,25,/img/demo/prod-4.svg,16
7791000037884,Dermaqua Hierro + ácido fólico x30 comp,12600,,,25,,137
7791000037891,Dermaqua Omeprazol 20mg x10 comp,7100,,,25,,12
7791000037907,Femina Pasta dental encías 90g manzanilla,6250,,,25,,
7791000037914,Vidaplen Crema para dolores musculares 100g,7850,,,25,,
7791000037921,Dermaqua Lansoprazol 30mg x10 comp,4750,,,25,,
7791000037938,Vidaplen Tensiómetro digital de brazo,1750,,2x1,25,,0
7791000037945,Medifar Jarabe expectorante infantil 120ml x20 comp,1900,,,25,,163
7791000037952,Dermaqua Pasta dental encías 90g sin perfume,2800,,,25,,
7791000037969,Medifar Enjuague bucal 500ml sin perfume,3950,,,25,,90
7791000037976,Vidaplen Pasta dental blanqueadora 90g,12600,,,25,,0
7791000037983,Dermaqua Jabón de tocador x3,6550,,Combo,25,,0
7791000037990,Femina Vitamina C 500mg efervescente,2700,,,25,,
7791000038003,Vidaplen Antiséptico en spray 100ml uso hospitalario,2850,,,25,,
7791000038010,Vidaplen Toallitas húmedas x50 manzanilla,4900,,,25,,160
7791000038027,Medifar Enjuague bucal 500ml,9700,,,25,,47
7791000038034,Dermaqua Barbijo tricapa x50 x2,25400,,,25,,16
7791000038041,Femina Antiacido masticable x10 comp,11600,,,25,,123
7791000038058,Femina Gasas estériles 10x10 x10 uso hospitalario,4550,,,25,/img/demo/prod-5.svg,145
7791000038065,Medifar Toallitas húmedas x50 sin perfume,3050,,,25,,172
7791000038072,Medifar Antiacido masticable x10 comp,4100,,,25,,0
7791000038089,Femina Jeringa descartable 5ml x10,7200,,,25,,
7791000038096,Dermaqua Bolsa de agua caliente 2L,1450,,Lanzamiento,25,,
7791000038102,Medifar Test de embarazo uso hospitalario,3650,,,25,,130
7791000038119,Dermaqua Botiquín primeros auxilios completo pack familiar,11450,,2x1,25,,
7791000038126,Femina Magnesio 400mg x30 comp,4050,,Combo,25,/img/demo/prod-6.svg,62
7791000038133,Vidaplen Agua oxigenada 10 vol 500ml pack familiar,31100,62200,Oferta,25,,
7791000038140,Dermaqua Crema para dolores musculares 100g x30 comp,2500,,,25,,
7791000038157,Femina Guantes de nitrilo x100 x2,2900,3200,Oferta,25,,202
7791000038164,Femina Barbijo tricapa x50 uso hospitalario,6350,,,25,,174
7791000038171,Medifar Acondicionador 400ml manzanilla,3400,,,25,,
7791000038188,Vidaplen Oxímetro de pulso,33050,,,25,,
7791000038195,Medifar Hierro + ácido fólico x50 comp,7800,12000,Oferta,25,,
7791000038201,Medifar Máquina de afeitar x3,2550,,,25,,200
7791000038218,Femina Carbón activado x10 comp,8500,,,25,,
7791000038225,Vidaplen Antiséptico en spray 100ml pack familiar,15050,,,25,,
7791000038232,Femina Antiacido masticable,5650,,,25,/img/demo/prod-4.svg,88
7791000038249,Dermaqua Diclofenac gel 60g x20 comp,2450,,,25,,63
7791000038256,Dermaqua Toallitas húmedas x50 sin perfume,6150,,,25,,
7791000038263,Vidaplen Shampoo anticaspa 400ml manzanilla,9050,,,25,,
7791000038270,Dermaqua Enjuague bucal 500ml manzanilla,12950,16200,,25,,
7791000038287,Vidaplen Termómetro digital,23600,47200,,25,,116
7791000038294,Medifar Talco corporal 100g,9250,,,25,,42
7791000038300,Medifar Vitamina C 500mg efervescente x30 comp,4000,,,25,,
7791000038317,Dermaqua Loratadina 10mg x20 comp,16000,,,25,,93
7791000038324,Vidaplen Desodorante roll-on 50ml,5500,,,25,,146
7791000038331,Femina Toallas femeninas x16 manzanilla,4850,,,25,,37
7791000038348,Femina Alcohol etílico 96% 500ml uso hospitalario,13600,16000,Oferta,25,,
7791000038355,Vidaplen Lansoprazol 30mg x20 comp,6550,,,25,/img/demo/prod-6.svg,
7791000038362,Femina Acondicionador 400ml manzanilla,7950,,,25,/img/demo/prod-1.svg,
7791000038379,Dermaqua Ibuprofeno 600mg x20 comp,2700,,,25,,
7791000038386,Dermaqua Jabón líquido 250ml manzanilla,7600,11700,,25,,179
7791000038393,Vidaplen Gotas oftálmicas lubricantes 15ml x30 comp,18400,24550,,25,,
7791000038409,Femina Alcohol etílico 96% 500ml x2,6600,,,25,,45
7791000038416,Vidaplen Máquina de afeitar x3 manzanilla,2800,4650,Oferta,25,,
7791000038423,Vidaplen Agua oxigenada 10 vol 500ml x2,16350,,,25,,
7791000038430,Femina Cepillo dental suave sin perfume,3100,,,25,,
7791000038447,Medifar Venda elástica 10cm uso hospitalario,7850,,2x1,25,,165
7791000038454,Femina Desodorante roll-on 50ml aloe vera,3450,,,25,,
7791000038461,Femina Cinta hipoalergénica 2.5cm uso hospitalario,4500,,,25,,
7791000038478,Dermaqua Gotas oftálmicas lubricantes 15ml x10 comp,17100,,,25,,
7791000038485,Vidaplen Talco corporal 100g aloe vera,7100,10150,,25,,
7791000038492,Femina Apósitos adhesivos x20,5450,,,25,,78
7791000038508,Dermaqua Apósitos adhesivos x20 x2,1750,,,25,/img/demo/prod-7.svg,235
7791000038515,Dermaqua Cinta hipoalergénica 2.5cm x2,12100,,,25,,
7791000038522,Vidaplen Algodón hidrófilo 200g,1900,,,25,,165
7791000038539,Medifar Vitamina C 500mg efervescente x10 comp,1850,,Lanzamiento,25,,87
7791000038546,Vidaplen Jeringa descartable 5ml x10,2300,,,25,,72
7791000038553,Femina Toallitas húmedas x50 aloe vera,8750,9700,,25,,
7791000038560,Vidaplen Jabón de tocador x3,2900,,,25,,72
7791000038577,Femina Desodorante roll-on 50ml,4200,,,25,,176
7791000038584,Femina Tensiómetro digital de brazo pack familiar,12550,,,25,,
7791000038591,Dermaqua Protectores diarios x20 aloe vera,7900,,,25,,82
7791000038607,Femina Hilo dental 50m,3000,,,25,,
7791000038614,Dermaqua Guantes de nitrilo x100 uso hospitalario,16400,,,25,,
7791000038621,Vidaplen Hierro + ácido fólico x50 comp,2000,2350,,25,,
7791000038638,Femina Ibuprofeno 400mg x50 comp,5100,6000,,25,,
7791000038645,Medifar Pasta dental blanqueadora 90g aloe vera,20200,,,25,,
7791000038652,Dermaqua Gasas estériles 10x10 x10 uso hospitalario,32450,,,25,,207
7791000038669,Dermaqua Jeringa descartable 5ml x10,18750,,,25,,
7791000038676,Vidaplen Apósitos adhesivos x20,22100,,,25,,88
7791000038683,Vidaplen Jarabe para la tos adultos 120ml x50 comp,16500,,,25,,205
7791000038690,Femina Vitamina C 500mg efervescente x20 comp,13100,,,25,,177
7791000038706,Medifar Aspirina 500mg x20 comp,5000,,,25,,
7791000038713,Medifar Barbijo tricapa x50 pack familiar,32250,64500,Oferta,25,,
7791000038720,Vidaplen Melatonina 3mg,7400,,,25,,
7791000038737,Dermaqua Hierro + ácido fólico x10 comp,13900,,,25,,
7791000038744,Vidaplen Caramelos de propóleo x30 comp,5250,,,25,,
7791000038751,Femina Solución fisiológica 500ml x2,26100,,,25,,
7791000038768,Vidaplen Shampoo anticaspa 400ml aloe vera,12100,,,25,,246
7791000038775,Dermaqua Talco corporal 100g,4900,,,25,/img/demo/prod-3.svg,15
7791000038782,Medifar Espuma de afeitar 200ml,9300,14300,,25,,70
7791000038799,Medifar Jeringa descartable 5ml x10,1450,,,25,,
7791000038805,Medifar Magnesio 400mg x10 comp,7400,,2x1,25,,222
7791000038812,Femina Enjuague bucal 500ml,20650,,,25,,239
7791000038829,Femina Diclofenac gel 60g x30 comp,3450,,,25,,
7791000038836,Medifar Jarabe para la tos adultos 120ml x30 comp,8200,,,25,,134
7791000038843,Medifar Pasta dental blanqueadora 90g sin perfume,4400,,,25,,237
7791000038850,Kindel Crema para manos 75ml piel mixta,70700,,,26,,137
7791000038867,Biofem Acondicionador 400ml,9650,,,26,,
7791000038874,Dermaqua Desodorante aerosol 150ml aloe vera,5150,,,26,,177
7791000038881,Kindel Acondicionador 400ml,3000,,,26,,234
7791000038898,Kindel Crema despigmentante 30g piel mixta,10550,,,26,,
7791000038904,Kindel Serum vitamina C 30ml piel mixta,9150,,,26,,70
7791000038911,Dermaqua Contorno de ojos 15ml,39650,,,26,,
7791000038928,Kindel Roll-on ojeras 15ml,14350,,,26,,0
7791000038935,Dermaqua Hilo dental 50m manzanilla,3600,,,26,,
7791000038942,Kindel Crema corporal reparadora 300ml piel mixta,31750,,,26,,
7791000038959,Kindel Contorno de ojos 15ml,9950,,,26,/img/demo/prod-2.svg,
7791000038966,Dermaqua Máquina de afeitar x3 aloe vera,6800,,,26,,14
7791000038973,Dermaqua Aceite corporal nutritivo 125ml piel mixta,44600,,Lanzamiento,26,,250
7791000038980,Dermaqua Shampoo anticaspa 400ml,13300,,,26,,
7791000038997,Biofem Toallitas húmedas x50,3450,,,26,,195
7791000039000,Biofem Enjuague bucal 500ml,13650,,,26,,193
7791000039017,Dermaqua Protectores diarios x20,7750,,,26,,
7791000039024,Vitalfar Aceite corporal nutritivo 125ml piel seca,6000,,,26,,51
7791000039031,Kindel Desodorante roll-on 50ml sin perfume,14300,,,26,,61
7791000039048,Dermaqua Desodorante roll-on 50ml manzanilla,14150,28300,,26,,
7791000039055,Kindel Exfoliante facial 100g,20800,23100,,26,,166
7791000039062,Biofem Pasta dental encías 90g aloe vera,15000,16650,Oferta,26,,2
7791000039079,Dermaqua Protector solar facial FPS 50 50ml piel seca,15100,,,26,,
7791000039086,Dermaqua Toallas femeninas x16,3400,,,26,,58
7791000039093,Biofem Protectores diarios x20,3350,,,26,,
7791000039109,Vitalfar Shampoo nutrición 400ml sin perfume,5350,,,26,,162
7791000039116,Biofem Jabón líquido 250ml aloe vera,7800,,,26,,
7791000039123,Biofem Crema corporal reparadora 300ml piel mixta,34050,68100,,26,,233
7791000039130,Vitalfar Bálsamo labial FPS 30 piel mixta,50450,67250,,26,,
7791000039147,Dermaqua Serum ácido hialurónico 30ml piel sensible,24600,,,26,,
7791000039154,Vitalfar Crema corporal reparadora 300ml piel seca,8350,11950,,26,,
7791000039161,Vitalfar Crema antiage noche 50g piel mixta,25600,,,26,,
7791000039178,Vitalfar Crema corporal reparadora 300ml,55900,,,26,,
7791000039185,Biofem Espuma de afeitar 200ml aloe vera,5350,,,26,,203
7791000039192,Vitalfar Toallitas húmedas x50,2650,,Combo,26,,212
7791000039208,Biofem Máscara facial hidratante 75ml piel seca,16450,19350,Oferta,26,,28
7791000039215,Dermaqua Talco corporal 100g aloe vera,8850,,,26,,118
7791000039222,Biofem Toallas femeninas x16 sin perfume,9500,,,26,,
7791000039239,Biofem Cepillo dental medio x2 aloe vera,3200,,,26,,
7791000039246,Biofem Pasta dental blanqueadora 90g manzanilla,3400,,,26,,
7791000039253,Dermaqua Desodorante aerosol 150ml manzanilla,5750,,,26,,
7791000039260,Dermaqua Shampoo anticaspa 400ml manzanilla,5750,8850,,26,,
7791000039277,Biofem Máquina de afeitar x3 aloe vera,3000,,,26,,
7791000039284,Kindel Toallas femeninas x16,3750,,,26,/img/demo/prod-3.svg,0
7791000039291,Vitalfar Aceite corporal nutritivo 125ml,6000,,,26,,
7791000039307,Vitalfar Jabón de tocador x3 sin perfume,9900,,,26,/img/demo/prod-8.svg,141
7791000039314,Biofem Bálsamo labial FPS 30 piel seca,10100,,,26,,93
7791000039321,Biofem Cepillo dental medio x2,7050,,Combo,26,,218
7791000039338,Biofem Serum vitamina C 30ml,14350,17950,Oferta,26,,
7791000039345,Kindel Serum vitamina C 30ml piel sensible,6100,7650,,26,,52
7791000039352,Kindel Alcohol en gel 250ml manzanilla,3400,,,26,,4
7791000039369,Vitalfar Pasta dental encías 90g aloe vera,6400,,,26,,
7791000039376,Biofem Agua micelar 400ml piel sensible,11100,12350,Oferta,26,,48
7791000039383,Kindel Protectores diarios x20,2950,,,26,,24
7791000039390,Kindel Pasta dental blanqueadora 90g aloe vera,7300,,,26,,76
7791000039406,Biofem Máscara facial hidratante 75ml piel sensible,27500,,2x1,26,/img/demo/prod-2.svg,
7791000039413,Vitalfar Pasta dental encías 90g,2650,2950,,26,,
7791000039420,Vitalfar Shampoo anticaspa 400ml aloe vera,13650,,,26,/img/demo/prod-6.svg,166
7791000039437,Vitalfar Agua micelar 400ml piel seca,26650,,,26,/img/demo/prod-3.svg,114
7791000039444,Vitalfar Desodorante roll-on 50ml sin perfume,8950,,,26,,67
7791000039451,Kindel Toallitas húmedas x50,13100,,,26,,81
7791000039468,Biofem Espuma de afeitar 200ml manzanilla,3650,,2x1,26,,96
7791000039475,Vitalfar Jabón líquido 250ml manzanilla,4300,,,26,,
7791000039482,Biofem Crema antiage noche 50g,25550,,,26,,
7791000039499,Dermaqua Crema para manos 75ml piel mixta,29650,,,26,,8
7791000039505,Biofem Toallitas húmedas x50 manzanilla,14650,17250,,26,,
7791000039512,Vitalfar Pasta dental blanqueadora 90g,8250,9150,Oferta,26,/img/demo/prod-6.svg,171
7791000039529,Vitalfar Pasta dental encías 90g sin perfume,8300,,,26,,
7791000039536,Vitalfar Toallitas húmedas x50 manzanilla,2750,,,26,,188
7791000039543,Biofem Talco corporal 100g sin perfume,6800,,,26,/img/demo/prod-3.svg,
7791000039550,Biofem Roll-on ojeras 15ml piel seca,49150,,,26,,8
7791000039567,Vitalfar Crema facial hidratante 50g piel mixta,8700,13400,Oferta,26,,
7791000039574,Biofem Crema corporal reparadora 300ml piel seca,52150,,,26,,
7791000039581,Vitalfar Jabón de tocador x3 aloe vera,17000,,,26,,
7791000039598,Biofem Espuma de afeitar 200ml sin perfume,10150,,,26,,
7791000039604,Biofem Protector solar FPS 30 200ml,77250,,,26,,
7791000039611,Dermaqua Protectores diarios x20 manzanilla,4300,,,26,,
7791000039628,Kindel Protectores diarios x20 aloe vera,16050,,,26,,98
7791000039635,Biofem Protector solar FPS 30 200ml piel mixta,34850,38700,,26,,
7791000039642,Dermaqua Contorno de ojos 15ml piel sensible,20100,,,26,,42
7791000039659,Kindel Roll-on ojeras 15ml piel seca,8650,17300,,26,,
7791000039666,Vitalfar Protector solar FPS 30 200ml piel seca,11200,,,26,/img/demo/prod-8.svg,
7791000039673,Vitalfar Contorno de ojos 15ml piel sensible,47300,,,26,,120
7791000039680,Biofem Protector solar facial FPS 50 50ml piel sensible,73300,,,26,,195
7791000039697,Dermaqua Cepillo dental medio x2 sin perfume,6750,,,26,,159
7791000039703,Dermaqua Gel de limpieza facial 150ml piel seca,26150,,,26,,
7791000039710,Kindel Protector solar FPS 30 200ml,11150,,,26,,178
7791000039727,Vitalfar Alcohol en gel 250ml sin perfume,16600,,,26,,52
7791000039734,Vitalfar Crema para manos 75ml piel sensible,15500,,,26,,0
7791000039741,Dermaqua Protectores diarios x20 sin perfume,2500,,,26,,224
7791000039758,Kindel Roll-on ojeras 15ml piel sensible,27450,,,26,,
7791000039765,Vitalfar Toallitas húmedas x50 sin perfume,7500,,,26,,172
7791000039772,Biofem Protector solar FPS 50 200ml piel seca,11800,13100,Oferta,26,,190
7791000039789,Vitalfar Protectores diarios x20 manzanilla,4250,6050,Oferta,26,,1
7791000039796,Dermaqua Gel anticelulítico 200ml piel mixta,6100,,,26,,0
7791000039802,Vitalfar Jabón de tocador x3 manzanilla,7500,,2x1,26,,57
7791000039819,Dermaqua Roll-on ojeras 15ml,48850,65150,,26,,172
7791000039826,Dermaqua Aceite corporal nutritivo 125ml piel seca,6550,,Lanzamiento,26,,
7791000039833,Vitalfar Pasta dental blanqueadora 90g manzanilla,6300,,,26,,196
7791000039840,Biofem Crema para manos 75ml piel mixta,54200,,,26,,
7791000039857,Vitalfar Serum vitamina C 30ml piel mixta,52300,,Lanzamiento,26,,
7791000039864,Kindel Desodorante aerosol 150ml manzanilla,12400,,,26,,179
7791000039871,Vitalfar Crema facial hidratante 50g piel sensible,10150,,,26,,0
7791000039888,Vitalfar Desodorante roll-on 50ml aloe vera,6200,,,26,/img/demo/prod-1.svg,
7791000039895,Biofem Shampoo anticaspa 400ml manzanilla,12200,,,26,,208
7791000039901,Biofem Pasta dental blanqueadora 90g aloe vera,17100,,,26,/img/demo/prod-1.svg,22
7791000039918,Biofem Acondicionador 400ml aloe vera,5150,,,26,,
7791000039925,Biofem Protector solar facial FPS 50 50ml,17050,22750,,26,,
7791000039932,Dermaqua Crema corporal reparadora 300ml,25900,28800,,26,/img/demo/prod-4.svg,
7791000039949,Vitalfar Pasta dental encías 90g manzanilla,4500,5300,Oferta,26,/img/demo/prod-8.svg,46
7791000039956,Biofem Aceite corporal nutritivo 125ml,9250,,,26,/img/demo/prod-3.svg,234
7791000039963,Dermaqua Máscara facial hidratante 75ml piel mixta,26150,,,26,,192
7791000039970,Dermaqua Shampoo anticaspa 400ml aloe vera,6650,,,26,,79
7791000039987,Biofem Shampoo nutrición 400ml,12550,25100,,26,,
7791000039994,Dermaqua Toallas femeninas x16 aloe vera,4150,,,26,,
7791000040006,Dermaqua Desodorante aerosol 150ml,5200,,,26,,
7791000040013,Kindel Hilo dental 50m aloe vera,18250,,,26,,
7791000040020,Dermaqua Agua micelar 400ml,15350,,,26,,58
7791000040037,Vitalfar Hilo dental 50m aloe vera,7900,,,26,,17
7791000040044,Vitalfar Serum ácido hialurónico 30ml piel mixta,19050,,,26,,
7791000040051,Biofem Talco corporal 100g,6700,,3x2,26,,224
7791000040068,Kindel Espuma de afeitar 200ml,14300,,,26,,20
7791000040075,Vitalfar Serum vitamina C 30ml piel sensible,29000,,,26,,85
7791000040082,Kindel Máquina de afeitar x3 manzanilla,5300,,,26,,
7791000040099,Biofem Shampoo nutrición 400ml sin perfume,4350,7250,,26,,
7791000040105,Biofem Serum vitamina C 30ml piel sensible,15100,,,26,,
7791000040112,Kindel Toallitas húmedas x50 manzanilla,4100,,Lanzamiento,26,/img/demo/prod-1.svg,
7791000040129,Biofem Protector solar facial FPS 50 50ml piel seca,16650,25600,,26,,
7791000040136,Dermaqua Bálsamo labial FPS 30 piel sensible,10350,,2x1,26,,191
7791000040143,Dermaqua Cepillo dental suave,4500,,,26,,
7791000040150,Vitalfar Protector solar FPS 30 200ml,30650,,,26,,
7791000040167,Fortex Crema para manos 75ml piel seca,19850,28350,,27,,
7791000040174,Nutrimax Bálsamo labial FPS 30 piel seca,15350,,2x1,27,,65
7791000040181,Fortex Alcohol en gel 250ml manzanilla,4000,,,27,,13
7791000040198,Naturalis Espuma de afeitar 200ml sin perfume,3000,,,27,,26
7791000040204,Fortex Shampoo nutrición 400ml aloe vera,7000,,,27,,
7791000040211,Nutrimax Desodorante roll-on 50ml sin perfume,4150,,,27,,89
7791000040228,Naturalis Jabón líquido 250ml,10200,17000,,27,,
7791000040235,Nutrimax Máquina de afeitar x3 aloe vera,2750,,,27,,70
7791000040242,Naturalis Crema antiage noche 50g piel seca,9950,,,27,,
7791000040259,Fortex Protector solar FPS 30 200ml,15400,,,27,,0
7791000040266,Naturalis Máquina de afeitar x3 aloe vera,3050,3600,,27,,119
7791000040273,Naturalis Gel de limpieza facial 150ml,9850,14050,,27,,
7791000040280,Naturalis Crema facial hidratante 50g piel mixta,31450,,,27,,115
7791000040297,Nutrimax Crema despigmentante 30g piel sensible,9100,14000,Oferta,27,,
7791000040303,Naturalis Crema antiage noche 50g piel sensible,17050,,,27,,
7791000040310,Naturalis Roll-on ojeras 15ml piel mixta,12200,,,27,,91
7791000040327,Naturalis Gel anticelulítico 200ml piel mixta,52600,,,27,,
7791000040334,Fortex Máquina de afeitar x3,10950,,,27,,20
7791000040341,Naturalis Máscara facial hidratante 75ml piel sensible,9000,,,27,,19
7791000040358,Fortex Crema facial hidratante 50g piel sensible,20500,,,27,,
7791000040365,Naturalis Protector solar FPS 50 200ml piel sensible,17550,27000,Oferta,27,/img/demo/prod-8.svg,22
7791000040372,Naturalis Crema corporal reparadora 300ml piel sensible,12350,14550,Oferta,27,,117
7791000040389,Fortex Toallitas húmedas x50,11650,,,27,,0
7791000040396,Naturalis Alcohol en gel 250ml aloe vera,5600,,,27,,215
7791000040402,Naturalis Toallas femeninas x16 sin perfume,4800,9600,,27,,
7791000040419,Nutrimax Crema facial hidratante 50g piel sensible,50350,,,27,,135
7791000040426,Naturalis Jabón de tocador x3 sin perfume,17750,23650,,27,,
7791000040433,Naturalis Roll-on ojeras 15ml piel seca,9200,,,27,,
7791000040440,Nutrimax Protector solar FPS 30 200ml,45150,64500,Oferta,27,,125
7791000040457,Fortex Bálsamo labial FPS 30,34850,,,27,,34
7791000040464,Fortex Agua micelar 400ml piel sensible,30450,,,27,,164
7791000040471,Fortex Acondicionador 400ml sin perfume,8950,,,27,,
7791000040488,Naturalis Crema despigmentante 30g piel seca,67700,,,27,,162
7791000040495,Fortex Máquina de afeitar x3 manzanilla,3350,,,27,,
7791000040501,Naturalis Cepillo dental suave aloe vera,4600,,,27,,
7791000040518,Naturalis Contorno de ojos 15ml piel seca,13000,,,27,,124
7791000040525,Naturalis Gel anticelulítico 200ml piel sensible,23750,,,27,,
7791000040532,Naturalis Hilo dental 50m manzanilla,4150,,,27,,
7791000040549,Naturalis Espuma de afeitar 200ml aloe vera,9450,,,27,,115
7791000040556,Fortex Crema antiage noche 50g piel sensible,17950,,,27,,
7791000040563,Naturalis Máquina de afeitar x3 manzanilla,4600,7650,Oferta,27,,82
7791000040570,Naturalis Locion post solar 200ml piel sensible,8750,,,27,,174
7791000040587,Nutrimax Crema corporal reparadora 300ml piel mixta,25400,,,27,,
7791000040594,Naturalis Hilo dental 50m aloe vera,4500,,,27,,250
7791000040600,Fortex Crema antiage noche 50g,59250,,,27,,
7791000040617,Nutrimax Jabón de tocador x3 sin perfume,10650,,,27,/img/demo/prod-4.svg,
7791000040624,Nutrimax Locion post solar 200ml,64900,,,27,,
7791000040631,Naturalis Máscara facial hidratante 75ml piel seca,35800,,,27,/img/demo/prod-3.svg,
7791000040648,Naturalis Serum vitamina C 30ml piel sensible,7850,,,27,,239
7791000040655,Naturalis Gel de limpieza facial 150ml piel seca,30550,,,27,,234
7791000040662,Fortex Agua micelar 400ml piel seca,75950,,,27,,16
7791000040679,Fortex Aceite corporal nutritivo 125ml piel mixta,39300,60450,Oferta,27,,0
7791000040686,Naturalis Pasta dental encías 90g,14400,,,27,,142
7791000040693,Naturalis Jabón líquido 250ml aloe vera,6450,,,27,,122
7791000040709,Fortex Protectores diarios x20,4250,,,27,,
7791000040716,Nutrimax Exfoliante facial 100g piel sensible,70400,,,27,,233
7791000040723,Naturalis Crema facial hidratante 50g,43850,,,27,,
7791000040730,Naturalis Talco corporal 100g manzanilla,8950,14900,,27,,213
7791000040747,Fortex Máscara facial hidratante 75ml piel mixta,45950,,,27,,101
7791000040754,Fortex Acondicionador 400ml aloe vera,17800,19800,Oferta,27,,
7791000040761,Naturalis Bálsamo labial FPS 30,21900,,,27,/img/demo/prod-7.svg,137
7791000040778,Naturalis Desodorante aerosol 150ml,5700,,,27,,
7791000040785,Nutrimax Gel de limpieza facial 150ml piel mixta,12100,,,27,/img/demo/prod-6.svg,193
7791000040792,Nutrimax Crema facial hidratante 50g piel mixta,34450,,3x2,27,,
7791000040808,Nutrimax Crema facial hidratante 50g piel seca,6050,9300,Oferta,27,,136
7791000040815,Naturalis Shampoo anticaspa 400ml manzanilla,13800,,,27,,
7791000040822,Nutrimax Protector solar FPS 30 200ml piel sensible,48050,,,27,,194
7791000040839,Naturalis Hilo dental 50m sin perfume,7850,8700,,27,,46
7791000040846,Naturalis Gel anticelulítico 200ml,17650,,,27,/img/demo/prod-3.svg,103
7791000040853,Naturalis Jabón líquido 250ml sin perfume,17850,,,27,,7
7791000040860,Fortex Máquina de afeitar x3 aloe vera,12200,,,27,,213
7791000040877,Fortex Crema despigmentante 30g piel sensible,44300,,,27,,23
7791000040884,Fortex Roll-on ojeras 15ml piel mixta,42050,56050,,27,,240
7791000040891,Fortex Protector solar FPS 30 200ml piel seca,9700,,,27,,157
7791000040907,Naturalis Contorno de ojos 15ml piel sensible,73850,113600,Oferta,27,,175
7791000040914,Nutrimax Alcohol en gel 250ml aloe vera,4800,,,27,,
7791000040921,Fortex Talco corporal 100g,11700,16700,,27,,
7791000040938,Naturalis Protector solar FPS 30 200ml piel seca,11000,,,27,,29
7791000040945,Naturalis Pasta dental encías 90g sin perfume,9200,,,27,,
7791000040952,Nutrimax Espuma de afeitar 200ml aloe vera,3350,,,27,,140
7791000040969,Nutrimax Serum ácido hialurónico 30ml piel mixta,9000,,,27,,
7791000040976,Nutrimax Jabón líquido 250ml manzanilla,5500,,,27,,
7791000040983,Nutrimax Serum ácido hialurónico 30ml piel seca,8950,,2x1,27,,102
7791000040990,Naturalis Bálsamo labial FPS 30 piel mixta,29700,,,27,/img/demo/prod-6.svg,0
7791000041003,Naturalis Cepillo dental suave sin perfume,5200,,,27,,219
7791000041010,Naturalis Agua micelar 400ml,8100,9000,Oferta,27,,
7791000041027,Naturalis Desodorante aerosol 150ml manzanilla,6950,,,27,,
7791000041034,Naturalis Acondicionador 400ml aloe vera,4850,,,27,,
7791000041041,Fortex Crema facial hidratante 50g piel seca,33050,,3x2,27,,169
7791000041058,Naturalis Exfoliante facial 100g,15000,16650,Oferta,27,,24
7791000041065,Nutrimax Protector solar facial FPS 50 50ml piel sensible,16400,,,27,,
7791000041072,Naturalis Hilo dental 50m,4450,,,27,,18
7791000041089,Nutrimax Alcohol en gel 250ml manzanilla,2700,,,27,,186
7791000041096,Fortex Crema para manos 75ml,7200,,,27,,
7791000041102,Naturalis Máquina de afeitar x3,4500,,,27,,
7791000041119,Fortex Talco corporal 100g aloe vera,13650,,,27,,17
7791000041126,Fortex Protector solar facial FPS 50 50ml piel mixta,9500,14600,,27,,
7791000041133,Fortex Crema corporal reparadora 300ml piel mixta,7150,,,27,,216
7791000041140,Fortex Contorno de ojos 15ml piel sensible,28650,,,27,,
7791000041157,Nutrimax Jabón de tocador x3 manzanilla,4150,,,27,,
7791000041164,Fortex Cepillo dental suave aloe vera,7850,,,27,,243
7791000041171,Nutrimax Shampoo anticaspa 400ml sin perfume,7950,,,27,,202
7791000041188,Naturalis Pasta dental blanqueadora 90g sin perfume,4950,5800,,27,,124
7791000041195,Nutrimax Pasta dental blanqueadora 90g,10500,,,27,,
7791000041201,Nutrimax Cepillo dental medio x2 manzanilla,7850,,,27,,
7791000041218,Nutrimax Crema corporal reparadora 300ml piel seca,59300,,,27,,
7791000041225,Nutrimax Serum vitamina C 30ml piel seca,54600,68250,,27,,
7791000041232,Naturalis Crema facial hidratante 50g piel seca,45200,,,27,,215
7791000041249,Naturalis Locion post solar 200ml piel seca,39100,,,27,/img/demo/prod-8.svg,
7791000041256,Fortex Contorno de ojos 15ml,72550,145100,,27,,
7791000041263,Nutrimax Enjuague bucal 500ml sin perfume,3350,4200,,27,,
7791000041270,Naturalis Crema corporal reparadora 300ml piel seca,8850,,,27,,202
7791000041287,Fortex Gel anticelulítico 200ml piel mixta,36300,,,27,,
7791000041294,Nutrimax Protector solar facial FPS 50 50ml,24250,,,27,/img/demo/prod-6.svg,225
7791000041300,Naturalis Pasta dental blanqueadora 90g,5550,11100,,27,,
7791000041317,Naturalis Crema para manos 75ml,32150,42850,Oferta,27,,195
7791000041324,Fortex Crema corporal reparadora 300ml piel seca,21450,,,27,,
7791000041331,Fortex Contorno de ojos 15ml piel seca,22750,,,27,,14
7791000041348,Fortex Crema despigmentante 30g piel seca,13800,,,27,,127
7791000041355,Naturalis Talco corporal 100g aloe vera,8500,,,27,,247
7791000041362,Naturalis Protector solar FPS 30 200ml piel mixta,44500,,,27,,
7791000041379,Nutrimax Toallitas húmedas x50 sin perfume,12850,,,27,,51
7791000041386,Fortex Crema antiage noche 50g piel seca,13800,,,27,,244
7791000041393,Fortex Toallitas húmedas x50 aloe vera,2950,,,27,,
7791000041409,Naturalis Jabón de tocador x3 aloe vera,3800,,,27,,26
7791000041416,Naturalis Protector solar FPS 50 200ml piel seca,37050,,,27,,
7791000041423,Naturalis Shampoo nutrición 400ml,14000,17500,,27,,
7791000041430,Naturalis Enjuague bucal 500ml manzanilla,7600,,,27,,
7791000041447,Nutrimax Serum vitamina C 30ml piel sensible,54500,,,27,,73
7791000041454,Naturalis Shampoo anticaspa 400ml,17850,27450,,27,,
7791000041461,Fortex Crema antiage noche 50g piel mixta,22400,,,27,,
7791000041478,Fortex Espuma de afeitar 200ml manzanilla,10700,,,27,,118
7791000041485,Naturalis Protector solar FPS 30 200ml,41250,,,27,,121
7791000041492,Fortex Exfoliante facial 100g piel seca,20200,,,27,,
7791000041508,Naturalis Shampoo anticaspa 400ml aloe vera,4000,,,27,,124
7791000041515,Naturalis Cepillo dental medio x2 sin perfume,6000,,,27,,
7791000041522,Nutrimax Crema antiage noche 50g,18150,,,27,,
7791000041539,Naturalis Protectores diarios x20,7800,9750,,27,,
7791000041546,Nutrimax Pasta dental encías 90g,6450,,,27,,
7791000041553,Fortex Protector solar FPS 50 200ml piel seca,18000,,,27,,102
7791000041560,Naturalis Shampoo anticaspa 400ml sin perfume,8600,,,27,,56
7791000041577,Fortex Desodorante roll-on 50ml manzanilla,3100,,,27,,121
7791000041584,Naturalis Acondicionador 400ml sin perfume,10750,,,27,,189
7791000041591,Fortex Exfoliante facial 100g piel mixta,17500,,,27,/img/demo/prod-1.svg,
7791000041607,Naturalis Espuma de afeitar 200ml,10000,,,27,,4
7791000041614,Naturalis Aceite corporal nutritivo 125ml,20250,,,27,,
7791000041621,Fortex Exfoliante facial 100g,10900,,Lanzamiento,27,,
7791000041638,Nutrimax Roll-on ojeras 15ml,15800,,,27,,
7791000041645,Naturalis Protector solar FPS 30 200ml piel sensible,12400,,,27,,99
7791000041652,Nutrimax Locion post solar 200ml piel mixta,23650,31550,,27,,
7791000041669,Naturalis Serum vitamina C 30ml,52100,69450,,27,/img/demo/prod-7.svg,238
7791000041676,Naturalis Toallitas húmedas x50 aloe vera,3900,,,27,,0
7791000041683,Naturalis Jabón líquido 250ml manzanilla,3600,,,27,,
7791000041690,Naturalis Agua micelar 400ml piel seca,15650,,,27,/img/demo/prod-5.svg,38
7791000041706,Fortex Protectores diarios x20 sin perfume,4400,,,27,,
7791000041713,Vigorplus Shampoo anticaspa 400ml sin perfume,13050,,Combo,28,,174
7791000041720,Activlife Crema corporal reparadora 300ml piel sensible,15350,,,28,,
7791000041737,Vigorplus Talco corporal 100g manzanilla,3000,,,28,,
7791000041744,Vigorplus Desodorante aerosol 150ml manzanilla,10750,15350,,28,,
7791000041751,Vigorplus Hilo dental 50m sin perfume,10700,,,28,,27
7791000041768,Vigorplus Pasta dental encías 90g sin perfume,10900,,,28,,0
7791000041775,Activlife Desodorante roll-on 50ml aloe vera,2900,,,28,,
7791000041782,Pielsana Aceite corporal nutritivo 125ml piel seca,15550,,,28,,
7791000041799,Vigorplus Desodorante roll-on 50ml manzanilla,6400,,,28,,183
7791000041805,Activlife Protector solar FPS 30 200ml piel seca,71100,,,28,,0
7791000041812,Activlife Protector solar FPS 30 200ml piel mixta,40450,,,28,,207
7791000041829,Pielsana Enjuague bucal 500ml sin perfume,4050,,,28,,
7791000041836,Activlife Enjuague bucal 500ml,7050,,,28,,
7791000041843,Pielsana Crema para manos 75ml piel seca,16100,,,28,,30
7791000041850,Activlife Hilo dental 50m manzanilla,18450,,,28,,119
7791000041867,Vigorplus Máscara facial hidratante 75ml piel seca,26950,,,28,,
7791000041874,Pielsana Protector solar facial FPS 50 50ml piel sensible,10500,21000,,28,,23
7791000041881,Pielsana Talco corporal 100g,8000,12300,,28,,45
7791000041898,Vigorplus Shampoo nutrición 400ml sin perfume,6350,,,28,,
7791000041904,Vigorplus Locion post solar 200ml piel mixta,25950,,,28,,
7791000041911,Activlife Contorno de ojos 15ml piel seca,82500,,,28,/img/demo/prod-4.svg,
7791000041928,Vigorplus Serum ácido hialurónico 30ml piel mixta,39600,,,28,/img/demo/prod-3.svg,
7791000041935,Pielsana Protector solar FPS 30 200ml piel seca,8650,,,28,,23
7791000041942,Vigorplus Toallitas húmedas x50 manzanilla,12300,,,28,,144
7791000041959,Vigorplus Hilo dental 50m manzanilla,7000,,,28,,76
7791000041966,Pielsana Crema facial hidratante 50g piel sensible,55950,,,28,,102
7791000041973,Vigorplus Protector solar facial FPS 50 50ml piel seca,13100,,,28,,55
7791000041980,Pielsana Hilo dental 50m aloe vera,12500,,,28,,243
7791000041997,Vigorplus Pasta dental blanqueadora 90g aloe vera,3600,,,28,,
7791000042000,Activlife Crema antiage noche 50g piel seca,70600,,,28,,
7791000042017,Pielsana Cepillo dental suave manzanilla,2950,,,28,,
7791000042024,Pielsana Aceite corporal nutritivo 125ml piel mixta,11600,,,28,,97
7791000042031,Vigorplus Crema corporal reparadora 300ml piel mixta,28700,,,28,,66
7791000042048,Vigorplus Talco corporal 100g sin perfume,2600,,,28,,
7791000042055,Pielsana Desodorante aerosol 150ml aloe vera,4000,6650,,28,/img/demo/prod-6.svg,163
7791000042062,Activlife Roll-on ojeras 15ml piel mixta,30500,,,28,,232
7791000042079,Pielsana Serum ácido hialurónico 30ml piel seca,21600,43200,,28,,
7791000042086,Activlife Cepillo dental medio x2 sin perfume,3450,,,28,,84
7791000042093,Vigorplus Agua micelar 400ml piel mixta,13550,,,28,,116
7791000042109,Activlife Crema antiage noche 50g piel mixta,16550,,,28,,
7791000042116,Pielsana Máquina de afeitar x3 sin perfume,3200,,,28,,
7791000042123,Pielsana Máscara facial hidratante 75ml piel sensible,14150,,,28,,
7791000042130,Vigorplus Exfoliante facial 100g piel seca,28950,,,28,,225
7791000042147,Vigorplus Contorno de ojos 15ml,6950,,,28,,109
7791000042154,Activlife Alcohol en gel 250ml manzanilla,2550,,,28,,191
7791000042161,Vigorplus Acondicionador 400ml manzanilla,6550,,,28,,181
7791000042178,Vigorplus Cepillo dental medio x2 aloe vera,5100,,Lanzamiento,28,,15
7791000042185,Activlife Locion post solar 200ml,22800,30400,Oferta,28,,220
7791000042192,Pielsana Hilo dental 50m sin perfume,6800,13600,,28,,
7791000042208,Vigorplus Contorno de ojos 15ml piel mixta,24850,,,28,,248
7791000042215,Activlife Hilo dental 50m sin perfume,8700,,,28,,58
7791000042222,Pielsana Jabón líquido 250ml manzanilla,8100,,,28,/img/demo/prod-7.svg,
7791000042239,Vigorplus Protector solar FPS 50 200ml,29250,34400,,28,,
7791000042246,Vigorplus Acondicionador 400ml sin perfume,3150,,,28,,0
7791000042253,Vigorplus Enjuague bucal 500ml,3100,3450,,28,/img/demo/prod-7.svg,
7791000042260,Activlife Serum vitamina C 30ml piel seca,7800,,,28,,98
7791000042277,Vigorplus Máscara facial hidratante 75ml piel mixta,10850,,,28,,
7791000042284,Activlife Talco corporal 100g aloe vera,8500,,,28,,20
7791000042291,Vigorplus Crema despigmentante 30g piel sensible,12150,,,28,,171
7791000042307,Vigorplus Shampoo anticaspa 400ml,5250,,,28,,
7791000042314,Vigorplus Protector solar facial FPS 50 50ml,8650,,,28,,22
7791000042321,Pielsana Cepillo dental medio x2 aloe vera,13750,,,28,,77
7791000042338,Vigorplus Cepillo dental suave,2950,,,28,,
7791000042345,Vigorplus Cepillo dental medio x2,6450,,,28,,
7791000042352,Vigorplus Exfoliante facial 100g,58450,,,28,,58
7791000042369,Vigorplus Shampoo anticaspa 400ml aloe vera,7750,,,28,,195
7791000042376,Vigorplus Locion post solar 200ml,31850,,,28,,166
7791000042383,Vigorplus Cepillo dental suave sin perfume,2800,,,28,,
7791000042390,Vigorplus Talco corporal 100g,3950,,,28,,0
7791000042406,Activlife Pasta dental encías 90g,2550,,,28,,101
7791000042413,Vigorplus Bálsamo labial FPS 30 piel sensible,38400,,,28,,184
7791000042420,Activlife Gel de limpieza facial 150ml,22800,,,28,,112
7791000042437,Vigorplus Toallitas húmedas x50 aloe vera,5000,,,28,,
7791000042444,Activlife Crema para manos 75ml piel mixta,48900,,,28,,
7791000042451,Pielsana Espuma de afeitar 200ml sin perfume,4350,,,28,,0
7791000042468,Pielsana Contorno de ojos 15ml piel seca,13950,,,28,,
7791000042475,Vigorplus Toallas femeninas x16,6550,9350,,28,,
7791000042482,Pielsana Crema para manos 75ml,11650,,,28,,241
7791000042499,Pielsana Gel anticelulítico 200ml piel sensible,17850,,,28,,
7791000042505,Vigorplus Alcohol en gel 250ml aloe vera,4500,,,28,,33
7791000042512,Vigorplus Cepillo dental medio x2 manzanilla,2650,,,28,,67
7791000042529,Pielsana Exfoliante facial 100g piel mixta,38600,,,28,,
7791000042536,Vigorplus Crema despigmentante 30g piel mixta,27800,,,28,,
7791000042543,Activlife Serum ácido hialurónico 30ml,17350,,,28,,
7791000042550,Pielsana Cepillo dental suave sin perfume,9100,,,28,,
7791000042567,Vigorplus Roll-on ojeras 15ml,36150,,,28,,121
7791000042574,Activlife Protector solar FPS 50 200ml piel mixta,47200,,,28,,
7791000042581,Vigorplus Contorno de ojos 15ml piel seca,20150,25200,,28,,
7791000042598,Activlife Shampoo anticaspa 400ml,10450,,,28,,
7791000042604,Vigorplus Acondicionador 400ml aloe vera,4150,,,28,,0
7791000042611,Vigorplus Crema corporal reparadora 300ml piel seca,14900,,3x2,28,,124
7791000042628,Vigorplus Desodorante aerosol 150ml aloe vera,2700,,,28,/img/demo/prod-5.svg,
7791000042635,Pielsana Espuma de afeitar 200ml,6000,,,28,,
7791000042642,Vigorplus Aceite corporal nutritivo 125ml piel mixta,8400,,,28,,138
7791000042659,Vigorplus Espuma de afeitar 200ml,9600,,,28,,
7791000042666,Vigorplus Crema facial hidratante 50g piel mixta,35000,,,28,/img/demo/prod-2.svg,38
7791000042673,Activlife Exfoliante facial 100g piel seca,18150,,,28,,245
7791000042680,Activlife Desodorante roll-on 50ml sin perfume,3850,,,28,/img/demo/prod-8.svg,148
7791000042697,Activlife Protector solar facial FPS 50 50ml piel sensible,13700,,,28,,92
7791000042703,Pielsana Toallitas húmedas x50 aloe vera,8900,,,28,,
7791000042710,Vigorplus Gel de limpieza facial 150ml piel seca,14850,,,28,,5
7791000042727,Pielsana Cepillo dental medio x2,16650,,,28,,207
7791000042734,Activlife Gel de limpieza facial 150ml piel mixta,29200,,,28,,
7791000042741,Vigorplus Espuma de afeitar 200ml aloe vera,4100,,,28,,213
7791000042758,Vigorplus Bálsamo labial FPS 30,6900,,,28,,8
7791000042765,Vigorplus Protector solar FPS 50 200ml piel mixta,7050,,,28,,231
7791000042772,Pielsana Desodorante aerosol 150ml sin perfume,11250,,,28,/img/demo/prod-7.svg,26
7791000042789,Activlife Contorno de ojos 15ml,7200,,,28,,44
7791000042796,Vigorplus Toallas femeninas x16 aloe vera,2750,,,28,/img/demo/prod-4.svg,228
7791000042802,Activlife Shampoo nutrición 400ml aloe vera,4100,,,28,,159
7791000042819,Activlife Roll-on ojeras 15ml piel seca,7950,,,28,,
7791000042826,Vigorplus Desodorante aerosol 150ml sin perfume,6300,,,28,,
7791000042833,Vigorplus Enjuague bucal 500ml aloe vera,3950,,,28,,118
7791000042840,Pielsana Gel de limpieza facial 150ml piel sensible,14650,,,28,,
7791000042857,Activlife Enjuague bucal 500ml manzanilla,2800,,,28,/img/demo/prod-7.svg,
7791000042864,Activlife Toallas femeninas x16,19850,,,28,,
7791000042871,Vigorplus Serum vitamina C 30ml piel mixta,22200,,,28,,
7791000042888,Vigorplus Cepillo dental suave aloe vera,3900,,,28,,
7791000042895,Vigorplus Jabón líquido 250ml sin perfume,9650,,,28,,
7791000042901,Vigorplus Desodorante aerosol 150ml,5500,6900,,28,,214
7791000042918,Vigorplus Protector solar facial FPS 50 50ml piel mixta,10000,,,28,,145
7791000042925,Activlife Serum ácido hialurónico 30ml piel sensible,24750,38100,,28,,
7791000042932,Pielsana Shampoo anticaspa 400ml,2950,,,28,,
7791000042949,Activlife Máscara facial hidratante 75ml piel seca,12000,,,28,,
7791000042956,Vigorplus Protector solar facial FPS 50 50ml piel sensible,20800,,,28,,
7791000042963,Pielsana Agua micelar 400ml piel mixta,12700,,,28,,
7791000042970,Activlife Alcohol en gel 250ml sin perfume,11800,,,28,,
7791000042987,Pielsana Acondicionador 400ml aloe vera,4250,5300,Oferta,28,/img/demo/prod-5.svg,89
7791000042994,Vigorplus Serum vitamina C 30ml piel sensible,14700,,,28,,
7791000043007,Pielsana Jabón líquido 250ml,7150,,,28,,2
7791000043014,Vigorplus Toallitas húmedas x50 sin perfume,21050,,,28,,0
7791000043021,Activlife Cepillo dental medio x2 aloe vera,3900,,Lanzamiento,28,,
7791000043038,Pielsana Crema antiage noche 50g,12850,,,28,,
7791000043045,Vigorplus Hilo dental 50m,13550,,,28,,
7791000043052,Activlife Crema para manos 75ml piel sensible,38950,,,28,,
7791000043069,Pielsana Protectores diarios x20 sin perfume,4550,,,28,,
7791000043076,Vigorplus Máquina de afeitar x3 aloe vera,3500,,,28,,
7791000043083,Pielsana Alcohol en gel 250ml,7300,,,28,/img/demo/prod-2.svg,71
7791000043090,Vigorplus Serum vitamina C 30ml,50150,,Combo,28,,
7791000043106,Vigorplus Pasta dental encías 90g,2650,3300,Oferta,28,,
7791000043113,Vigorplus Crema facial hidratante 50g piel seca,21050,42100,,28,,
7791000043120,Vigorplus Espuma de afeitar 200ml sin perfume,18700,,,28,/img/demo/prod-7.svg,
7791000043137,Vigorplus Crema para manos 75ml,6500,,,28,,
7791000043144,Activlife Protector solar facial FPS 50 50ml,22750,,,28,/img/demo/prod-6.svg,91
7791000043151,Activlife Crema antiage noche 50g,17600,,,28,,173
7791000043168,Activlife Serum vitamina C 30ml piel mixta,7400,,,28,,
7791000043175,Activlife Acondicionador 400ml manzanilla,2550,,,28,,
7791000043182,Vigorplus Máquina de afeitar x3,4300,,,28,,145
7791000043199,Activlife Máquina de afeitar x3 aloe vera,4450,,,28,,
7791000043205,Activlife Desodorante roll-on 50ml manzanilla,7400,14800,,28,,
7791000043212,Sanix Bálsamo labial FPS 30 piel seca,13950,23250,,29,,83
7791000043229,Dermaqua Contorno de ojos 15ml piel seca,13450,,,29,,
7791000043236,Nutrimax Locion post solar 200ml piel mixta,34700,,,29,/img/demo/prod-8.svg,
7791000043243,Dermaqua Pasta dental blanqueadora 90g manzanilla,2800,,,29,,
7791000043250,Sanix Serum ácido hialurónico 30ml piel sensible,20200,,,29,,73
7791000043267,Pielsana Gel de limpieza facial 150ml,18000,,,29,,208
7791000043274,Nutrimax Gel anticelulítico 200ml piel seca,20150,,,29,,159
7791000043281,Pielsana Máscara facial hidratante 75ml piel mixta,65150,,,29,,
7791000043298,Dermaqua Serum vitamina C 30ml piel seca,9600,,,29,,
7791000043304,Dermaqua Alcohol en gel 250ml sin perfume,8600,,,29,,0
7791000043311,Dermaqua Crema antiage noche 50g,6750,,,29,/img/demo/prod-1.svg,0
7791000043328,Sanix Protectores diarios x20 aloe vera,7750,,,29,,13
7791000043335,Dermaqua Serum ácido hialurónico 30ml piel mixta,7400,,,29,,
7791000043342,Sanix Bálsamo labial FPS 30 piel mixta,9800,,,29,,85
7791000043359,Dermaqua Protectores diarios x20 aloe vera,12300,,,29,,210
7791000043366,Dermaqua Toallitas húmedas x50 manzanilla,4900,,,29,,
7791000043373,Pielsana Pasta dental encías 90g,12000,,Combo,29,,197
7791000043380,Pielsana Hilo dental 50m,2550,,,29,/img/demo/prod-6.svg,209
7791000043397,Nutrimax Protector solar facial FPS 50 50ml piel sensible,59200,,,29,,
7791000043403,Sanix Exfoliante facial 100g piel seca,61700,,,29,,
7791000043410,Sanix Shampoo anticaspa 400ml manzanilla,8500,,,29,,235
7791000043427,Dermaqua Cepillo dental medio x2 aloe vera,4750,5600,,29,,94
7791000043434,Dermaqua Crema antiage noche 50g piel seca,11200,18650,,29,,
7791000043441,Dermaqua Shampoo anticaspa 400ml,12100,,,29,,
7791000043458,Nutrimax Gel de limpieza facial 150ml piel sensible,18050,,,29,,
7791000043465,Pielsana Agua micelar 400ml piel mixta,8100,,,29,,69
7791000043472,Nutrimax Aceite corporal nutritivo 125ml piel seca,13500,,,29,,
7791000043489,Sanix Serum ácido hialurónico 30ml piel seca,14200,,,29,,
7791000043496,Dermaqua Crema facial hidratante 50g piel seca,17350,,,29,,
7791000043502,Sanix Talco corporal 100g sin perfume,18650,,,29,,246
7791000043519,Pielsana Hilo dental 50m aloe vera,8650,,,29,,
7791000043526,Nutrimax Shampoo anticaspa 400ml,4400,,,29,,
7791000043533,Pielsana Crema antiage noche 50g piel mixta,52250,87100,,29,,
7791000043540,Sanix Máquina de afeitar x3 aloe vera,4150,6400,,29,/img/demo/prod-7.svg,41
7791000043557,Pielsana Enjuague bucal 500ml,2850,,,29,,216
7791000043564,Nutrimax Contorno de ojos 15ml,20550,,,29,,0
7791000043571,Nutrimax Contorno de ojos 15ml piel sensible,7200,,3x2,29,,
7791000043588,Nutrimax Desodorante aerosol 150ml aloe vera,11200,,,29,,
7791000043595,Nutrimax Espuma de afeitar 200ml manzanilla,3350,,,29,,105
7791000043601,Pielsana Espuma de afeitar 200ml manzanilla,8100,11550,,29,,
7791000043618,Pielsana Jabón de tocador x3 manzanilla,3650,,,29,,47
7791000043625,Dermaqua Protector solar FPS 30 200ml piel seca,30050,,,29,,
7791000043632,Dermaqua Toallitas húmedas x50 sin perfume,4800,,,29,,184
7791000043649,Nutrimax Exfoliante facial 100g piel mixta,15100,30200,,29,,96
7791000043656,Pielsana Protector solar FPS 50 200ml piel seca,51950,,2x1,29,,167
7791000043663,Nutrimax Desodorante roll-on 50ml sin perfume,2850,,,29,,0
7791000043670,Pielsana Crema antiage noche 50g piel seca,58700,,,29,,218
7791000043687,Pielsana Máquina de afeitar x3 manzanilla,2900,,,29,,
7791000043694,Sanix Talco corporal 100g,11000,,,29,,139
7791000043700,Dermaqua Protector solar facial FPS 50 50ml piel seca,10850,,,29,,211
7791000043717,Nutrimax Desodorante roll-on 50ml manzanilla,3900,,,29,,194
7791000043724,Pielsana Cepillo dental suave,6250,,Combo,29,,
7791000043731,Dermaqua Desodorante aerosol 150ml,9300,,,29,,
7791000043748,Nutrimax Jabón de tocador x3 manzanilla,4050,5050,,29,,12
7791000043755,Pielsana Jabón de tocador x3 aloe vera,9600,,,29,,
7791000043762,Pielsana Espuma de afeitar 200ml,11250,,,29,,
7791000043779,Dermaqua Locion post solar 200ml piel sensible,58900,73650,,29,/img/demo/prod-3.svg,82
7791000043786,Pielsana Máquina de afeitar x3 sin perfume,5000,,,29,,15
7791000043793,Sanix Crema facial hidratante 50g piel mixta,54700,,,29,,
7791000043809,Sanix Contorno de ojos 15ml piel seca,21550,26950,,29,,198
7791000043816,Pielsana Talco corporal 100g manzanilla,9050,,,29,,
7791000043823,Dermaqua Crema corporal reparadora 300ml piel mixta,6850,,,29,,
7791000043830,Dermaqua Protector solar facial FPS 50 50ml,6900,,,29,,
7791000043847,Dermaqua Jabón líquido 250ml manzanilla,7500,,,29,,
7791000043854,Pielsana Desodorante roll-on 50ml sin perfume,6250,,,29,,85
7791000043861,Nutrimax Talco corporal 100g aloe vera,4200,6450,,29,,
7791000043878,Dermaqua Serum ácido hialurónico 30ml piel sensible,13500,,,29,,
7791000043885,Sanix Enjuague bucal 500ml sin perfume,13400,,,29,,
7791000043892,Sanix Roll-on ojeras 15ml piel mixta,19700,,,29,,
7791000043908,Pielsana Pasta dental encías 90g aloe vera,5250,,,29,/img/demo/prod-6.svg,
7791000043915,Nutrimax Protector solar FPS 50 200ml,19550,,,29,/img/demo/prod-7.svg,51
7791000043922,Nutrimax Alcohol en gel 250ml,5100,,,29,,
7791000043939,Dermaqua Talco corporal 100g manzanilla,6100,,,29,,
7791000043946,Sanix Crema antiage noche 50g,34300,40350,Oferta,29,,37
7791000043953,Sanix Exfoliante facial 100g piel mixta,50600,,,29,,
7791000043960,Pielsana Aceite corporal nutritivo 125ml piel sensible,34900,,,29,,19
7791000043977,Dermaqua Contorno de ojos 15ml piel sensible,26700,,,29,,
7791000043984,Sanix Jabón líquido 250ml,12350,,,29,/img/demo/prod-5.svg,32
7791000043991,Dermaqua Cepillo dental suave sin perfume,7400,,,29,/img/demo/prod-5.svg,1
7791000044004,Sanix Contorno de ojos 15ml,34900,,,29,,
7791000044011,Pielsana Crema despigmentante 30g piel seca,7700,,,29,,
7791000044028,Pielsana Espuma de afeitar 200ml sin perfume,4000,5700,,29,,0
7791000044035,Dermaqua Roll-on ojeras 15ml piel mixta,48800,,,29,,
7791000044042,Nutrimax Bálsamo labial FPS 30,8150,,,29,,215
7791000044059,Sanix Alcohol en gel 250ml,12600,,,29,,154
7791000044066,Nutrimax Máscara facial hidratante 75ml piel sensible,35000,,,29,,102
7791000044073,Dermaqua Crema para manos 75ml,20000,,,29,,
7791000044080,Dermaqua Contorno de ojos 15ml,9450,,,29,/img/demo/prod-7.svg,247
7791000044097,Dermaqua Alcohol en gel 250ml,3500,,,29,,
7791000044103,Dermaqua Máquina de afeitar x3,9150,11450,,29,,
7791000044110,Nutrimax Desodorante aerosol 150ml,12500,,,29,,247
7791000044127,Nutrimax Crema corporal reparadora 300ml piel seca,27300,,,29,,
7791000044134,Sanix Crema despigmentante 30g,32950,47050,Oferta,29,,
7791000044141,Sanix Gel anticelulítico 200ml piel mixta,11150,22300,,29,,76
7791000044158,Sanix Desodorante roll-on 50ml,8600,,,29,,180
7791000044165,Pielsana Crema facial hidratante 50g piel sensible,13050,,,29,,
7791000044172,Sanix Toallitas húmedas x50,3850,,,29,/img/demo/prod-1.svg,69
7791000044189,Nutrimax Exfoliante facial 100g,10800,,,29,,180
7791000044196,Pielsana Jabón líquido 250ml,13950,,,29,,
7791000044202,Sanix Protector solar facial FPS 50 50ml piel sensible,12300,,,29,,
7791000044219,Sanix Toallitas húmedas x50 sin perfume,3050,,,29,,19
7791000044226,Dermaqua Acondicionador 400ml aloe vera,4000,,,29,,192
7791000044233,Dermaqua Cepillo dental suave manzanilla,9000,12000,,29,,
7791000044240,Nutrimax Máscara facial hidratante 75ml piel mixta,9450,,,29,,
7791000044257,Dermaqua Crema facial hidratante 50g piel mixta,49100,,,29,,124
7791000044264,Nutrimax Protector solar FPS 30 200ml piel sensible,14600,,,29,/img/demo/prod-1.svg,195
7791000044271,Sanix Toallas femeninas x16 sin perfume,11300,18850,Oferta,29,,77
7791000044288,Pielsana Shampoo nutrición 400ml manzanilla,8400,,,29,,
7791000044295,Nutrimax Toallas femeninas x16 aloe vera,8100,,,29,,
7791000044301,Dermaqua Locion post solar 200ml piel mixta,43450,,,29,,71
7791000044318,Sanix Agua micelar 400ml piel seca,6850,,,29,,23
7791000044325,Nutrimax Shampoo anticaspa 400ml aloe vera,10250,,,29,/img/demo/prod-6.svg,182
7791000044332,Nutrimax Contorno de ojos 15ml piel seca,45650,,,29,,95
7791000044349,Dermaqua Pasta dental blanqueadora 90g sin perfume,12100,,,29,,
7791000044356,Pielsana Desodorante aerosol 150ml sin perfume,15150,,,29,,203
7791000044363,Pielsana Toallas femeninas x16,3950,,,29,,182
7791000044370,Nutrimax Jabón de tocador x3,13000,,,29,,
7791000044387,Nutrimax Pasta dental encías 90g manzanilla,15850,,,29,,29
7791000044394,Sanix Cepillo dental medio x2 manzanilla,4100,,,29,,177
7791000044400,Dermaqua Crema corporal reparadora 300ml piel sensible,43300,,,29,,106
7791000044417,Dermaqua Shampoo anticaspa 400ml sin perfume,7850,,,29,,
7791000044424,Nutrimax Hilo dental 50m aloe vera,5300,,,29,,
7791000044431,Dermaqua Desodorante roll-on 50ml,4350,,,29,/img/demo/prod-6.svg,
7791000044448,Nutrimax Protector solar FPS 30 200ml,18800,,,29,/img/demo/prod-8.svg,
7791000044455,Sanix Máscara facial hidratante 75ml piel mixta,46700,54950,,29,,
7791000044462,Nutrimax Desodorante aerosol 150ml sin perfume,2550,3000,,29,,206
7791000044479,Dermaqua Exfoliante facial 100g piel mixta,7150,10200,,29,,
7791000044486,Pielsana Acondicionador 400ml manzanilla,4700,,,29,/img/demo/prod-8.svg,231
7791000044493,Pielsana Toallitas húmedas x50 aloe vera,3850,4800,Oferta,29,,
7791000044509,Pielsana Máquina de afeitar x3,4450,5950,,29,,191
7791000044516,Pielsana Jabón de tocador x3,3750,,,29,,133
7791000044523,Pielsana Locion post solar 200ml piel seca,45100,60150,,29,,
7791000044530,Nutrimax Shampoo nutrición 400ml manzanilla,2800,,,29,,
7791000044547,Pielsana Gel anticelulítico 200ml piel sensible,54650,,,29,,
7791000044554,Pielsana Shampoo anticaspa 400ml manzanilla,8200,,,29,,173
7791000044561,Nutrimax Espuma de afeitar 200ml sin perfume,3200,,,29,,158
7791000044578,Pielsana Desodorante aerosol 150ml manzanilla,6900,,,29,,177
7791000044585,Pielsana Shampoo nutrición 400ml aloe vera,4400,,,29,/img/demo/prod-8.svg,130
7791000044592,Pielsana Máquina de afeitar x3 aloe vera,2950,,,29,,
7791000044608,Sanix Gel de limpieza facial 150ml piel seca,19050,,,29,,136
7791000044615,Sanix Enjuague bucal 500ml manzanilla,3650,4550,Oferta,29,,157
7791000044622,Nutrimax Protector solar facial FPS 50 50ml piel seca,22150,,3x2,29,,
7791000044639,Sanix Serum vitamina C 30ml,8700,,,29,,
7791000044646,Pielsana Serum ácido hialurónico 30ml piel mixta,6950,,,29,,
7791000044653,Dermaqua Jabón líquido 250ml,16350,,,29,,208
7791000044660,Nutrimax Protector solar FPS 30 200ml piel mixta,12500,,,29,,241
7791000044677,Pielsana Contorno de ojos 15ml piel seca,6050,,Lanzamiento,29,,229
7791000044684,Dermaqua Serum vitamina C 30ml piel mixta,11450,,,29,,
7791000044691,Nutrimax Serum ácido hialurónico 30ml piel sensible,40850,,,29,,5
7791000044707,Nutrimax Gel anticelulítico 200ml piel mixta,35750,,,29,,
7791000044714,Sanix Jabón líquido 250ml aloe vera,6100,,,29,,
7791000044721,Dermaqua Agua micelar 400ml piel sensible,73550,,,29,,
7791000044738,Dermaqua Hilo dental 50m aloe vera,2600,,,29,/img/demo/prod-8.svg,
7791000044745,Medifar Pasta dental encías 90g aloe vera,7200,,,30,,
7791000044752,Medifar Acondicionador 400ml aloe vera,8450,,,30,,
7791000044769,Kindel Shampoo anticaspa 400ml,2650,,,30,/img/demo/prod-2.svg,218
7791000044776,Vigorplus Pasta dental encías 90g aloe vera,13150,,,30,,
7791000044783,Vigorplus Jabón de tocador x3 sin perfume,5500,,,30,,0
7791000044790,Vitalfar Exfoliante facial 100g piel sensible,13200,,,30,/img/demo/prod-3.svg,
7791000044806,Medifar Jabón de tocador x3 sin perfume,3400,4000,Oferta,30,,34
7791000044813,Medifar Toallitas húmedas x50 aloe vera,18500,,,30,,127
7791000044820,Vigorplus Aceite corporal nutritivo 125ml piel mixta,17200,20250,Oferta,30,,
7791000044837,Vigorplus Protectores diarios x20,6450,,,30,/img/demo/prod-5.svg,156
7791000044844,Medifar Gel de limpieza facial 150ml piel seca,43500,,,30,,
7791000044851,Kindel Crema para manos 75ml piel mixta,44600,,,30,,
7791000044868,Vigorplus Jabón de tocador x3 aloe vera,3550,4750,,30,,
7791000044875,Medifar Bálsamo labial FPS 30 piel seca,59800,,,30,,
7791000044882,Kindel Locion post solar 200ml,24000,,,30,,93
7791000044899,Medifar Hilo dental 50m manzanilla,13600,,,30,/img/demo/prod-7.svg,86
7791000044905,Vitalfar Protector solar facial FPS 50 50ml piel seca,74200,,,30,,23
7791000044912,Vigorplus Desodorante aerosol 150ml manzanilla,8850,11050,,30,,186
7791000044929,Vigorplus Cepillo dental suave sin perfume,5700,,,30,,
7791000044936,Vigorplus Locion post solar 200ml piel sensible,7250,,,30,/img/demo/prod-5.svg,19
7791000044943,Vigorplus Protector solar FPS 50 200ml piel seca,10550,,,30,,237
7791000044950,Medifar Enjuague bucal 500ml manzanilla,8250,,,30,,
7791000044967,Vigorplus Crema despigmentante 30g piel mixta,28850,,,30,,
7791000044974,Vitalfar Protectores diarios x20,12100,24200,,30,,
7791000044981,Kindel Crema facial hidratante 50g,21950,,,30,/img/demo/prod-8.svg,191
7791000044998,Medifar Talco corporal 100g aloe vera,6200,,,30,/img/demo/prod-1.svg,
7791000045001,Vigorplus Espuma de afeitar 200ml manzanilla,12250,,,30,/img/demo/prod-1.svg,209
7791000045018,Medifar Espuma de afeitar 200ml sin perfume,8000,11450,,30,/img/demo/prod-4.svg,
7791000045025,Vigorplus Crema corporal reparadora 300ml piel seca,13100,,,30,,15
7791000045032,Vigorplus Agua micelar 400ml piel sensible,73500,,,30,,203
7791000045049,Vigorplus Shampoo anticaspa 400ml,6600,,,30,,
7791000045056,Vigorplus Protector solar FPS 30 200ml piel seca,7450,,,30,,
7791000045063,Vitalfar Desodorante roll-on 50ml sin perfume,2600,,,30,,109
7791000045070,Medifar Protector solar FPS 50 200ml,6250,,,30,,131
7791000045087,Vitalfar Toallas femeninas x16,2800,,,30,,132
7791000045094,Kindel Exfoliante facial 100g,11600,,,30,,
7791000045100,Vitalfar Cepillo dental medio x2 sin perfume,6100,,,30,,0
7791000045117,Vitalfar Bálsamo labial FPS 30 piel seca,8200,,,30,,234
7791000045124,Vitalfar Pasta dental blanqueadora 90g,5150,,2x1,30,,220
7791000045131,Kindel Talco corporal 100g sin perfume,8700,,,30,/img/demo/prod-3.svg,0
7791000045148,Vitalfar Hilo dental 50m,3350,,,30,,
7791000045155,Vigorplus Toallas femeninas x16 sin perfume,16150,17950,Oferta,30,,85
7791000045162,Medifar Crema facial hidratante 50g piel mixta,24350,,,30,,69
7791000045179,Vitalfar Agua micelar 400ml,13700,,,30,,
7791000045186,Kindel Protector solar FPS 30 200ml piel mixta,10400,16000,,30,,
7791000045193,Vigorplus Espuma de afeitar 200ml,4000,,,30,,172
7791000045209,Vitalfar Exfoliante facial 100g piel mixta,16700,,,30,,95
7791000045216,Vitalfar Shampoo anticaspa 400ml sin perfume,7700,12850,,30,,45
7791000045223,Vitalfar Enjuague bucal 500ml sin perfume,5950,,,30,,144
7791000045230,Medifar Crema despigmentante 30g piel mixta,18100,,,30,,92
7791000045247,Kindel Crema facial hidratante 50g piel sensible,25850,,,30,/img/demo/prod-7.svg,
7791000045254,Kindel Cepillo dental medio x2,12800,,,30,,158
7791000045261,Kindel Cepillo dental medio x2 manzanilla,7600,,,30,,
7791000045278,Vigorplus Talco corporal 100g manzanilla,6150,,,30,,124
7791000045285,Medifar Alcohol en gel 250ml sin perfume,7200,,,30,,116
7791000045292,Kindel Protector solar FPS 30 200ml piel sensible,59850,,,30,,27
7791000045308,Kindel Shampoo anticaspa 400ml sin perfume,7200,,,30,,
7791000045315,Medifar Acondicionador 400ml sin perfume,5600,,,30,,
7791000045322,Medifar Agua micelar 400ml,12650,,,30,,111
7791000045339,Vigorplus Cepillo dental medio x2 manzanilla,7200,,2x1,30,,38
7791000045346,Vigorplus Máquina de afeitar x3,14200,16700,Oferta,30,,
7791000045353,Medifar Máscara facial hidratante 75ml,30650,,,30,/img/demo/prod-2.svg,90
7791000045360,Medifar Espuma de afeitar 200ml aloe vera,13100,16400,,30,,210
7791000045377,Medifar Protector solar FPS 50 200ml piel mixta,6050,,,30,,126
7791000045384,Medifar Protector solar FPS 30 200ml piel mixta,32600,,,30,,
7791000045391,Medifar Cepillo dental medio x2 manzanilla,4450,5250,Oferta,30,,47
7791000045407,Vitalfar Protectores diarios x20 manzanilla,5850,,,30,,
7791000045414,Kindel Crema facial hidratante 50g piel seca,51150,,,30,,
7791000045421,Vitalfar Alcohol en gel 250ml manzanilla,5600,11200,,30,,145
7791000045438,Kindel Crema corporal reparadora 300ml piel sensible,16250,,,30,,
7791000045445,Kindel Protector solar FPS 50 200ml piel seca,9850,,,30,,
7791000045452,Vitalfar Locion post solar 200ml,25100,,,30,,
7791000045469,Vigorplus Acondicionador 400ml,4650,9300,Oferta,30,,10
7791000045476,Kindel Gel de limpieza facial 150ml piel mixta,16950,,,30,,
7791000045483,Vitalfar Cepillo dental medio x2,3600,,,30,,
7791000045490,Kindel Alcohol en gel 250ml,8250,16500,,30,,
7791000045506,Medifar Crema despigmentante 30g,11750,,,30,/img/demo/prod-7.svg,
7791000045513,Vitalfar Máscara facial hidratante 75ml,18250,,,30,,28
7791000045520,Kindel Toallitas húmedas x50 aloe vera,5100,,,30,,209
7791000045537,Vigorplus Hilo dental 50m,4550,,,30,,80
7791000045544,Medifar Jabón líquido 250ml sin perfume,3100,,,30,,
7791000045551,Kindel Protectores diarios x20 sin perfume,3850,,,30,,109
7791000045568,Vitalfar Desodorante aerosol 150ml sin perfume,3350,4200,,30,,117
7791000045575,Vigorplus Shampoo anticaspa 400ml aloe vera,4650,,,30,,
7791000045582,Kindel Shampoo nutrición 400ml sin perfume,10200,,Combo,30,,244
7791000045599,Vigorplus Shampoo nutrición 400ml manzanilla,5450,,,30,/img/demo/prod-5.svg,10
7791000045605,Medifar Protector solar FPS 50 200ml piel seca,32600,,,30,,
7791000045612,Kindel Locion post solar 200ml piel sensible,25700,,,30,,
7791000045629,Kindel Hilo dental 50m aloe vera,2750,,,30,,
7791000045636,Vitalfar Pasta dental blanqueadora 90g sin perfume,14650,,,30,,
7791000045643,Vitalfar Enjuague bucal 500ml manzanilla,5950,,,30,,187
7791000045650,Vigorplus Serum ácido hialurónico 30ml piel seca,67750,75300,,30,,201
7791000045667,Medifar Gel de limpieza facial 150ml piel sensible,16850,,,30,,137
7791000045674,Kindel Toallitas húmedas x50 sin perfume,3450,,,30,/img/demo/prod-5.svg,
7791000045681,Vigorplus Jabón de tocador x3 manzanilla,6900,,,30,,36
7791000045698,Kindel Hilo dental 50m manzanilla,2600,,,30,,158
7791000045704,Vitalfar Bálsamo labial FPS 30 piel sensible,48400,,,30,,
7791000045711,Medifar Crema corporal reparadora 300ml piel seca,7600,,,30,,145
7791000045728,Medifar Gel anticelulítico 200ml piel sensible,29250,,,30,,
7791000045735,Kindel Cepillo dental medio x2 aloe vera,19800,30450,Oferta,30,,248
7791000045742,Vitalfar Gel de limpieza facial 150ml piel seca,17550,,,30,/img/demo/prod-1.svg,
7791000045759,Kindel Toallas femeninas x16,9600,,,30,,6
7791000045766,Vitalfar Talco corporal 100g manzanilla,6000,,,30,/img/demo/prod-2.svg,
7791000045773,Kindel Protector solar facial FPS 50 50ml,10700,,,30,,241
7791000045780,Medifar Pasta dental encías 90g manzanilla,8700,,,30,,239
7791000045797,Vitalfar Cepillo dental medio x2 aloe vera,7400,,,30,,0
7791000045803,Vitalfar Acondicionador 400ml sin perfume,4850,,,30,,122
7791000045810,Medifar Alcohol en gel 250ml,17500,,,30,,
7791000045827,Kindel Crema facial hidratante 50g piel mixta,16800,,,30,,76
7791000045834,Kindel Contorno de ojos 15ml,33750,,,30,,
7791000045841,Vitalfar Acondicionador 400ml,8750,9700,,30,,212
7791000045858,Vitalfar Toallitas húmedas x50 manzanilla,11850,,,30,,
7791000045865,Vitalfar Gel anticelulítico 200ml piel sensible,41100,,,30,,
7791000045872,Vitalfar Máscara facial hidratante 75ml piel sensible,15000,,,30,,
7791000045889,Vitalfar Protector solar FPS 30 200ml piel seca,23700,,,30,,
7791000045896,Medifar Máscara facial hidratante 75ml piel seca,9600,14750,,30,,163
7791000045902,Vigorplus Cepillo dental suave,3650,,,30,,38
7791000045919,Kindel Crema antiage noche 50g piel sensible,21950,,,30,,119
7791000045926,Kindel Jabón de tocador x3,10800,12700,Oferta,30,,
7791000045933,Medifar Toallas femeninas x16 manzanilla,5600,,,30,,
7791000045940,Vitalfar Alcohol en gel 250ml sin perfume,2550,,,30,,
7791000045957,Kindel Desodorante aerosol 150ml,3750,,3x2,30,,30
7791000045964,Kindel Desodorante roll-on 50ml aloe vera,8400,,,30,,
7791000045971,Kindel Toallas femeninas x16 manzanilla,5300,,,30,,
7791000045988,Vitalfar Crema facial hidratante 50g piel seca,19500,,,30,,16
7791000045995,Kindel Espuma de afeitar 200ml manzanilla,10950,,,30,,
7791000046008,Vigorplus Gel de limpieza facial 150ml piel sensible,17050,,,30,,64
7791000046015,Vigorplus Pasta dental blanqueadora 90g manzanilla,8250,10300,,30,,
7791000046022,Medifar Crema antiage noche 50g piel mixta,41300,,,30,,
7791000046039,Vigorplus Crema para manos 75ml piel seca,17800,,,30,,
7791000046046,Medifar Jabón de tocador x3 manzanilla,2500,,,30,,55
7791000046053,Kindel Protector solar facial FPS 50 50ml piel mixta,32750,46800,,30,,172
7791000046060,Medifar Shampoo nutrición 400ml manzanilla,2900,,,30,,219
7791000046077,Vitalfar Contorno de ojos 15ml piel mixta,12300,,,30,,
7791000046084,Kindel Shampoo nutrición 400ml aloe vera,10350,,,30,/img/demo/prod-4.svg,244
7791000046091,Vigorplus Shampoo nutrición 400ml sin perfume,7950,,,30,,
7791000046107,Vitalfar Protector solar FPS 50 200ml piel mixta,6500,,,30,,113
7791000046114,Vitalfar Espuma de afeitar 200ml sin perfume,9700,16150,,30,,143
7791000046121,Kindel Contorno de ojos 15ml piel sensible,9650,,,30,,211
7791000046138,Medifar Hilo dental 50m sin perfume,11300,,,30,,
7791000046145,Kindel Acondicionador 400ml,10150,,,30,,
7791000046152,Vitalfar Toallitas húmedas x50 sin perfume,19900,,,30,,160
7791000046169,Vigorplus Protector solar facial FPS 50 50ml piel seca,35400,,,30,/img/demo/prod-3.svg,
7791000046176,Dermaqua Alcohol en gel 250ml manzanilla,3100,,,31,/img/demo/prod-4.svg,
7791000046183,Dermaqua Cepillo dental medio x2 manzanilla,6500,,,31,,165
7791000046190,Puravit Shampoo nutrición 400ml sin perfume,2750,,,31,/img/demo/prod-4.svg,88
7791000046206,Puravit Espuma de baño 400ml edición limitada,26900,,2x1,31,,177
7791000046213,Puravit Aceite esencial de lavanda 15ml kit x2,23000,,,31,/img/demo/prod-4.svg,
7791000046220,Dermaqua Talco corporal 100g sin perfume,3700,7400,,31,,
7791000046237,Genbio Desodorante roll-on 50ml sin perfume,14450,17000,,31,/img/demo/prod-7.svg,
7791000046244,Genbio Shampoo anticaspa 400ml,5550,,,31,,157
7791000046251,Solarmed Bruma para almohada 100ml kit x2,44450,,,31,,
7791000046268,Genbio Jabón de tocador x3 aloe vera,3600,,,31,,
7791000046275,Puravit Cepillo dental medio x2 manzanilla,4700,,,31,,
7791000046282,Genbio Cepillo dental medio x2 sin perfume,4550,6500,Oferta,31,/img/demo/prod-4.svg,177
7791000046299,Genbio Eau de toilette mujer 100ml,49700,,,31,/img/demo/prod-1.svg,
7791000046305,Dermaqua Crema de manos perfumada 75ml kit x2,20150,,,31,,
7791000046312,Puravit Vela aromática vainilla kit x2,63200,,,31,/img/demo/prod-2.svg,0
7791000046329,Genbio Crema de manos perfumada 75ml edición limitada,12700,,,31,,
7791000046336,Dermaqua Toallitas húmedas x50 sin perfume,17950,29900,,31,,58
7791000046343,Genbio Bruma para almohada 100ml,27650,,,31,,
7791000046350,Solarmed Hilo dental 50m aloe vera,19950,30700,,31,,137
7791000046367,Genbio Máquina de afeitar x3 aloe vera,6250,,,31,,239
7791000046374,Dermaqua Jabón artesanal de caléndula kit x2,70750,,,31,,
7791000046381,Solarmed Jabón líquido 250ml aloe vera,3750,,,31,,
7791000046398,Genbio Kit de regalo perfume + crema edición limitada,9750,,,31,,178
7791000046404,Genbio Máquina de afeitar x3,2550,,2x1,31,,
7791000046411,Dermaqua Espuma de baño 400ml kit x2,15750,26250,,31,,
7791000046428,Puravit Acondicionador 400ml,5000,,,31,,183
7791000046435,Solarmed Acondicionador 400ml manzanilla,15950,,,31,,192
7791000046442,Dermaqua Eau de toilette mujer 100ml kit x2,18400,,,31,,191
7791000046459,Puravit Vela aromática vainilla edición limitada,12600,,,31,,80
7791000046466,Genbio Alcohol en gel 250ml manzanilla,7400,8700,,31,/img/demo/prod-7.svg,
7791000046473,Dermaqua Eau de parfum floral 50ml kit x2,40000,,,31,,
7791000046480,Dermaqua Difusor de aromas + varillas edición limitada,32500,,,31,,244
7791000046497,Genbio Desodorante roll-on 50ml aloe vera,5150,6850,Oferta,31,,148
7791000046503,Genbio Body splash frutal 250ml kit x2,24650,,,31,,114
7791000046510,Puravit Desodorante aerosol 150ml aloe vera,11800,,,31,,180
7791000046527,Puravit Cepillo dental suave sin perfume,3650,6100,,31,,186
7791000046534,Puravit Máquina de afeitar x3 manzanilla,10200,,,31,,
7791000046541,Puravit Shampoo anticaspa 400ml aloe vera,8650,,,31,,
7791000046558,Puravit Espuma de afeitar 200ml aloe vera,16100,,,31,,96
7791000046565,Genbio Sales de baño relajantes 500g edición limitada,23200,,,31,/img/demo/prod-8.svg,122
7791000046572,Genbio Máquina de afeitar x3 sin perfume,8650,,Combo,31,,
7791000046589,Genbio Crema de manos perfumada 75ml,38000,,,31,/img/demo/prod-6.svg,
7791000046596,Puravit Jabón líquido 250ml aloe vera,2550,3650,,31,,214
7791000046602,Puravit Pasta dental blanqueadora 90g aloe vera,10800,21600,Oferta,31,,
7791000046619,Solarmed Pasta dental encías 90g sin perfume,8650,,,31,,107
7791000046626,Genbio Crema corporal perfumada 300ml edición limitada,81850,,,31,,
7791000046633,Genbio Sales de baño relajantes 500g,21450,,,31,,
7791000046640,Puravit Jabón artesanal de caléndula kit x2,13950,,,31,,236
7791000046657,Genbio Hilo dental 50m manzanilla,13100,,,31,,129
7791000046664,Puravit Crema corporal perfumada 300ml,21350,42700,,31,,
7791000046671,Genbio Toallitas húmedas x50 aloe vera,8700,,,31,,
7791000046688,Genbio Desodorante aerosol 150ml aloe vera,2550,,,31,,
7791000046695,Puravit Máquina de afeitar x3,12600,,3x2,31,/img/demo/prod-5.svg,
7791000046701,Solarmed Hilo dental 50m,4650,,,31,,156
7791000046718,Solarmed Alcohol en gel 250ml sin perfume,6550,,,31,,
7791000046725,Dermaqua Desodorante roll-on 50ml,7500,,Combo,31,,201
7791000046732,Solarmed Jabón de tocador x3,7550,,,31,,209
7791000046749,Solarmed Vela aromática vainilla edición limitada,17650,,,31,,106
7791000046756,Puravit Jabón líquido 250ml sin perfume,5600,,,31,,23
7791000046763,Dermaqua Máquina de afeitar x3,11650,,,31,/img/demo/prod-6.svg,
7791000046770,Solarmed Cepillo dental suave aloe vera,7850,,,31,,
7791000046787,Genbio Aceite esencial de lavanda 15ml,17000,28350,,31,,154
7791000046794,Solarmed Body splash frutal 250ml edición limitada,25050,,,31,,0
7791000046800,Dermaqua Jabón de tocador x3 aloe vera,6150,,,31,/img/demo/prod-3.svg,
7791000046817,Genbio Acondicionador 400ml sin perfume,3350,,,31,,
7791000046824,Dermaqua Espuma de afeitar 200ml,16200,,,31,,
7791000046831,Genbio Jabón líquido 250ml sin perfume,5050,10100,,31,,203
7791000046848,Dermaqua Vela aromática vainilla,13000,,,31,,
7791000046855,Puravit Bruma para almohada 100ml,19200,,,31,,113
7791000046862,Solarmed Sales de baño relajantes 500g edición limitada,9950,,,31,,147
7791000046879,Dermaqua Body splash frutal 250ml,32550,,,31,/img/demo/prod-2.svg,231
7791000046886,Solarmed Jabón artesanal de caléndula,18300,,,31,,
7791000046893,Puravit Sales de baño relajantes 500g kit x2,39550,,,31,,
7791000046909,Dermaqua Difusor de aromas + varillas,65150,,Combo,31,,
7791000046916,Solarmed Toallas femeninas x16 manzanilla,18300,,,31,,
7791000046923,Dermaqua Pasta dental blanqueadora 90g sin perfume,3500,,,31,,
7791000046930,Dermaqua Jabón de tocador x3 sin perfume,7850,,2x1,31,,
7791000046947,Solarmed Crema de manos perfumada 75ml,20400,,,31,,147
7791000046954,Solarmed Cepillo dental suave,2900,,,31,/img/demo/prod-8.svg,228
7791000046961,Dermaqua Desodorante aerosol 150ml aloe vera,2500,,,31,,
7791000046978,Puravit Bruma para almohada 100ml kit x2,10700,,,31,/img/demo/prod-8.svg,
7791000046985,Dermaqua Shampoo anticaspa 400ml manzanilla,3550,,,31,,
7791000046992,Dermaqua Crema de manos perfumada 75ml,31550,,,31,,
7791000047005,Genbio Alcohol en gel 250ml sin perfume,8650,,,31,,
7791000047012,Dermaqua Kit de regalo perfume + crema,27400,,Combo,31,,
7791000047029,Solarmed Body splash frutal 250ml kit x2,18700,,,31,/img/demo/prod-7.svg,14
7791000047036,Dermaqua Crema corporal perfumada 300ml,8800,14650,,31,,
7791000047043,Dermaqua Cepillo dental suave,2900,,,31,,
7791000047050,Solarmed Espuma de afeitar 200ml aloe vera,5250,10500,,31,,133
7791000047067,Solarmed Eau de toilette mujer 100ml edición limitada,39850,44300,,31,,164
7791000047074,Genbio Vela aromática vainilla edición limitada,23900,,,31,,
7791000047081,Solarmed Crema corporal perfumada 300ml kit x2,11800,,Lanzamiento,31,,208
7791000047098,Puravit Máquina de afeitar x3 sin perfume,10200,,,31,,180
7791000047104,Solarmed Bruma para almohada 100ml edición limitada,73850,,,31,,
7791000047111,Dermaqua Espuma de afeitar 200ml sin perfume,4200,,,31,,
7791000047128,Dermaqua Pasta dental blanqueadora 90g,16800,22400,,31,,
7791000047135,Puravit Crema de manos perfumada 75ml,22000,,,31,,
7791000047142,Genbio Desodorante aerosol 150ml sin perfume,6050,,2x1,31,,
7791000047159,Puravit Jabón artesanal de caléndula edición limitada,9400,,,31,,
7791000047166,Dermaqua Desodorante aerosol 150ml manzanilla,3250,,,31,,
7791000047173,Solarmed Eau de toilette mujer 100ml kit x2,54900,84450,,31,/img/demo/prod-3.svg,
7791000047180,Puravit Eau de parfum floral 50ml kit x2,73450,86400,,31,,
7791000047197,Puravit Difusor de aromas + varillas kit x2,19500,,,31,,129
7791000047203,Solarmed Jabón de tocador x3 aloe vera,12350,,,31,/img/demo/prod-2.svg,
7791000047210,Dermaqua Espuma de baño 400ml,73300,,,31,,
7791000047227,Solarmed Eau de parfum floral 50ml edición limitada,31850,,,31,,219
7791000047234,Solarmed Máquina de afeitar x3 sin perfume,4550,,,31,,
7791000047241,Puravit Acondicionador 400ml manzanilla,3650,,,31,,
7791000047258,Solarmed Eau de toilette hombre 100ml edición limitada,39050,,,31,,
7791000047265,Puravit Jabón de tocador x3,7800,10400,Oferta,31,/img/demo/prod-1.svg,
7791000047272,Dermaqua Eau de parfum floral 50ml edición limitada,29250,,,31,,146
7791000047289,Puravit Desodorante aerosol 150ml manzanilla,5400,,,31,,
7791000047296,Puravit Jabón de tocador x3 sin perfume,2500,,,31,,
7791000047302,Genbio Crema corporal perfumada 300ml kit x2,22650,,,31,/img/demo/prod-2.svg,
7791000047319,Solarmed Difusor de aromas + varillas,25900,,,31,,
7791000047326,Dermaqua Enjuague bucal 500ml aloe vera,5950,,,31,,
7791000047333,Solarmed Eau de parfum floral 50ml kit x2,37750,,,31,/img/demo/prod-7.svg,31
7791000047340,Dermaqua Protectores diarios x20 aloe vera,16900,,,31,,
7791000047357,Puravit Crema corporal perfumada 300ml kit x2,13250,,,31,,
7791000047364,Genbio Aceite esencial de lavanda 15ml kit x2,66700,,,31,,198
7791000047371,Solarmed Eau de toilette hombre 100ml kit x2,9400,12550,,31,,56
7791000047388,Puravit Eau de toilette hombre 100ml,14500,,,31,,
7791000047395,Puravit Aceite esencial de lavanda 15ml,11850,,,31,,160
7791000047401,Dermaqua Talco corporal 100g,5750,,,31,,181
7791000047418,Genbio Eau de toilette hombre 100ml kit x2,72150,,,31,,
7791000047425,Solarmed Sales de baño relajantes 500g kit x2,20700,,,31,,74
7791000047432,Genbio Bruma para almohada 100ml edición limitada,15600,,Lanzamiento,31,,117
7791000047449,Genbio Kit de regalo perfume + crema,39550,,,31,,
7791000047456,Genbio Desodorante roll-on 50ml manzanilla,4350,5100,Oferta,31,,
7791000047463,Dermaqua Talco corporal 100g aloe vera,4100,,,31,,114
7791000047470,Genbio Espuma de afeitar 200ml aloe vera,17000,,,31,,
7791000047487,Puravit Vela aromática vainilla,84850,,,31,/img/demo/prod-5.svg,
7791000047494,Solarmed Shampoo anticaspa 400ml manzanilla,6850,,,31,,249
7791000047500,Genbio Hilo dental 50m aloe vera,5650,,,31,,
7791000047517,Solarmed Vela aromática vainilla,10600,,,31,/img/demo/prod-8.svg,231
7791000047524,Solarmed Protectores diarios x20 manzanilla,3950,,,31,,
7791000047531,Solarmed Bruma para almohada 100ml,8300,13850,,31,,84
7791000047548,Dermaqua Aceite esencial de lavanda 15ml kit x2,10200,17000,,31,,205
7791000047555,Dermaqua Acondicionador 400ml sin perfume,5250,,,31,,
7791000047562,Puravit Eau de toilette mujer 100ml,12300,,,31,,
7791000047579,Dermaqua Cepillo dental suave sin perfume,3600,,,31,,128
7791000047586,Solarmed Enjuague bucal 500ml sin perfume,16300,,,31,,145
7791000047593,Genbio Espuma de baño 400ml,45000,50000,,31,,90
7791000047609,Puravit Jabón de tocador x3 aloe vera,9800,,,31,,206
7791000047616,Solarmed Pasta dental encías 90g aloe vera,9050,,,31,,
7791000047623,Genbio Shampoo anticaspa 400ml manzanilla,8400,,,31,,102
7791000047630,Solarmed Aceite esencial de lavanda 15ml kit x2,16100,,,31,,218
7791000047647,Solarmed Eau de toilette mujer 100ml,11450,,,31,,
7791000047654,Genbio Bruma para almohada 100ml kit x2,17450,26850,,31,,
7791000047661,Dermaqua Sales de baño relajantes 500g edición limitada,22300,,,31,,
7791000047678,Dermaqua Espuma de baño 400ml edición limitada,20050,,,31,,
7791000047685,Solarmed Acondicionador 400ml sin perfume,16000,,,31,,
7791000047692,Solarmed Espuma de afeitar 200ml manzanilla,13350,,,31,,129
7791000047708,Puravit Body splash frutal 250ml,15150,,,31,,232
7791000047715,Dermaqua Toallas femeninas x16 manzanilla,11850,,,31,,92
7791000047722,Dermaqua Alcohol en gel 250ml,5600,,,31,,
7791000047739,Genbio Eau de toilette mujer 100ml edición limitada,27550,,,31,,203
7791000047746,Puravit Toallitas húmedas x50 manzanilla,10800,,,31,,
7791000047753,Puravit Enjuague bucal 500ml,5100,,,31,,
7791000047760,Dermaqua Jabón líquido 250ml,5800,,2x1,31,,
7791000047777,Puravit Eau de toilette hombre 100ml kit x2,48350,,,31,,57
7791000047784,Puravit Hilo dental 50m manzanilla,5400,,,31,,160
7791000047791,Puravit Shampoo nutrición 400ml,3650,,,31,/img/demo/prod-4.svg,196
7791000047807,Genbio Difusor de aromas + varillas kit x2,36400,,,31,/img/demo/prod-8.svg,211
7791000047814,Dermaqua Shampoo anticaspa 400ml sin perfume,6850,,,31,,151
7791000047821,Solarmed Pasta dental blanqueadora 90g sin perfume,5050,,,31,,
7791000047838,Solarmed Hilo dental 50m sin perfume,6150,,,31,,55
7791000047845,Puravit Espuma de afeitar 200ml manzanilla,11700,,,31,,
7791000047852,Dermaqua Aceite esencial de lavanda 15ml,74350,,,31,,
7791000047869,Dermaqua Hilo dental 50m manzanilla,8200,10250,,31,,0
7791000047876,Genbio Eau de parfum floral 50ml edición limitada,15900,,,31,/img/demo/prod-7.svg,16
7791000047883,Genbio Shampoo nutrición 400ml aloe vera,8100,,,31,/img/demo/prod-5.svg,109
7791000047890,Solarmed Desodorante aerosol 150ml aloe vera,4250,,,31,,99
7791000047906,Solarmed Máquina de afeitar x3,9450,,3x2,31,,47
7791000047913,Genbio Jabón de tocador x3,10200,,,31,,94
7791000047920,Dermaqua Cepillo dental medio x2,18250,,,31,,64
7791000047937,Dermaqua Crema de manos perfumada 75ml edición limitada,16600,,Combo,31,,
7791000047944,Puravit Pasta dental encías 90g aloe vera,7150,,,31,/img/demo/prod-6.svg,221
7791000047951,Dermaqua Máquina de afeitar x3 sin perfume,4550,,,31,,
7791000047968,Puravit Eau de toilette hombre 100ml edición limitada,20900,24600,,31,/img/demo/prod-6.svg,32
7791000047975,Dermaqua Jabón de tocador x3,10650,,,31,,82
7791000047982,Puravit Enjuague bucal 500ml manzanilla,3600,,,31,/img/demo/prod-4.svg,41
7791000047999,Naturalis Cepillo dental suave aloe vera,10050,,,32,,
7791000048002,Nutrimax Aceite esencial de lavanda 15ml kit x2,8350,,,32,,
7791000048019,Naturalis Bruma para almohada 100ml,9500,,,32,/img/demo/prod-3.svg,249
7791000048026,Naturalis Espuma de baño 400ml kit x2,19550,,,32,,
7791000048033,Serenol Sales de baño relajantes 500g kit x2,46300,,,32,,
7791000048040,Nutrimax Kit de regalo perfume + crema edición limitada,25950,,,32,,
7791000048057,Activlife Talco corporal 100g manzanilla,6300,,,32,,
7791000048064,Naturalis Máquina de afeitar x3 manzanilla,3150,4500,,32,,
7791000048071,Nutrimax Shampoo nutrición 400ml,6200,,,32,/img/demo/prod-8.svg,28
7791000048088,Serenol Crema de manos perfumada 75ml,70300,,,32,,174
7791000048095,Nutrimax Eau de toilette hombre 100ml,9600,,,32,,116
7791000048101,Naturalis Crema de manos perfumada 75ml edición limitada,12500,19250,,32,,172
7791000048118,Nutrimax Acondicionador 400ml manzanilla,10800,,,32,,
7791000048125,Nutrimax Eau de parfum floral 50ml kit x2,43400,,,32,,39
7791000048132,Serenol Body splash frutal 250ml edición limitada,32200,,,32,,
7791000048149,Activlife Enjuague bucal 500ml,4650,,,32,,
7791000048156,Nutrimax Crema de manos perfumada 75ml kit x2,9350,,,32,,0
7791000048163,Naturalis Desodorante aerosol 150ml manzanilla,3800,,,32,,
7791000048170,Activlife Jabón artesanal de caléndula edición limitada,14150,,,32,,
7791000048187,Nutrimax Crema de manos perfumada 75ml edición limitada,19900,,,32,,
7791000048194,Nutrimax Pasta dental blanqueadora 90g,6800,,,32,,134
7791000048200,Nutrimax Crema corporal perfumada 300ml kit x2,40700,50900,Oferta,32,,
7791000048217,Serenol Jabón de tocador x3 manzanilla,9750,15000,,32,,69
7791000048224,Nutrimax Eau de toilette mujer 100ml,28700,33750,,32,/img/demo/prod-2.svg,
7791000048231,Nutrimax Desodorante aerosol 150ml manzanilla,9350,15600,Oferta,32,,
7791000048248,Serenol Eau de toilette mujer 100ml edición limitada,41800,,,32,,83
7791000048255,Naturalis Vela aromática vainilla kit x2,31950,,,32,,136
7791000048262,Activlife Cepillo dental medio x2 manzanilla,9350,,,32,,249
7791000048279,Naturalis Eau de toilette hombre 100ml edición limitada,43550,,,32,,0
7791000048286,Activlife Jabón de tocador x3 manzanilla,3550,7100,,32,,
7791000048293,Nutrimax Eau de parfum floral 50ml edición limitada,27200,,,32,,67
7791000048309,Nutrimax Pasta dental encías 90g,2600,,,32,,
7791000048316,Naturalis Bruma para almohada 100ml kit x2,44000,,,32,,
7791000048323,Nutrimax Crema de manos perfumada 75ml,43600,,,32,,
7791000048330,Serenol Hilo dental 50m,7100,,,32,,223
7791000048347,Serenol Desodorante roll-on 50ml aloe vera,4450,,,32,,19
7791000048354,Nutrimax Body splash frutal 250ml,71050,,,32,,
7791000048361,Nutrimax Sales de baño relajantes 500g,77300,85900,,32,,
7791000048378,Nutrimax Sales de baño relajantes 500g kit x2,10550,,,32,,178
7791000048385,Nutrimax Alcohol en gel 250ml aloe vera,3200,,,32,,197
7791000048392,Serenol Shampoo anticaspa 400ml,5650,,,32,,4
7791000048408,Serenol Cepillo dental suave,7700,,,32,,
7791000048415,Serenol Desodorante aerosol 150ml manzanilla,4450,,,32,,
7791000048422,Naturalis Enjuague bucal 500ml aloe vera,7150,,,32,,56
7791000048439,Serenol Protectores diarios x20 sin perfume,4050,,,32,,34
7791000048446,Nutrimax Acondicionador 400ml,6200,,,32,,9
7791000048453,Activlife Cepillo dental suave sin perfume,5050,,,32,,70
7791000048460,Naturalis Cepillo dental medio x2,18400,,,32,,
7791000048477,Naturalis Crema corporal perfumada 300ml,16700,,,32,,79
7791000048484,Serenol Jabón de tocador x3,6700,,,32,,223
7791000048491,Serenol Pasta dental encías 90g sin perfume,2650,2950,,32,,
7791000048507,Naturalis Difusor de aromas + varillas kit x2,11700,,,32,,186
7791000048514,Activlife Alcohol en gel 250ml aloe vera,2550,,,32,,8
7791000048521,Naturalis Hilo dental 50m sin perfume,5300,,2x1,32,/img/demo/prod-4.svg,
7791000048538,Activlife Hilo dental 50m sin perfume,4200,,,32,,137
7791000048545,Nutrimax Jabón de tocador x3 sin perfume,4800,,,32,,201
7791000048552,Activlife Enjuague bucal 500ml manzanilla,3400,,,32,,
7791000048569,Naturalis Alcohol en gel 250ml,2900,,,32,,5
7791000048576,Serenol Pasta dental blanqueadora 90g aloe vera,8400,,,32,,
7791000048583,Activlife Shampoo anticaspa 400ml,13100,17450,,32,,63
7791000048590,Activlife Acondicionador 400ml sin perfume,9000,,,32,,
7791000048606,Nutrimax Espuma de afeitar 200ml,5800,,,32,,
7791000048613,Nutrimax Bruma para almohada 100ml,11400,,,32,,48
7791000048620,Nutrimax Espuma de baño 400ml,14150,,Lanzamiento,32,,
7791000048637,Nutrimax Difusor de aromas + varillas edición limitada,42000,,,32,,130
7791000048644,Serenol Vela aromática vainilla kit x2,34500,,,32,,
7791000048651,Serenol Toallas femeninas x16,5600,,,32,,
7791000048668,Activlife Espuma de baño 400ml kit x2,19250,,,32,/img/demo/prod-1.svg,225
7791000048675,Activlife Eau de toilette mujer 100ml edición limitada,21100,,,32,,
7791000048682,Serenol Crema de manos perfumada 75ml kit x2,34750,,,32,,244
7791000048699,Nutrimax Hilo dental 50m aloe vera,12450,,,32,,
7791000048705,Nutrimax Pasta dental encías 90g sin perfume,4750,,,32,,143
7791000048712,Activlife Espuma de afeitar 200ml manzanilla,13400,,,32,,
7791000048729,Serenol Aceite esencial de lavanda 15ml,45050,,,32,,89
7791000048736,Nutrimax Kit de regalo perfume + crema,39950,,,32,,
7791000048743,Naturalis Protectores diarios x20 aloe vera,4050,,,32,,34
7791000048750,Nutrimax Body splash frutal 250ml edición limitada,33400,,,32,/img/demo/prod-8.svg,
7791000048767,Serenol Bruma para almohada 100ml kit x2,13050,20100,Oferta,32,,
7791000048774,Naturalis Máquina de afeitar x3 sin perfume,2600,,Lanzamiento,32,,82
7791000048781,Serenol Eau de toilette mujer 100ml,46650,,,32,,22
7791000048798,Nutrimax Aceite esencial de lavanda 15ml edición limitada,8650,,,32,/img/demo/prod-3.svg,123
7791000048804,Naturalis Toallitas húmedas x50 sin perfume,7050,,,32,,233
7791000048811,Nutrimax Protectores diarios x20 sin perfume,6100,,,32,,
7791000048828,Nutrimax Talco corporal 100g manzanilla,3300,,,32,,60
7791000048835,Nutrimax Jabón de tocador x3 manzanilla,8850,,,32,,
7791000048842,Nutrimax Aceite esencial de lavanda 15ml,25300,29750,,32,,
7791000048859,Naturalis Eau de toilette hombre 100ml kit x2,34250,,,32,/img/demo/prod-6.svg,123
7791000048866,Naturalis Alcohol en gel 250ml sin perfume,12600,,,32,,125
7791000048873,Nutrimax Toallas femeninas x16,11800,,,32,,
7791000048880,Naturalis Jabón artesanal de caléndula kit x2,64750,,,32,,
7791000048897,Naturalis Jabón de tocador x3 aloe vera,3700,,,32,/img/demo/prod-2.svg,
7791000048903,Serenol Alcohol en gel 250ml,8300,,,32,,
7791000048910,Nutrimax Crema corporal perfumada 300ml,11700,,,32,,162
7791000048927,Nutrimax Máquina de afeitar x3 sin perfume,11350,,,32,,
7791000048934,Naturalis Aceite esencial de lavanda 15ml edición limitada,25650,,,32,,
7791000048941,Serenol Sales de baño relajantes 500g edición limitada,8000,,,32,/img/demo/prod-3.svg,199
7791000048958,Naturalis Toallas femeninas x16 sin perfume,2850,,,32,,207
7791000048965,Activlife Desodorante roll-on 50ml sin perfume,4700,,,32,,6
7791000048972,Serenol Sales de baño relajantes 500g,13850,,,32,,
7791000048989,Nutrimax Desodorante aerosol 150ml,3650,,,32,,
7791000048996,Serenol Hilo dental 50m sin perfume,4850,,,32,,
7791000049009,Activlife Vela aromática vainilla kit x2,8750,,,32,,
7791000049016,Activlife Kit de regalo perfume + crema edición limitada,18400,,,32,,
7791000049023,Activlife Sales de baño relajantes 500g,9650,,,32,,146
7791000049030,Serenol Acondicionador 400ml aloe vera,13850,,,32,,80
7791000049047,Serenol Espuma de baño 400ml edición limitada,29500,,,32,,
7791000049054,Naturalis Vela aromática vainilla,10600,16300,Oferta,32,,
7791000049061,Activlife Hilo dental 50m,3000,6000,,32,/img/demo/prod-4.svg,52
7791000049078,Serenol Pasta dental blanqueadora 90g sin perfume,3150,,,32,,
7791000049085,Serenol Enjuague bucal 500ml aloe vera,13750,,,32,,192
7791000049092,Nutrimax Vela aromática vainilla edición limitada,30800,,,32,,
7791000049108,Serenol Kit de regalo perfume + crema kit x2,43350,54200,Oferta,32,,129
7791000049115,Nutrimax Hilo dental 50m sin perfume,2800,,,32,,198
7791000049122,Serenol Toallas femeninas x16 sin perfume,13450,16800,Oferta,32,,
7791000049139,Nutrimax Bruma para almohada 100ml kit x2,16450,,,32,,186
7791000049146,Activlife Shampoo nutrición 400ml sin perfume,3600,,,32,,0
7791000049153,Activlife Espuma de baño 400ml,9750,12200,,32,,84
7791000049160,Serenol Pasta dental encías 90g,9600,,,32,,
7791000049177,Naturalis Body splash frutal 250ml edición limitada,42100,,,32,,63
7791000049184,Nutrimax Desodorante roll-on 50ml manzanilla,2950,,,32,/img/demo/prod-6.svg,233
7791000049191,Naturalis Eau de parfum floral 50ml edición limitada,35300,,,32,,
7791000049207,Naturalis Acondicionador 400ml sin perfume,13750,,,32,,
7791000049214,Activlife Shampoo anticaspa 400ml manzanilla,4100,,,32,,
7791000049221,Naturalis Toallas femeninas x16 aloe vera,7150,,,32,,
7791000049238,Serenol Crema de manos perfumada 75ml edición limitada,52450,,,32,,
7791000049245,Nutrimax Bruma para almohada 100ml edición limitada,9300,,3x2,32,,56
7791000049252,Serenol Shampoo anticaspa 400ml manzanilla,17450,23250,,32,,59
7791000049269,Serenol Talco corporal 100g manzanilla,2500,,,32,,
7791000049276,Activlife Pasta dental blanqueadora 90g sin perfume,3450,,,32,,
7791000049283,Naturalis Eau de toilette mujer 100ml edición limitada,15050,,,32,/img/demo/prod-8.svg,
7791000049290,Naturalis Jabón artesanal de caléndula edición limitada,23250,,,32,,231
7791000049306,Nutrimax Máquina de afeitar x3 aloe vera,3850,6400,Oferta,32,,84
7791000049313,Serenol Difusor de aromas + varillas,66450,,,32,,
7791000049320,Naturalis Eau de toilette mujer 100ml kit x2,50200,,,32,,
7791000049337,Nutrimax Shampoo anticaspa 400ml manzanilla,7250,,,32,,
7791000049344,Naturalis Jabón artesanal de caléndula,25200,,,32,,100
7791000049351,Naturalis Shampoo nutrición 400ml aloe vera,7900,,,32,,87
7791000049368,Nutrimax Jabón artesanal de caléndula kit x2,14000,,,32,,158
7791000049375,Naturalis Pasta dental blanqueadora 90g manzanilla,3400,,,32,,47
7791000049382,Activlife Bruma para almohada 100ml kit x2,15300,,,32,,46
7791000049399,Nutrimax Cepillo dental medio x2 aloe vera,8400,,,32,,214
7791000049405,Activlife Vela aromática vainilla,8350,,,32,,0
7791000049412,Naturalis Crema corporal perfumada 300ml edición limitada,39850,,,32,,211
7791000049429,Serenol Bruma para almohada 100ml,9050,,,32,,
7791000049436,Activlife Talco corporal 100g,2600,,,32,,70
7791000049443,Activlife Toallas femeninas x16,11550,,,32,,32
7791000049450,Serenol Toallas femeninas x16 aloe vera,14800,,,32,,
7791000049467,Serenol Máquina de afeitar x3,4200,,,32,,
7791000049474,Serenol Eau de parfum floral 50ml,12250,,,32,,
7791000049481,Naturalis Enjuague bucal 500ml manzanilla,13100,,,32,,155
7791000049498,Nutrimax Enjuague bucal 500ml,5700,,,32,,
7791000049504,Activlife Difusor de aromas + varillas edición limitada,34350,,,32,,96
7791000049511,Nutrimax Espuma de baño 400ml kit x2,8700,,,32,,
7791000049528,Nutrimax Eau de toilette hombre 100ml edición limitada,25050,,,32,,
7791000049535,Activlife Enjuague bucal 500ml sin perfume,9300,,,32,,
7791000049542,Serenol Difusor de aromas + varillas edición limitada,8350,,,32,,
7791000049559,Fortex Aceite esencial de lavanda 15ml kit x2,30400,,,33,,
7791000049566,Naturalis Máquina de afeitar x3,11700,,,33,,151
7791000049573,Vigorplus Espuma de afeitar 200ml aloe vera,6550,,,33,,131
7791000049580,Farmax Vela aromática vainilla,17550,,,33,,42
7791000049597,Fortex Máquina de afeitar x3,3750,,,33,,
7791000049603,Naturalis Cepillo dental suave sin perfume,8100,,,33,,
7791000049610,Farmax Vela aromática vainilla kit x2,17350,,,33,,110
7791000049627,Vigorplus Difusor de aromas + varillas,14700,,,33,,
7791000049634,Vigorplus Jabón líquido 250ml sin perfume,15650,,,33,,198
7791000049641,Naturalis Protectores diarios x20,13000,,,33,,
7791000049658,Fortex Jabón de tocador x3,2850,4050,,33,,
7791000049665,Farmax Toallas femeninas x16,2800,,,33,,216
7791000049672,Farmax Pasta dental encías 90g aloe vera,4350,,,33,,122
7791000049689,Farmax Kit de regalo perfume + crema,37200,,,33,,89
7791000049696,Farmax Kit de regalo perfume + crema edición limitada,26300,,Combo,33,,
7791000049702,Fortex Desodorante aerosol 150ml,2750,,,33,,
7791000049719,Fortex Vela aromática vainilla kit x2,9600,,,33,/img/demo/prod-4.svg,
7791000049726,Vigorplus Shampoo anticaspa 400ml aloe vera,6550,,,33,/img/demo/prod-5.svg,
7791000049733,Farmax Jabón líquido 250ml aloe vera,2550,3650,,33,,
7791000049740,Fortex Alcohol en gel 250ml manzanilla,8350,,,33,,250
7791000049757,Farmax Difusor de aromas + varillas kit x2,38550,,,33,,125
7791000049764,Naturalis Body splash frutal 250ml edición limitada,9350,,,33,,111
7791000049771,Fortex Jabón artesanal de caléndula kit x2,16650,,,33,,187
7791000049788,Farmax Toallitas húmedas x50 sin perfume,3550,4200,,33,/img/demo/prod-3.svg,128
7791000049795,Fortex Enjuague bucal 500ml aloe vera,11650,,,33,,106
7791000049801,Fortex Shampoo nutrición 400ml sin perfume,16650,,,33,,21
7791000049818,Fortex Difusor de aromas + varillas,27600,,,33,,
7791000049825,Naturalis Shampoo nutrición 400ml manzanilla,18350,,,33,,
7791000049832,Naturalis Shampoo nutrición 400ml,2850,,,33,,
7791000049849,Fortex Toallitas húmedas x50 sin perfume,3900,4600,,33,,0
7791000049856,Naturalis Shampoo nutrición 400ml sin perfume,2650,,,33,,135
7791000049863,Naturalis Body splash frutal 250ml kit x2,48800,,,33,,
7791000049870,Vigorplus Shampoo nutrición 400ml manzanilla,4850,,,33,,95
7791000049887,Vigorplus Eau de toilette hombre 100ml edición limitada,40550,,,33,,230
7791000049894,Vigorplus Toallitas húmedas x50 manzanilla,2500,,,33,,235
7791000049900,Naturalis Sales de baño relajantes 500g kit x2,30850,,,33,,
7791000049917,Vigorplus Pasta dental blanqueadora 90g,4450,,,33,,
7791000049924,Farmax Shampoo anticaspa 400ml,3450,,Combo,33,,
7791000049931,Vigorplus Aceite esencial de lavanda 15ml edición limitada,33000,38800,,33,,29
7791000049948,Naturalis Sales de baño relajantes 500g edición limitada,24350,,,33,,
7791000049955,Naturalis Toallas femeninas x16,4550,,,33,,
7791000049962,Fortex Crema de manos perfumada 75ml kit x2,22750,,,33,,
7791000049979,Fortex Alcohol en gel 250ml aloe vera,14250,,,33,,157
7791000049986,Vigorplus Vela aromática vainilla kit x2,77000,,,33,,123
7791000049993,Vigorplus Sales de baño relajantes 500g,90100,,,33,/img/demo/prod-7.svg,
7791000050005,Fortex Eau de parfum floral 50ml,32600,,,33,,184
7791000050012,Fortex Eau de toilette hombre 100ml edición limitada,21000,26250,,33,,150
7791000050029,Farmax Acondicionador 400ml,3250,,,33,,43
7791000050036,Farmax Body splash frutal 250ml edición limitada,41000,,,33,,149
7791000050043,Vigorplus Desodorante roll-on 50ml manzanilla,12850,,,33,/img/demo/prod-4.svg,
7791000050050,Vigorplus Talco corporal 100g manzanilla,3000,,,33,/img/demo/prod-3.svg,61
7791000050067,Farmax Jabón líquido 250ml sin perfume,14300,,,33,,
7791000050074,Naturalis Bruma para almohada 100ml,16000,,,33,,135
7791000050081,Naturalis Jabón de tocador x3,12650,,,33,,1
7791000050098,Vigorplus Difusor de aromas + varillas kit x2,49850,,Combo,33,,177
7791000050104,Farmax Eau de toilette hombre 100ml edición limitada,9800,,,33,,17
7791000050111,Naturalis Difusor de aromas + varillas,58100,,,33,,147
7791000050128,Fortex Espuma de baño 400ml kit x2,24900,35550,Oferta,33,/img/demo/prod-6.svg,231
7791000050135,Naturalis Eau de parfum floral 50ml kit x2,16950,24200,Oferta,33,,198
7791000050142,Fortex Shampoo nutrición 400ml,8300,,,33,,123
7791000050159,Naturalis Espuma de afeitar 200ml manzanilla,4250,,,33,,189
7791000050166,Naturalis Vela aromática vainilla kit x2,14150,,,33,/img/demo/prod-5.svg,
7791000050173,Vigorplus Pasta dental blanqueadora 90g aloe vera,9100,14000,,33,,199
7791000050180,Fortex Protectores diarios x20 aloe vera,2750,,,33,,
7791000050197,Vigorplus Shampoo anticaspa 400ml,9900,11000,,33,,203
7791000050203,Naturalis Eau de toilette hombre 100ml,54650,109300,Oferta,33,,
7791000050210,Naturalis Toallas femeninas x16 sin perfume,5150,,,33,,231
7791000050227,Vigorplus Bruma para almohada 100ml edición limitada,18250,,,33,,
7791000050234,Fortex Kit de regalo perfume + crema,38850,,,33,,
7791000050241,Vigorplus Aceite esencial de lavanda 15ml kit x2,22600,,Combo,33,,202
7791000050258,Fortex Difusor de aromas + varillas edición limitada,66400,,,33,,
7791000050265,Fortex Acondicionador 400ml manzanilla,2600,,,33,/img/demo/prod-4.svg,
7791000050272,Farmax Crema de manos perfumada 75ml,69900,139800,,33,,125
7791000050289,Vigorplus Kit de regalo perfume + crema,17100,,,33,,
7791000050296,Vigorplus Alcohol en gel 250ml,4550,,,33,,177
7791000050302,Farmax Jabón líquido 250ml manzanilla,9950,,,33,,0
7791000050319,Vigorplus Crema corporal perfumada 300ml edición limitada,13950,15500,,33,,
7791000050326,Vigorplus Jabón artesanal de caléndula edición limitada,44300,,,33,/img/demo/prod-1.svg,
7791000050333,Vigorplus Difusor de aromas + varillas edición limitada,18600,,,33,,
7791000050340,Vigorplus Desodorante aerosol 150ml sin perfume,4250,,,33,,190
7791000050357,Naturalis Jabón de tocador x3 manzanilla,5000,,,33,,115
7791000050364,Fortex Kit de regalo perfume + crema edición limitada,57950,,2x1,33,,220
7791000050371,Naturalis Talco corporal 100g aloe vera,16950,,,33,,17
7791000050388,Fortex Eau de toilette mujer 100ml edición limitada,17800,,,33,,
7791000050395,Naturalis Crema de manos perfumada 75ml,10500,13150,,33,,230
7791000050401,Fortex Vela aromática vainilla edición limitada,13600,,,33,,
7791000050418,Farmax Bruma para almohada 100ml kit x2,24250,,Lanzamiento,33,/img/demo/prod-5.svg,226
7791000050425,Vigorplus Desodorante aerosol 150ml,4550,,,33,,132
7791000050432,Farmax Difusor de aromas + varillas,10750,,,33,/img/demo/prod-6.svg,183
7791000050449,Fortex Eau de toilette hombre 100ml kit x2,37450,,,33,,
7791000050456,Farmax Espuma de baño 400ml edición limitada,17350,,,33,,104
7791000050463,Naturalis Protectores diarios x20 manzanilla,2850,,,33,,198
7791000050470,Naturalis Eau de toilette hombre 100ml edición limitada,28750,,2x1,33,,41
7791000050487,Farmax Desodorante aerosol 150ml sin perfume,19000,,,33,,145
7791000050494,Vigorplus Espuma de afeitar 200ml manzanilla,6050,,,33,,
7791000050500,Fortex Enjuague bucal 500ml,2800,,Lanzamiento,33,,
7791000050517,Farmax Espuma de baño 400ml,11050,,2x1,33,,
7791000050524,Fortex Eau de toilette hombre 100ml,10100,,,33,,
7791000050531,Fortex Crema de manos perfumada 75ml,17750,,,33,,143
7791000050548,Farmax Espuma de afeitar 200ml aloe vera,18600,,,33,,36
7791000050555,Farmax Aceite esencial de lavanda 15ml kit x2,62500,,,33,,69
7791000050562,Vigorplus Desodorante aerosol 150ml aloe vera,11100,15850,Oferta,33,,107
7791000050579,Farmax Espuma de afeitar 200ml sin perfume,9450,,Combo,33,,107
7791000050586,Vigorplus Hilo dental 50m aloe vera,3300,,,33,,48
7791000050593,Farmax Kit de regalo perfume + crema kit x2,29050,,,33,,145
7791000050609,Vigorplus Talco corporal 100g aloe vera,4150,6400,,33,,124
7791000050616,Naturalis Alcohol en gel 250ml aloe vera,4450,,,33,,108
7791000050623,Naturalis Vela aromática vainilla edición limitada,13150,,,33,,
7791000050630,Naturalis Crema corporal perfumada 300ml kit x2,12850,25700,Oferta,33,,223
7791000050647,Fortex Enjuague bucal 500ml sin perfume,9400,,,33,,111
7791000050654,Farmax Desodorante roll-on 50ml sin perfume,2550,,,33,,
7791000050661,Farmax Jabón artesanal de caléndula kit x2,8800,11750,,33,,
7791000050678,Farmax Pasta dental blanqueadora 90g manzanilla,13800,,,33,,155
7791000050685,Vigorplus Eau de parfum floral 50ml,30700,,,33,/img/demo/prod-8.svg,207
7791000050692,Farmax Espuma de afeitar 200ml,10150,,,33,/img/demo/prod-6.svg,
7791000050708,Vigorplus Eau de toilette mujer 100ml,40950,,,33,,
7791000050715,Naturalis Shampoo anticaspa 400ml,2650,,,33,,185
7791000050722,Vigorplus Desodorante aerosol 150ml manzanilla,10000,,,33,,193
7791000050739,Fortex Espuma de baño 400ml edición limitada,47350,,,33,,
7791000050746,Fortex Crema de manos perfumada 75ml edición limitada,22300,,,33,,239
7791000050753,Farmax Cepillo dental suave aloe vera,5150,6050,,33,,
7791000050760,Farmax Sales de baño relajantes 500g edición limitada,22950,,3x2,33,,
7791000050777,Vigorplus Eau de parfum floral 50ml edición limitada,8800,,,33,,173
7791000050784,Vigorplus Alcohol en gel 250ml sin perfume,5150,,,33,,
7791000050791,Vigorplus Acondicionador 400ml sin perfume,14200,,,33,,38
7791000050807,Fortex Jabón artesanal de caléndula,9000,,,33,,162
7791000050814,Vigorplus Espuma de baño 400ml kit x2,28850,,,33,/img/demo/prod-5.svg,207
7791000050821,Vigorplus Jabón líquido 250ml,13450,15800,,33,,
7791000050838,Vigorplus Eau de toilette hombre 100ml kit x2,50250,,,33,,174
7791000050845,Farmax Pasta dental encías 90g manzanilla,6800,,,33,,26
7791000050852,Naturalis Jabón de tocador x3 aloe vera,2950,3300,,33,,
7791000050869,Naturalis Desodorante roll-on 50ml aloe vera,6500,,3x2,33,/img/demo/prod-2.svg,15
7791000050876,Fortex Shampoo nutrición 400ml aloe vera,2800,,,33,/img/demo/prod-3.svg,56
7791000050883,Fortex Protectores diarios x20 manzanilla,5650,,,33,,119
7791000050890,Naturalis Kit de regalo perfume + crema,18650,,,33,,176
7791000050906,Vigorplus Máquina de afeitar x3,7350,,,33,,59
7791000050913,Naturalis Jabón artesanal de caléndula edición limitada,9350,,,33,,
7791000050920,Naturalis Shampoo anticaspa 400ml sin perfume,11000,,,33,,75
7791000050937,Fortex Eau de toilette mujer 100ml,11900,15850,,33,,
7791000050944,Farmax Body splash frutal 250ml,18900,,,33,,80
7791000050951,Fortex Body splash frutal 250ml edición limitada,30150,,,33,,14
7791000050968,Vigorplus Máquina de afeitar x3 sin perfume,2650,,,33,,
7791000050975,Fortex Cepillo dental suave aloe vera,13350,26700,,33,,243
7791000050982,Farmax Eau de toilette hombre 100ml kit x2,11950,,,33,,186
7791000050999,Vigorplus Shampoo nutrición 400ml sin perfume,3150,,,33,,112
7791000051002,Fortex Pasta dental encías 90g sin perfume,15050,,,33,,205
7791000051019,Naturalis Eau de toilette hombre 100ml kit x2,22300,,,33,,123
7791000051026,Fortex Cepillo dental medio x2 sin perfume,4550,,,33,/img/demo/prod-8.svg,
7791000051033,Fortex Máquina de afeitar x3 manzanilla,6650,,,33,,
7791000051040,Naturalis Acondicionador 400ml,3400,4550,,33,,
7791000051057,Farmax Alcohol en gel 250ml manzanilla,5050,,,33,,237
7791000051064,Vigorplus Hilo dental 50m sin perfume,3350,,Combo,33,/img/demo/prod-2.svg,
7791000051071,Fortex Cepillo dental medio x2,7550,,,33,/img/demo/prod-8.svg,97
7791000051088,Fortex Jabón de tocador x3 sin perfume,3800,,,33,,
7791000051095,Naturalis Hilo dental 50m aloe vera,2550,,,33,/img/demo/prod-1.svg,39
7791000051101,Naturalis Talco corporal 100g manzanilla,3650,4850,,33,,247
7791000051118,Fortex Crema corporal perfumada 300ml edición limitada,47200,,,33,/img/demo/prod-8.svg,213
7791000051125,Naturalis Espuma de afeitar 200ml,4850,,,33,/img/demo/prod-2.svg,
7791000051132,Naturalis Desodorante aerosol 150ml manzanilla,4250,4700,Oferta,33,/img/demo/prod-1.svg,61
7791000051149,Naturalis Crema de manos perfumada 75ml edición limitada,22850,,,33,,
7791000051156,Naturalis Aceite esencial de lavanda 15ml kit x2,59350,,,33,,123
7791000051163,Farmax Cepillo dental medio x2 sin perfume,6750,13500,,33,/img/demo/prod-7.svg,17
7791000051170,Vigorplus Bruma para almohada 100ml kit x2,66150,,,33,/img/demo/prod-4.svg,
7791000051187,Fortex Sales de baño relajantes 500g kit x2,15150,,,33,,166
7791000051194,Farmax Eau de parfum floral 50ml,19350,,,33,,191
7791000051200,Farmax Crema de manos perfumada 75ml kit x2,20150,,,33,,60
7791000051217,Farmax Eau de parfum floral 50ml edición limitada,9550,12750,,33,,
7791000051224,Farmax Hilo dental 50m manzanilla,2650,4100,Oferta,33,,27
7791000051231,Naturalis Desodorante aerosol 150ml,13850,16300,Oferta,33,,149
7791000051248,Fortex Cepillo dental suave,3550,,,33,,73
7791000051255,Farmax Shampoo nutrición 400ml aloe vera,3700,,,33,,92
7791000051262,Naturalis Toallitas húmedas x50,8000,,,33,,
7791000051279,Vigorplus Enjuague bucal 500ml manzanilla,2650,,,33,,
7791000051286,Pielsana Aspirina 500mg,4650,,3x2,34,,
7791000051293,Naturalis Ibuprofeno 400mg x10 comp,10650,,,34,/img/demo/prod-8.svg,10
7791000051309,Pielsana Diclofenac gel 60g x30 comp,16150,,,34,,
7791000051316,Femina Ginkgo biloba x60 comp,31400,,Lanzamiento,34,/img/demo/prod-3.svg,
7791000051323,Femina ZMA x90 caps sabor neutro,41950,,,34,,145
7791000051330,Vidaplen Levadura de cerveza 500g sabor neutro,100650,,,34,,228
7791000051347,Femina Ibuprofeno 600mg x20 comp,2100,,,34,,
7791000051354,Naturalis Hierro + ácido fólico x20 comp,6350,,,34,,
7791000051361,Vidaplen Diclofenac gel 60g x50 comp,2050,,,34,,
7791000051378,Femina Aspirina 500mg,26750,,3x2,34,,
7791000051385,Femina Maca andina en polvo 250g pack x2,38000,,,34,,
7791000051392,Femina Lansoprazol 30mg,11550,,,34,,17
7791000051408,Femina Paracetamol 500mg x30 comp,11350,,,34,,0
7791000051415,Naturalis Té digestivo hierbas serranas x50 comp,13150,,,34,,
7791000051422,Pielsana Pre-entreno frutos rojos 300g sabor neutro,10700,,,34,,0
7791000051439,Pielsana Espirulina x90 comp premium,44100,,,34,,
7791000051446,Femina Caramelos de propóleo x10 comp,9350,,,34,,
7791000051453,Pielsana Melatonina 3mg x10 comp,2700,4150,,34,,0
7791000051460,Naturalis Paracetamol 500mg,2550,3400,,34,,124
7791000051477,Naturalis Omega 3 1000mg x60 caps,20100,,,34,,
7791000051484,Vidaplen Caseína micelar 900g sabor neutro,9100,,,34,,183
7791000051491,Vidaplen Maca andina en polvo 250g premium,86700,173400,,34,,
7791000051507,Femina Omega 3 1000mg x60 caps pack x2,34200,,2x1,34,/img/demo/prod-8.svg,129
7791000051514,Naturalis Maca andina en polvo 250g premium,14050,,,34,,
7791000051521,Vidaplen Glutamina 300g sabor neutro,40750,,,34,,60
7791000051538,Femina Barritas proteicas caja x12,13000,,,34,,195
7791000051545,Femina Paracetamol 1g x50 comp,10050,,,34,,
7791000051552,Naturalis Crema para dolores musculares 100g x30 comp,17400,,2x1,34,,153
7791000051569,Femina Aspirina 500mg x30 comp,3250,,,34,,218
7791000051576,Vidaplen Ibuprofeno 600mg x30 comp,3050,,,34,,50
7791000051583,Femina Omega 3 1000mg x60 caps sabor neutro,21300,32750,Oferta,34,,
7791000051590,Naturalis Caramelos de propóleo x20 comp,9000,,,34,,104
7791000051606,Naturalis Jarabe expectorante infantil 120ml x50 comp,6050,,,34,,
7791000051613,Vidaplen Paracetamol 1g x50 comp,9750,,,34,,
7791000051620,Naturalis Hierro + ácido fólico x10 comp,14200,,,34,,22
7791000051637,Pielsana Jarabe para la tos adultos 120ml x10 comp,14250,,,34,,141
7791000051644,Pielsana Té digestivo hierbas serranas x50 comp,2250,,,34,,98
7791000051651,Pielsana Pre-entreno frutos rojos 300g,38300,54700,,34,,38
7791000051668,Femina Barritas proteicas caja x12 sabor neutro,10300,,,34,,66
7791000051675,Femina Paracetamol 500mg x10 comp,1800,,,34,,
7791000051682,Vidaplen Complejo B x30 comp,6250,,,34,,37
7791000051699,Pielsana Paracetamol 500mg x20 comp,5250,5850,,34,,
7791000051705,Vidaplen Jarabe expectorante infantil 120ml x20 comp,2350,3150,,34,,158
7791000051712,Pielsana Sales de rehidratación oral x30 comp,4300,,,34,,
7791000051729,Naturalis Espirulina x90 comp,12450,,,34,,186
7791000051736,Vidaplen Multivitamínico 50+ x60 sabor neutro,27500,,,34,,
7791000051743,Femina Levadura de cerveza 500g premium,99900,,,34,,236
7791000051750,Naturalis Crema para dolores musculares 100g,4950,,,34,,16
7791000051767,Femina Coenzima Q10 x30 caps pack x2,16850,,,34,,122
7791000051774,Pielsana Barritas proteicas caja x12 pack x2,52300,,,34,,
7791000051781,Vidaplen Crema para dolores musculares 100g,9150,,,34,,171
7791000051798,Naturalis Ginseng coreano x30 caps pack x2,22450,,,34,/img/demo/prod-3.svg,152
7791000051804,Pielsana Ginkgo biloba x60 comp,38800,,Lanzamiento,34,,101
7791000051811,Femina Ginseng coreano x30 caps sabor neutro,67700,,,34,,
7791000051828,Femina Spray nasal descongestivo 20ml x10 comp,1950,,,34,,
7791000051835,Femina ZMA x90 caps pack x2,15100,,,34,,
7791000051842,Pielsana Ibuprofeno 600mg x20 comp,7650,8500,,34,,
7791000051859,Naturalis Levadura de cerveza 500g pack x2,21350,,,34,,
7791000051866,Femina Multivitamínico adultos x60,33100,50900,,34,,155
7791000051873,Pielsana BCAA 2:1:1 x120 caps sabor neutro,28100,,,34,,
7791000051880,Vidaplen ZMA x90 caps,35900,,,34,,0
7791000051897,Vidaplen Cetirizina 10mg x10 comp,2650,,,34,,134
7791000051903,Femina Ibuprofeno 400mg x10 comp,2050,,,34,,72
7791000051910,Pielsana Hierro + ácido fólico x30 comp,5550,6550,,34,,133
7791000051927,Naturalis Cetirizina 10mg x10 comp,1800,,,34,,72
7791000051934,Naturalis Multivitamínico adultos x60 premium,10050,,,34,,147
7791000051941,Naturalis BCAA 2:1:1 x120 caps sabor neutro,23700,29650,Oferta,34,,0
7791000051958,Femina Ibuprofeno 600mg x10 comp,6300,,,34,,
7791000051965,Naturalis Ibuprofeno 400mg,3650,6100,,34,,107
7791000051972,Pielsana BCAA 2:1:1 x120 caps pack x2,9300,,,34,,97
7791000051989,Naturalis Magnesio 400mg,4800,,,34,,82
7791000051996,Pielsana Caramelos de propóleo x30 comp,8750,,,34,,189
7791000052009,Naturalis Paracetamol 500mg x10 comp,3700,,,34,,
7791000052016,Pielsana Cetirizina 10mg x10 comp,3950,,,34,,104
7791000052023,Naturalis Carbón activado x20 comp,11000,,,34,/img/demo/prod-1.svg,
7791000052030,Femina Proteína whey chocolate 1kg,31400,,,34,,
7791000052047,Naturalis Maca andina en polvo 250g pack x2,13800,19700,,34,,209
7791000052054,Femina Ginkgo biloba x60 comp pack x2,25200,,,34,,213
7791000052061,Vidaplen Carbón activado x30 comp,15000,,,34,,178
7791000052078,Femina Proteína vegetal 750g sabor neutro,108850,,,34,/img/demo/prod-3.svg,
7791000052085,Vidaplen Té digestivo hierbas serranas x10 comp,6150,,,34,,
7791000052092,Pielsana Paracetamol 1g x30 comp,9150,,,34,,152
7791000052108,Vidaplen Loratadina 10mg x10 comp,2200,,,34,,120
7791000052115,Pielsana Espirulina x90 comp pack x2,23050,,,34,,
7791000052122,Vidaplen Diclofenac gel 60g x30 comp,14250,,,34,,
7791000052139,Naturalis Espirulina x90 comp sabor neutro,13250,,Combo,34,,195
7791000052146,Vidaplen Jarabe para la tos adultos 120ml,6650,,,34,,
7791000052153,Naturalis Gotas oftálmicas lubricantes 15ml x10 comp,4950,,,34,/img/demo/prod-3.svg,
7791000052160,Femina Lansoprazol 30mg x10 comp,8800,11000,,34,,
7791000052177,Naturalis Gotas oftálmicas lubricantes 15ml x20 comp,15200,,,34,,
7791000052184,Pielsana Creatina monohidrato 300g premium,53250,,,34,,231
7791000052191,Femina ZMA x90 caps premium,64250,,,34,,
7791000052207,Femina Colágeno hidrolizado 300g,82250,126550,,34,,
7791000052214,Femina BCAA 2:1:1 x120 caps sabor neutro,33850,39800,,34,,50
7791000052221,Vidaplen Paracetamol 1g x10 comp,3900,,,34,,
7791000052238,Pielsana Ibuprofeno 400mg x10 comp,4250,,,34,,
7791000052245,Naturalis Colágeno hidrolizado 300g premium,26650,,,34,/img/demo/prod-4.svg,245
7791000052252,Vidaplen Omeprazol 20mg x30 comp,11700,,,34,,
7791000052269,Pielsana Antiacido masticable x30 comp,13050,,,34,,0
7791000052276,Vidaplen Levadura de cerveza 500g,73450,,,34,/img/demo/prod-3.svg,152
7791000052283,Pielsana Spray nasal descongestivo 20ml x20 comp,22700,,,34,,
7791000052290,Vidaplen Paracetamol 1g x30 comp,2450,,,34,,
7791000052306,Femina Magnesio 400mg x50 comp,7250,,,34,,
7791000052313,Vidaplen Diclofenac gel 60g x20 comp,16400,,,34,,
7791000052320,Femina Jarabe para la tos adultos 120ml x30 comp,4200,,,34,,209
7791000052337,Naturalis Caseína micelar 900g pack x2,39700,,,34,,176
7791000052344,Femina Vitamina C 500mg efervescente,12100,,,34,,82
7791000052351,Naturalis Caramelos de propóleo x10 comp,8200,,Lanzamiento,34,,147
7791000052368,Femina Té digestivo hierbas serranas x50 comp,6800,,,34,,166
7791000052375,Femina Omeprazol 20mg x30 comp,11300,,,34,,152
7791000052382,Femina Ibuprofeno 600mg x50 comp,9900,14150,,34,,
7791000052399,Pielsana Ginkgo biloba x60 comp sabor neutro,24950,,,34,,245
7791000052405,Pielsana Melatonina 3mg x30 comp,4250,,,34,,244
7791000052412,Naturalis Sales de rehidratación oral x20 comp,4800,,,34,,
7791000052429,Pielsana Colágeno hidrolizado 300g sabor neutro,49500,99000,,34,,159
7791000052436,Naturalis Barritas proteicas caja x12 sabor neutro,26650,,,34,,167
7791000052443,Femina Carbón activado x20 comp,2650,,,34,,
7791000052450,Femina Paracetamol 1g x20 comp,8250,,,34,,
7791000052467,Femina Sales de rehidratación oral,3050,,,34,,108
7791000052474,Naturalis ZMA x90 caps sabor neutro,57700,,,34,/img/demo/prod-2.svg,
7791000052481,Pielsana Proteína whey vainilla 1kg premium,31700,,,34,,
7791000052498,Vidaplen Ginkgo biloba x60 comp pack x2,27900,,,34,,
7791000052504,Vidaplen Ibuprofeno 600mg,3150,,,34,,177
7791000052511,Femina Coenzima Q10 x30 caps sabor neutro,48550,,,34,,0
7791000052528,Vidaplen Creatina monohidrato 300g pack x2,12550,,,34,,
7791000052535,Vidaplen Proteína whey vainilla 1kg sabor neutro,33500,,,34,,
7791000052542,Naturalis Lansoprazol 30mg x30 comp,9150,,,34,,72
7791000052559,Vidaplen BCAA 2:1:1 x120 caps,10800,,Combo,34,,
7791000052566,Pielsana Loratadina 10mg,4300,,,34,,
7791000052573,Femina Crema para dolores musculares 100g,10400,,Lanzamiento,34,,
7791000052580,Vidaplen Paracetamol 500mg x50 comp,4850,,,34,,
7791000052597,Vidaplen ZMA x90 caps sabor neutro,94800,,,34,,
7791000052603,Pielsana Multivitamínico 50+ x60,26400,,,34,,98
7791000052610,Femina Magnesio 400mg x30 comp,19600,,,34,,90
7791000052627,Pielsana Proteína vegetal 750g pack x2,73950,,,34,,
7791000052634,Femina Barritas proteicas caja x12 pack x2,22850,,,34,,138
7791000052641,Vidaplen Cetirizina 10mg x20 comp,4900,,,34,,
7791000052658,Pielsana Paracetamol 1g x10 comp,5100,,,34,,
7791000052665,Vidaplen Espirulina x90 comp sabor neutro,11400,,,34,/img/demo/prod-8.svg,133
7791000052672,Femina Ibuprofeno 400mg,5600,,,34,,155
7791000052689,Femina Creatina monohidrato 300g pack x2,55350,,,34,,
7791000052696,Pielsana Sales de rehidratación oral x50 comp,3500,,,34,,212
7791000052702,Naturalis Caseína micelar 900g,13850,,,34,,
7791000052719,Vidaplen Proteína vegetal 750g,12400,,,34,,189
7791000052726,Femina Ginkgo biloba x60 comp sabor neutro,22050,,,34,/img/demo/prod-3.svg,183
7791000052733,Femina Pre-entreno frutos rojos 300g sabor neutro,17500,,,34,,
7791000052740,Naturalis Cetirizina 10mg x20 comp,1850,,,34,,208
7791000052757,Vidaplen Colágeno hidrolizado 300g pack x2,44050,,,34,,191
7791000052764,Vidaplen Creatina monohidrato 300g sabor neutro,65250,87000,,34,,
7791000052771,Pielsana Levadura de cerveza 500g,9350,10400,,34,,
7791000052788,Pielsana Ibuprofeno 600mg x50 comp,9000,,,34,,86
7791000052795,Naturalis Proteína vegetal 750g premium,9550,,,34,,52
7791000052801,Femina Antiacido masticable x50 comp,6550,,,34,,
7791000052818,Femina Maca andina en polvo 250g premium,24500,,,34,,155
7791000052825,Vidaplen Caramelos de propóleo x50 comp,15600,,,34,,
7791000052832,Femina Lansoprazol 30mg x30 comp,9650,,,34,,
7791000052849,Pielsana Omega 3 1000mg x60 caps sabor neutro,15050,,,34,,38
7791000052856,Vidaplen Hierro + ácido fólico x30 comp,8350,,,34,,127
7791000052863,Vidaplen Barritas proteicas caja x12,14200,,,34,,
7791000052870,Naturalis Espirulina x90 comp premium,19000,,,34,/img/demo/prod-1.svg,
7791000052887,Femina Proteína vegetal 750g pack x2,35800,,,34,,0
7791000052894,Femina Proteína whey vainilla 1kg pack x2,38750,,,34,/img/demo/prod-3.svg,
7791000052900,Vidaplen Caramelos de propóleo x20 comp,19850,33100,Oferta,34,,
7791000052917,Naturalis Paracetamol 500mg x30 comp,3900,,,34,,
7791000052924,Naturalis Ginkgo biloba x60 comp sabor neutro,76600,,,34,,
7791000052931,Pielsana Multivitamínico 50+ x60 premium,59900,,,34,,106
7791000052948,Pielsana Multivitamínico 50+ x60 pack x2,20500,,,34,,
7791000052955,Vidaplen Ginseng coreano x30 caps pack x2,30150,,,34,,0
7791000052962,Pielsana Proteína whey vainilla 1kg pack x2,39150,48950,,34,,
7791000052979,Vidaplen Ibuprofeno 400mg x50 comp,10650,,,34,,60
7791000052986,Femina Proteína whey chocolate 1kg pack x2,37750,50350,,34,,94
7791000052993,Femina Glutamina 300g pack x2,32350,35950,Oferta,34,,
7791000053006,Femina Paracetamol 1g,5350,,,34,/img/demo/prod-4.svg,241
7791000053013,Pielsana ZMA x90 caps pack x2,27350,,,34,,
7791000053020,Naturalis Vitamina C 500mg efervescente x20 comp,8550,,,34,,
7791000053037,Femina Gotas oftálmicas lubricantes 15ml x20 comp,16050,,,34,,19
7791000053044,Femina Glutamina 300g premium,25050,,,34,,46
7791000053051,Biosol Espirulina x90 comp pack x2,103950,115500,,35,,164
7791000053068,Solarmed Spray nasal descongestivo 20ml x20 comp,6300,,,35,,
7791000053075,Dermalia Ibuprofeno 400mg,3000,,,35,,
7791000053082,Solarmed Multivitamínico adultos x60 sabor neutro,55300,,,35,,225
7791000053099,Sanix Glutamina 300g pack x2,16900,,,35,/img/demo/prod-5.svg,
7791000053105,Biosol Proteína whey vainilla 1kg sabor neutro,42900,,,35,,
7791000053112,Dermalia Omeprazol 20mg x10 comp,8550,,,35,,68
7791000053129,Solarmed Jarabe para la tos adultos 120ml,11200,,,35,,
7791000053136,Dermalia Caramelos de propóleo,3400,,Combo,35,,
7791000053143,Solarmed Carbón activado,4450,,,35,,203
7791000053150,Solarmed Proteína whey chocolate 1kg sabor neutro,9700,12950,Oferta,35,,43
7791000053167,Solarmed Omega 3 1000mg x60 caps sabor neutro,78950,,,35,,135
7791000053174,Dermalia BCAA 2:1:1 x120 caps pack x2,16350,,,35,,136
7791000053181,Biosol Multivitamínico adultos x60 premium,68850,,Lanzamiento,35,/img/demo/prod-3.svg,
7791000053198,Sanix Proteína whey chocolate 1kg premium,44150,,,35,,
7791000053204,Sanix Ibuprofeno 400mg x50 comp,7750,9700,Oferta,35,,
7791000053211,Solarmed ZMA x90 caps,27400,32250,,35,,
7791000053228,Sanix Colágeno hidrolizado 300g sabor neutro,44650,52550,,35,/img/demo/prod-3.svg,61
7791000053235,Dermalia Carbón activado x20 comp,20450,,,35,,
7791000053242,Solarmed Jarabe expectorante infantil 120ml x10 comp,5950,,,35,/img/demo/prod-6.svg,
7791000053259,Dermalia Proteína vegetal 750g pack x2,29450,,,35,,51
7791000053266,Sanix ZMA x90 caps sabor neutro,14950,,,35,,117
7791000053273,Dermalia Jarabe para la tos adultos 120ml x20 comp,21000,,,35,,
7791000053280,Solarmed Proteína vegetal 750g,12500,,,35,,0
7791000053297,Solarmed Proteína whey vainilla 1kg sabor neutro,59350,,,35,/img/demo/prod-6.svg,28
7791000053303,Biosol ZMA x90 caps sabor neutro,62950,,,35,/img/demo/prod-3.svg,214
7791000053310,Sanix Ibuprofeno 400mg x30 comp,4200,5250,,35,,
7791000053327,Dermalia BCAA 2:1:1 x120 caps sabor neutro,56850,,,35,,194
7791000053334,Dermalia Lansoprazol 30mg,4100,,,35,,
7791000053341,Dermalia Gotas oftálmicas lubricantes 15ml x50 comp,15050,,,35,,
7791000053358,Biosol Creatina monohidrato 300g,16800,,,35,/img/demo/prod-4.svg,
7791000053365,Biosol ZMA x90 caps pack x2,80300,,,35,,170
7791000053372,Biosol Antiacido masticable x50 comp,11250,,,35,,
7791000053389,Biosol Multivitamínico 50+ x60 premium,91500,,,35,/img/demo/prod-1.svg,
7791000053396,Biosol Sales de rehidratación oral x50 comp,14650,20950,,35,,246
7791000053402,Sanix Caramelos de propóleo x50 comp,7450,,Combo,35,,
7791000053419,Biosol Proteína whey chocolate 1kg,9800,,2x1,35,,
7791000053426,Sanix Creatina monohidrato 300g premium,43450,,,35,,
7791000053433,Dermalia Spray nasal descongestivo 20ml x10 comp,20450,,Combo,35,,
7791000053440,Sanix Magnesio 400mg,12250,,,35,,207
7791000053457,Solarmed Creatina monohidrato 300g,14100,,,35,,223
7791000053464,Solarmed Maca andina en polvo 250g sabor neutro,58300,,,35,,225
7791000053471,Biosol Jarabe expectorante infantil 120ml x10 comp,5550,,3x2,35,,184
7791000053488,Dermalia Multivitamínico adultos x60,27450,,,35,,45
7791000053495,Sanix Espirulina x90 comp premium,9550,,,35,,
7791000053501,Biosol Pre-entreno frutos rojos 300g,97900,,,35,,
7791000053518,Sanix Paracetamol 1g x30 comp,6100,,,35,,
7791000053525,Biosol Complejo B x50 comp,2000,4000,,35,,47
7791000053532,Dermalia Magnesio 400mg,7100,,,35,,
7791000053549,Solarmed Proteína whey vainilla 1kg,58800,,,35,,222
7791000053556,Sanix Proteína vegetal 750g pack x2,9500,,,35,/img/demo/prod-7.svg,
7791000053563,Biosol Maca andina en polvo 250g premium,9050,15100,,35,,
7791000053570,Dermalia Caramelos de propóleo x30 comp,2000,,,35,,24
7791000053587,Dermalia Maca andina en polvo 250g pack x2,80950,,,35,,
7791000053594,Sanix Aspirina 500mg x50 comp,16250,18050,,35,/img/demo/prod-1.svg,0
7791000053600,Dermalia Creatina monohidrato 300g premium,21600,,,35,/img/demo/prod-4.svg,35
7791000053617,Solarmed Magnesio 400mg x10 comp,12200,16250,Oferta,35,/img/demo/prod-3.svg,
7791000053624,Biosol Ginkgo biloba x60 comp sabor neutro,62100,,,35,,
7791000053631,Sanix Diclofenac gel 60g,3550,,,35,,
7791000053648,Solarmed Hierro + ácido fólico x10 comp,7600,8950,Oferta,35,,
7791000053655,Dermalia Lansoprazol 30mg x20 comp,8500,,,35,,118
7791000053662,Biosol Multivitamínico adultos x60,34600,,,35,,88
7791000053679,Dermalia Magnesio 400mg x30 comp,5050,,,35,,87
7791000053686,Dermalia Ginseng coreano x30 caps,20500,,,35,,31
7791000053693,Dermalia Maca andina en polvo 250g,27900,,,35,,
7791000053709,Dermalia Barritas proteicas caja x12 sabor neutro,9650,,,35,,147
7791000053716,Dermalia Paracetamol 500mg x50 comp,6500,,,35,/img/demo/prod-6.svg,0
7791000053723,Solarmed Ginseng coreano x30 caps,30500,,,35,,145
7791000053730,Solarmed Ginseng coreano x30 caps sabor neutro,76750,,,35,/img/demo/prod-3.svg,
7791000053747,Dermalia Levadura de cerveza 500g pack x2,42600,,Combo,35,/img/demo/prod-8.svg,0
7791000053754,Biosol Paracetamol 1g x30 comp,5850,,,35,,147
7791000053761,Solarmed Espirulina x90 comp premium,23350,,,35,/img/demo/prod-4.svg,
7791000053778,Solarmed Ginseng coreano x30 caps pack x2,74000,,,35,,196
7791000053785,Dermalia Barritas proteicas caja x12 pack x2,23800,26450,Oferta,35,,182
7791000053792,Biosol Melatonina 3mg x50 comp,7100,,,35,,
7791000053808,Biosol Jarabe para la tos adultos 120ml x20 comp,7600,,,35,,13
7791000053815,Solarmed BCAA 2:1:1 x120 caps premium,51150,,,35,,9
7791000053822,Sanix Barritas proteicas caja x12 pack x2,17500,,,35,/img/demo/prod-3.svg,
7791000053839,Sanix Carbón activado x30 comp,1950,,Combo,35,,230
7791000053846,Biosol Complejo B x10 comp,4400,,,35,,117
7791000053853,Dermalia Ginkgo biloba x60 comp pack x2,67650,,Combo,35,,139
7791000053860,Sanix Jarabe expectorante infantil 120ml,5650,8050,,35,,
7791000053877,Dermalia Spray nasal descongestivo 20ml x20 comp,4800,,,35,,
7791000053884,Dermalia Hierro + ácido fólico x20 comp,6600,7350,,35,,205
7791000053891,Biosol Barritas proteicas caja x12 premium,50650,,,35,,120
7791000053907,Sanix Coenzima Q10 x30 caps sabor neutro,31950,,,35,,
7791000053914,Sanix Cetirizina 10mg x50 comp,5750,8850,Oferta,35,/img/demo/prod-3.svg,
7791000053921,Solarmed Pre-entreno frutos rojos 300g premium,53950,,,35,,231
7791000053938,Dermalia Caramelos de propóleo x20 comp,3550,4750,,35,,86
7791000053945,Biosol Multivitamínico 50+ x60 sabor neutro,12700,,,35,,18
7791000053952,Sanix Omeprazol 20mg x10 comp,10900,,,35,,65
7791000053969,Biosol Proteína vegetal 750g,70250,,,35,,125
7791000053976,Biosol Proteína whey vainilla 1kg premium,18000,,,35,,
7791000053983,Biosol Barritas proteicas caja x12,15350,,,35,,
7791000053990,Solarmed Paracetamol 1g x20 comp,8700,,,35,,127
7791000054003,Solarmed Barritas proteicas caja x12 pack x2,57400,,,35,,110
7791000054010,Solarmed Loratadina 10mg,1800,,,35,,224
7791000054027,Sanix Colágeno hidrolizado 300g pack x2,73950,,,35,,
7791000054034,Sanix ZMA x90 caps pack x2,60850,,,35,,146
7791000054041,Sanix Vitamina C 500mg efervescente x20 comp,16800,,,35,,
7791000054058,Sanix Proteína whey vainilla 1kg sabor neutro,33900,,3x2,35,,230
7791000054065,Dermalia Loratadina 10mg x50 comp,9700,,,35,,
7791000054072,Dermalia Proteína whey vainilla 1kg premium,46900,67000,Oferta,35,,
7791000054089,Biosol Coenzima Q10 x30 caps sabor neutro,21600,,,35,,
7791000054096,Biosol Cetirizina 10mg x10 comp,1850,,,35,,
7791000054102,Sanix Ibuprofeno 400mg,26350,,,35,,171
7791000054119,Dermalia Creatina monohidrato 300g,35100,,Lanzamiento,35,,200
7791000054126,Solarmed Omeprazol 20mg x30 comp,12500,,,35,,
7791000054133,Solarmed Caramelos de propóleo x20 comp,9250,,,35,,236
7791000054140,Dermalia Cetirizina 10mg x20 comp,18300,,,35,,
7791000054157,Sanix BCAA 2:1:1 x120 caps,114900,,,35,/img/demo/prod-4.svg,
7791000054164,Biosol Omega 3 1000mg x60 caps,26200,,,35,,46
7791000054171,Biosol Antiacido masticable x10 comp,5550,,,35,/img/demo/prod-1.svg,
7791000054188,Biosol Pre-entreno frutos rojos 300g sabor neutro,72000,,3x2,35,,
7791000054195,Dermalia Jarabe para la tos adultos 120ml x50 comp,4150,,,35,,0
7791000054201,Solarmed Maca andina en polvo 250g premium,53250,,,35,,
7791000054218,Sanix BCAA 2:1:1 x120 caps sabor neutro,45750,,,35,,
7791000054225,Sanix Magnesio 400mg x10 comp,5850,,,35,,122
7791000054232,Solarmed Té digestivo hierbas serranas x50 comp,2000,,,35,,190
7791000054249,Dermalia ZMA x90 caps,68150,,Lanzamiento,35,,183
7791000054256,Biosol Levadura de cerveza 500g,22650,32350,,35,,
7791000054263,Sanix Omeprazol 20mg x50 comp,5250,,2x1,35,,246
7791000054270,Sanix Ginseng coreano x30 caps,49250,,,35,,42
7791000054287,Sanix Diclofenac gel 60g x50 comp,7800,,,35,,
7791000054294,Solarmed Caramelos de propóleo,9050,,,35,,64
7791000054300,Sanix Omega 3 1000mg x60 caps premium,53500,,,35,/img/demo/prod-2.svg,
7791000054317,Sanix Jarabe para la tos adultos 120ml x50 comp,18600,,,35,,171
7791000054324,Biosol Paracetamol 1g x10 comp,4650,,,35,,
7791000054331,Dermalia Jarabe expectorante infantil 120ml,2450,3250,,35,,
7791000054348,Sanix Ginkgo biloba x60 comp,71550,,,35,,0
7791000054355,Sanix Multivitamínico adultos x60 sabor neutro,13050,,,35,,
7791000054362,Solarmed Espirulina x90 comp sabor neutro,18950,31600,,35,,
7791000054379,Dermalia ZMA x90 caps sabor neutro,13150,,,35,,0
7791000054386,Biosol Ibuprofeno 600mg x50 comp,10900,18150,,35,/img/demo/prod-7.svg,
7791000054393,Sanix Omega 3 1000mg x60 caps,49200,,,35,/img/demo/prod-5.svg,66
7791000054409,Biosol Ibuprofeno 400mg x20 comp,7750,,,35,,114
7791000054416,Medifar Sales de rehidratación oral x20 comp,6450,,,36,/img/demo/prod-4.svg,
7791000054423,Serenol Aspirina 500mg x20 comp,3650,,,36,,208
7791000054430,Biosol Carbón activado x50 comp,18200,,,36,,111
7791000054447,Biosol Jarabe expectorante infantil 120ml x50 comp,6050,8650,,36,,69
7791000054454,Serenol Glutamina 300g,38750,,,36,,
7791000054461,Medifar Maca andina en polvo 250g pack x2,32300,,,36,,
7791000054478,Medifar BCAA 2:1:1 x120 caps,68450,,,36,,207
7791000054485,Serenol Coenzima Q10 x30 caps sabor neutro,28050,,,36,,35
7791000054492,Serenol Vitamina C 500mg efervescente x20 comp,2800,,,36,/img/demo/prod-6.svg,227
7791000054508,Biosol Proteína whey chocolate 1kg premium,13400,,,36,,55
7791000054515,Nutrivida Pre-entreno frutos rojos 300g,16750,,2x1,36,,
7791000054522,Serenol Hierro + ácido fólico x20 comp,4600,,,36,,
7791000054539,Nutrivida Omega 3 1000mg x60 caps pack x2,86950,,Lanzamiento,36,,105
7791000054546,Biosol Ginseng coreano x30 caps pack x2,43950,,,36,/img/demo/prod-1.svg,
7791000054553,Biosol Crema para dolores musculares 100g x30 comp,2400,3450,Oferta,36,,
7791000054560,Nutrivida Caramelos de propóleo,3400,,,36,,
7791000054577,Nutrivida Ginkgo biloba x60 comp sabor neutro,30250,,,36,,
7791000054584,Serenol Complejo B x30 comp,3400,4550,,36,,228
7791000054591,Serenol Multivitamínico 50+ x60,36050,,Combo,36,/img/demo/prod-5.svg,81
7791000054607,Nutrivida Ibuprofeno 600mg x30 comp,5150,,,36,/img/demo/prod-8.svg,
7791000054614,Medifar Multivitamínico adultos x60 premium,10200,,,36,,142
7791000054621,Biosol Ibuprofeno 400mg x10 comp,2350,,,36,,
7791000054638,Biosol Proteína vegetal 750g sabor neutro,9950,,,36,,
7791000054645,Nutrivida Aspirina 500mg x30 comp,3000,,3x2,36,,128
7791000054652,Biosol Jarabe para la tos adultos 120ml x50 comp,22050,36750,,36,,
7791000054669,Medifar Levadura de cerveza 500g premium,36400,,,36,/img/demo/prod-7.svg,
7791000054676,Serenol Ibuprofeno 600mg x20 comp,2600,,,36,,131
7791000054683,Serenol Crema para dolores musculares 100g x10 comp,21100,24800,,36,,
7791000054690,Serenol Té digestivo hierbas serranas,10100,,3x2,36,,95
7791000054706,Biosol Paracetamol 1g x20 comp,4250,7100,,36,,
7791000054713,Nutrivida Omega 3 1000mg x60 caps sabor neutro,51450,,,36,,138
7791000054720,Biosol Multivitamínico 50+ x60 sabor neutro,54950,64650,,36,,
7791000054737,Nutrivida Té digestivo hierbas serranas,3450,,,36,,49
7791000054744,Serenol Ibuprofeno 400mg x10 comp,2800,,,36,,79
7791000054751,Medifar Coenzima Q10 x30 caps pack x2,21850,,,36,,
7791000054768,Biosol Omeprazol 20mg x30 comp,14900,24850,,36,,114
7791000054775,Nutrivida Cetirizina 10mg x50 comp,9100,,,36,,
7791000054782,Medifar Levadura de cerveza 500g sabor neutro,38150,63600,,36,/img/demo/prod-5.svg,
7791000054799,Biosol Proteína whey vainilla 1kg,21550,23950,,36,,
7791000054805,Nutrivida Barritas proteicas caja x12,37050,,,36,,
7791000054812,Serenol Glutamina 300g sabor neutro,43350,,,36,,
7791000054829,Nutrivida Hierro + ácido fólico x50 comp,10350,,,36,,229
7791000054836,Serenol Ibuprofeno 400mg x30 comp,2500,4150,,36,/img/demo/prod-1.svg,126
7791000054843,Medifar Proteína whey vainilla 1kg,35400,,,36,,143
7791000054850,Biosol Hierro + ácido fólico x30 comp,14050,,,36,,133
7791000054867,Biosol Complejo B x10 comp,15550,,,36,,
7791000054874,Biosol Ibuprofeno 400mg,1950,,,36,/img/demo/prod-5.svg,102
7791000054881,Serenol Jarabe para la tos adultos 120ml x30 comp,10850,,,36,,67
7791000054898,Nutrivida Crema para dolores musculares 100g,9200,,,36,,72
7791000054904,Biosol Ginkgo biloba x60 comp pack x2,38400,,,36,,78
7791000054911,Serenol Levadura de cerveza 500g premium,10650,,,36,,
7791000054928,Serenol Paracetamol 500mg,3350,,,36,,
7791000054935,Medifar Sales de rehidratación oral x10 comp,3350,,,36,,
7791000054942,Nutrivida ZMA x90 caps,21100,,Combo,36,/img/demo/prod-3.svg,
7791000054959,Biosol BCAA 2:1:1 x120 caps sabor neutro,23300,,,36,,10
7791000054966,Medifar Ibuprofeno 400mg x20 comp,2050,,Combo,36,,219
7791000054973,Biosol Multivitamínico adultos x60,74750,,,36,,70
7791000054980,Nutrivida Magnesio 400mg x20 comp,13100,,,36,,
7791000054997,Nutrivida Gotas oftálmicas lubricantes 15ml x50 comp,11650,,,36,,65
7791000055000,Serenol Maca andina en polvo 250g pack x2,29400,39200,,36,,105
7791000055017,Biosol BCAA 2:1:1 x120 caps premium,48650,74850,,36,,34
7791000055024,Medifar Proteína whey vainilla 1kg premium,33150,,,36,/img/demo/prod-6.svg,
7791000055031,Medifar Crema para dolores musculares 100g x20 comp,10700,,,36,,
7791000055048,Biosol Lansoprazol 30mg x50 comp,2000,,,36,,76
7791000055055,Medifar BCAA 2:1:1 x120 caps pack x2,21500,,,36,/img/demo/prod-3.svg,
7791000055062,Serenol Ginkgo biloba x60 comp premium,35500,,,36,,
7791000055079,Serenol Ginseng coreano x30 caps pack x2,14500,,,36,,
7791000055086,Serenol Pre-entreno frutos rojos 300g pack x2,51700,,,36,,
7791000055093,Medifar Magnesio 400mg x30 comp,18450,,,36,,116
7791000055109,Biosol Ibuprofeno 600mg x50 comp,12000,,,36,,69
7791000055116,Serenol Ibuprofeno 400mg,1800,,,36,,
7791000055123,Nutrivida Sales de rehidratación oral x50 comp,4750,,,36,/img/demo/prod-5.svg,
7791000055130,Biosol Creatina monohidrato 300g,12150,,,36,,
7791000055147,Serenol Multivitamínico adultos x60 pack x2,41100,48350,Oferta,36,,0
7791000055154,Biosol Complejo B x30 comp,8300,,,36,,
7791000055161,Serenol Spray nasal descongestivo 20ml x50 comp,4300,,,36,,
7791000055178,Nutrivida Caseína micelar 900g pack x2,78400,,,36,,200
7791000055185,Serenol Melatonina 3mg x10 comp,13450,,,36,,
7791000055192,Serenol Proteína vegetal 750g premium,42950,,,36,,34
7791000055208,Medifar Complejo B x20 comp,2200,,,36,,213
7791000055215,Biosol Antiacido masticable x30 comp,2100,,Combo,36,,102
7791000055222,Nutrivida Antiacido masticable x30 comp,5250,,,36,/img/demo/prod-3.svg,81
7791000055239,Serenol Té digestivo hierbas serranas x50 comp,6450,,,36,/img/demo/prod-4.svg,
7791000055246,Medifar Melatonina 3mg x50 comp,4300,,,36,,102
7791000055253,Serenol Omega 3 1000mg x60 caps pack x2,21500,,,36,,
7791000055260,Biosol Vitamina C 500mg efervescente x10 comp,2200,,,36,,159
7791000055277,Nutrivida Multivitamínico 50+ x60,22550,45100,Oferta,36,,232
7791000055284,Serenol Lansoprazol 30mg x20 comp,2350,,,36,,234
7791000055291,Medifar Ibuprofeno 600mg,15550,20750,,36,,
7791000055307,Medifar Creatina monohidrato 300g,45550,,,36,,
7791000055314,Serenol Omeprazol 20mg x50 comp,4050,,,36,,74
7791000055321,Medifar Multivitamínico 50+ x60 pack x2,21100,,,36,/img/demo/prod-6.svg,182
7791000055338,Nutrivida Multivitamínico adultos x60 premium,11850,,,36,,118
7791000055345,Medifar Espirulina x90 comp pack x2,55300,,,36,,207
7791000055352,Serenol Crema para dolores musculares 100g x50 comp,7300,,,36,,
7791000055369,Biosol Sales de rehidratación oral,2800,,,36,,0
7791000055376,Medifar Sales de rehidratación oral x50 comp,2750,,,36,,75
7791000055383,Serenol Creatina monohidrato 300g premium,36150,,,36,,
7791000055390,Serenol Té digestivo hierbas serranas x20 comp,9400,,,36,,98
7791000055406,Biosol ZMA x90 caps pack x2,58900,,,36,,
7791000055413,Serenol Ginkgo biloba x60 comp,31350,,,36,,
7791000055420,Serenol Proteína vegetal 750g pack x2,21150,,,36,,
7791000055437,Nutrivida Lansoprazol 30mg x10 comp,8700,,,36,/img/demo/prod-7.svg,175
7791000055444,Biosol Melatonina 3mg,5400,,,36,/img/demo/prod-6.svg,
7791000055451,Serenol Diclofenac gel 60g x30 comp,8800,12550,Oferta,36,,104
7791000055468,Medifar Magnesio 400mg x20 comp,3450,,,36,,244
7791000055475,Biosol Multivitamínico adultos x60 premium,25300,,,36,,172
7791000055482,Nutrivida Espirulina x90 comp,11050,,,36,,
7791000055499,Medifar ZMA x90 caps premium,33700,,,36,,
7791000055505,Nutrivida Spray nasal descongestivo 20ml,1800,,,36,/img/demo/prod-6.svg,
7791000055512,Biosol Antiacido masticable x50 comp,10150,,,36,,32
7791000055529,Serenol Paracetamol 1g x30 comp,4700,,3x2,36,,233
7791000055536,Nutrivida ZMA x90 caps pack x2,37750,,,36,,229
7791000055543,Medifar Aspirina 500mg x10 comp,3900,,,36,,129
7791000055550,Serenol Proteína whey vainilla 1kg sabor neutro,71750,,,36,,
7791000055567,Serenol Ibuprofeno 600mg x50 comp,9050,,,36,,130
7791000055574,Biosol Caramelos de propóleo x50 comp,11950,,,36,,142
7791000055581,Nutrivida Cetirizina 10mg x10 comp,15650,,,36,,235
7791000055598,Biosol Colágeno hidrolizado 300g pack x2,9650,10700,,36,,191
7791000055604,Medifar Ginseng coreano x30 caps sabor neutro,16400,,,36,,123
7791000055611,Biosol Melatonina 3mg x10 comp,2250,,,36,,73
7791000055628,Nutrivida Caseína micelar 900g,12200,,,36,,49
7791000055635,Serenol Aspirina 500mg x30 comp,3600,,,36,,63
7791000055642,Nutrivida Magnesio 400mg,7050,,,36,,
7791000055659,Serenol Creatina monohidrato 300g,27500,,,36,,
7791000055666,Serenol Colágeno hidrolizado 300g premium,47100,,,36,,233
7791000055673,Nutrivida Creatina monohidrato 300g,53350,,,36,/img/demo/prod-4.svg,85
7791000055680,Serenol Multivitamínico adultos x60 sabor neutro,24300,,,36,,
7791000055697,Medifar Hierro + ácido fólico x20 comp,2650,,,36,,
7791000055703,Biosol Proteína whey chocolate 1kg,72300,111250,,36,,61
7791000055710,Serenol Pre-entreno frutos rojos 300g,22450,,,36,,182
7791000055727,Serenol Antiacido masticable x10 comp,2500,,,36,,205
7791000055734,Biosol BCAA 2:1:1 x120 caps pack x2,95350,,,36,,99
7791000055741,Biosol Melatonina 3mg x30 comp,9200,,,36,,
7791000055758,Serenol Spray nasal descongestivo 20ml x20 comp,4600,5100,,36,,
7791000055765,Nutrivida Ibuprofeno 400mg x20 comp,10300,,,36,,
7791000055772,Nutrivida Maca andina en polvo 250g pack x2,90500,,,36,,
7791000055789,Nutrivida Omeprazol 20mg x20 comp,7600,,,36,,43
7791000055796,Biosol Espirulina x90 comp sabor neutro,24350,,,36,,
7791000055802,Serenol Diclofenac gel 60g x20 comp,4800,,3x2,36,,
7791000055819,Serenol Levadura de cerveza 500g pack x2,40100,,,36,,
7791000055826,Nutrivida Ginseng coreano x30 caps,10750,,,36,,174
7791000055833,Serenol Proteína whey chocolate 1kg,22000,,,36,,138
7791000055840,Nutrivida Maca andina en polvo 250g,15500,,,36,,45
7791000055857,Serenol ZMA x90 caps pack x2,55800,,,36,,180
7791000055864,Medifar Proteína vegetal 750g,46600,,,36,,143
7791000055871,Medifar Multivitamínico adultos x60,11500,,,36,,
7791000055888,Biosol Hierro + ácido fólico x50 comp,9250,,3x2,36,,
7791000055895,Medifar Caseína micelar 900g,19950,,,36,,
7791000055901,Medifar Melatonina 3mg x10 comp,3850,,,36,,
7791000055918,Medifar Melatonina 3mg,2550,,,36,,
7791000055925,Nutrivida Coenzima Q10 x30 caps premium,22450,,,36,,222
7791000055932,Medifar Diclofenac gel 60g x20 comp,20850,34750,,36,/img/demo/prod-6.svg,42
7791000055949,Medifar Espirulina x90 comp,27050,,,36,,
7791000055956,Serenol Caramelos de propóleo x30 comp,2900,,,36,,
7791000055963,Serenol Barritas proteicas caja x12,53600,,3x2,36,,
7791000055970,Serenol Maca andina en polvo 250g sabor neutro,15700,,2x1,36,,142
7791000055987,Solarmed Levadura de cerveza 500g pack x2,25000,,,37,/img/demo/prod-2.svg,
7791000055994,Solarmed BCAA 2:1:1 x120 caps sabor neutro,38650,,,37,/img/demo/prod-5.svg,
7791000056007,Solarmed Ginseng coreano x30 caps,24350,,,37,,148
7791000056014,Biofem Maca andina en polvo 250g sabor neutro,12600,18000,,37,,163
7791000056021,Solarmed Ibuprofeno 600mg x10 comp,11250,,,37,,231
7791000056038,Solarmed Spray nasal descongestivo 20ml x10 comp,16300,,,37,/img/demo/prod-1.svg,
7791000056045,Solarmed BCAA 2:1:1 x120 caps pack x2,82750,103450,,37,,
7791000056052,Biofem Caseína micelar 900g sabor neutro,32200,,,37,,93
7791000056069,Biofem Coenzima Q10 x30 caps,9300,,3x2,37,/img/demo/prod-2.svg,
7791000056076,Solarmed Magnesio 400mg x50 comp,12750,,,37,,110
7791000056083,Solarmed Caramelos de propóleo x50 comp,19500,,,37,,239
7791000056090,Solarmed Barritas proteicas caja x12,29950,,,37,,
7791000056106,Biofem Antiacido masticable,2700,,,37,/img/demo/prod-7.svg,185
7791000056113,Solarmed Proteína whey chocolate 1kg pack x2,71300,,,37,,
7791000056120,Solarmed Gotas oftálmicas lubricantes 15ml x10 comp,3750,,,37,,119
7791000056137,Biofem Té digestivo hierbas serranas x50 comp,1850,,,37,/img/demo/prod-6.svg,
7791000056144,Solarmed Loratadina 10mg x30 comp,22600,,,37,,161
7791000056151,Biofem Té digestivo hierbas serranas,1800,,,37,,93
7791000056168,Solarmed Jarabe para la tos adultos 120ml x30 comp,18350,28250,,37,,188
7791000056175,Solarmed Colágeno hidrolizado 300g premium,85700,,,37,,143
7791000056182,Solarmed Ginseng coreano x30 caps sabor neutro,102900,,,37,,146
7791000056199,Solarmed Ibuprofeno 400mg x20 comp,21800,,,37,,
7791000056205,Solarmed Omega 3 1000mg x60 caps pack x2,88150,,,37,,
7791000056212,Solarmed Coenzima Q10 x30 caps pack x2,69250,,,37,,51
7791000056229,Biofem Jarabe para la tos adultos 120ml x10 comp,21550,,,37,/img/demo/prod-1.svg,249
7791000056236,Solarmed Glutamina 300g pack x2,10750,,,37,,
7791000056243,Solarmed Cetirizina 10mg x20 comp,15350,,,37,,
7791000056250,Biofem Levadura de cerveza 500g premium,11000,,3x2,37,,231
7791000056267,Biofem Colágeno hidrolizado 300g premium,11350,,,37,/img/demo/prod-3.svg,156
7791000056274,Biofem Gotas oftálmicas lubricantes 15ml x50 comp,4850,,,37,/img/demo/prod-3.svg,28
7791000056281,Biofem Glutamina 300g,45250,,,37,/img/demo/prod-4.svg,
7791000056298,Solarmed Gotas oftálmicas lubricantes 15ml x30 comp,5950,,,37,,
7791000056304,Solarmed Caseína micelar 900g sabor neutro,59950,,,37,,
7791000056311,Solarmed Omeprazol 20mg x10 comp,3800,,,37,,
7791000056328,Biofem Magnesio 400mg x20 comp,11950,,,37,,199
7791000056335,Biofem Antiacido masticable x20 comp,4300,,,37,,136
7791000056342,Biofem Barritas proteicas caja x12 pack x2,21100,,,37,,
7791000056359,Solarmed Lansoprazol 30mg x20 comp,2750,,Lanzamiento,37,,231
7791000056366,Solarmed Crema para dolores musculares 100g x30 comp,3400,,,37,/img/demo/prod-1.svg,229
7791000056373,Biofem Ginseng coreano x30 caps pack x2,9300,,,37,,
7791000056380,Solarmed Paracetamol 1g x30 comp,4700,,,37,,156
7791000056397,Solarmed Espirulina x90 comp premium,48800,81350,,37,,
7791000056403,Biofem Melatonina 3mg x20 comp,8650,,,37,,
7791000056410,Biofem Espirulina x90 comp,81800,,,37,,48
7791000056427,Solarmed Sales de rehidratación oral x20 comp,9400,,,37,,38
7791000056434,Solarmed BCAA 2:1:1 x120 caps premium,44000,88000,,37,,99
7791000056441,Solarmed Barritas proteicas caja x12 premium,41500,,3x2,37,,
7791000056458,Solarmed Colágeno hidrolizado 300g,59250,,,37,,245
7791000056465,Biofem Pre-entreno frutos rojos 300g pack x2,27950,37250,,37,/img/demo/prod-6.svg,98
7791000056472,Biofem Colágeno hidrolizado 300g sabor neutro,75550,,,37,,102
7791000056489,Biofem Proteína whey vainilla 1kg sabor neutro,24600,,,37,,
7791000056496,Solarmed Multivitamínico adultos x60 premium,10650,,,37,,
7791000056502,Biofem Creatina monohidrato 300g pack x2,50150,,,37,,50
7791000056519,Solarmed Hierro + ácido fólico x50 comp,6050,,,37,,
7791000056526,Solarmed Té digestivo hierbas serranas,7550,,,37,,
7791000056533,Solarmed Antiacido masticable x50 comp,23100,,,37,,
7791000056540,Biofem Caramelos de propóleo x30 comp,2450,,,37,,108
7791000056557,Biofem ZMA x90 caps,18500,,,37,,
7791000056564,Solarmed Espirulina x90 comp pack x2,27750,55500,,37,/img/demo/prod-4.svg,84
7791000056571,Solarmed Sales de rehidratación oral x50 comp,6200,,Combo,37,,
7791000056588,Biofem Omega 3 1000mg x60 caps sabor neutro,21400,,,37,,100
7791000056595,Solarmed Lansoprazol 30mg x10 comp,1850,,,37,,
7791000056601,Biofem Caramelos de propóleo x20 comp,6950,,,37,,185
7791000056618,Biofem Aspirina 500mg x20 comp,4950,,,37,,132
7791000056625,Solarmed Ibuprofeno 600mg x50 comp,9050,,,37,,30
7791000056632,Solarmed Carbón activado x10 comp,14150,23600,,37,,
7791000056649,Solarmed Multivitamínico adultos x60 sabor neutro,9650,,,37,,
7791000056656,Solarmed Jarabe expectorante infantil 120ml,6050,,,37,,233
7791000056663,Solarmed Proteína whey chocolate 1kg sabor neutro,24300,,Combo,37,,240
7791000056670,Solarmed Levadura de cerveza 500g,10950,,,37,,
7791000056687,Biofem Paracetamol 500mg x20 comp,6800,,,37,,
7791000056694,Biofem Melatonina 3mg,2600,,,37,,
7791000056700,Solarmed Levadura de cerveza 500g premium,10750,,,37,,234
7791000056717,Solarmed Melatonina 3mg x50 comp,16350,,,37,,
7791000056724,Biofem Jarabe para la tos adultos 120ml,1850,,,37,,
7791000056731,Biofem Creatina monohidrato 300g,47100,,,37,,
7791000056748,Biofem Coenzima Q10 x30 caps premium,39750,66250,,37,,
7791000056755,Solarmed Gotas oftálmicas lubricantes 15ml x20 comp,10900,,,37,,
7791000056762,Solarmed Complejo B x20 comp,4400,,,37,,188
7791000056779,Solarmed ZMA x90 caps,44850,,2x1,37,,
7791000056786,Biofem Ginkgo biloba x60 comp,62100,,,37,,40
7791000056793,Biofem Glutamina 300g sabor neutro,9500,,,37,,66
7791000056809,Solarmed Ibuprofeno 400mg x50 comp,6400,,,37,,179
7791000056816,Biofem Coenzima Q10 x30 caps sabor neutro,36400,,,37,,117
7791000056823,Biofem Cetirizina 10mg,8400,,,37,,196
7791000056830,Solarmed Jarabe expectorante infantil 120ml x30 comp,6850,,,37,,
7791000056847,Solarmed Ginkgo biloba x60 comp pack x2,22400,,,37,,
7791000056854,Solarmed Diclofenac gel 60g x10 comp,12750,,,37,,67
7791000056861,Biofem Proteína whey vainilla 1kg,13250,20400,,37,,
7791000056878,Solarmed Paracetamol 1g,9600,,,37,,240
7791000056885,Biofem Multivitamínico 50+ x60 premium,12700,15900,Oferta,37,/img/demo/prod-8.svg,
7791000056892,Solarmed Crema para dolores musculares 100g x20 comp,7300,,,37,,54
7791000056908,Biofem Colágeno hidrolizado 300g pack x2,40150,,,37,,
7791000056915,Biofem Ginseng coreano x30 caps,16150,,,37,,
7791000056922,Biofem Carbón activado x50 comp,12750,18200,Oferta,37,,
7791000056939,Solarmed Proteína vegetal 750g sabor neutro,44600,,,37,,
7791000056946,Biofem Jarabe expectorante infantil 120ml x50 comp,6400,8550,,37,/img/demo/prod-5.svg,147
7791000056953,Solarmed Melatonina 3mg x10 comp,7200,,,37,,
7791000056960,Solarmed Caramelos de propóleo,4900,,,37,,56
7791000056977,Biofem Sales de rehidratación oral x30 comp,2450,,,37,,105
7791000056984,Biofem Spray nasal descongestivo 20ml x20 comp,11250,17300,,37,,0
7791000056991,Biofem Aspirina 500mg x50 comp,9950,,,37,,97
7791000057004,Biofem Creatina monohidrato 300g sabor neutro,10200,,,37,/img/demo/prod-2.svg,158
7791000057011,Biofem Vitamina C 500mg efervescente x20 comp,3550,,,37,,
7791000057028,Solarmed Caseína micelar 900g,74750,,,37,,
7791000057035,Solarmed Proteína vegetal 750g premium,31500,,,37,/img/demo/prod-2.svg,
7791000057042,Biofem Omeprazol 20mg x50 comp,2150,2700,,37,,241
7791000057059,Solarmed Glutamina 300g,27900,,,37,/img/demo/prod-7.svg,
7791000057066,Biofem Proteína whey chocolate 1kg,22800,30400,Oferta,37,,
7791000057073,Solarmed Pre-entreno frutos rojos 300g premium,12300,,,37,,215
7791000057080,Solarmed Spray nasal descongestivo 20ml x50 comp,5450,,,37,,
7791000057097,Biofem Spray nasal descongestivo 20ml x10 comp,13800,,,37,,126
7791000057103,Biofem Espirulina x90 comp sabor neutro,69450,,,37,,
7791000057110,Solarmed Paracetamol 500mg x20 comp,14950,,,37,,227
7791000057127,Solarmed Coenzima Q10 x30 caps sabor neutro,14800,,,37,,
7791000057134,Solarmed Proteína vegetal 750g,26900,,,37,,
7791000057141,Biofem Vitamina C 500mg efervescente x10 comp,4150,,,37,,121
7791000057158,Biofem Spray nasal descongestivo 20ml,1950,,,37,,
7791000057165,Biofem Té digestivo hierbas serranas x30 comp,18250,30400,,37,,30
7791000057172,Solarmed Pre-entreno frutos rojos 300g,9750,,,37,,
7791000057189,Solarmed Pre-entreno frutos rojos 300g pack x2,51050,,,37,,227
7791000057196,Solarmed Omega 3 1000mg x60 caps sabor neutro,99950,,,37,,0
7791000057202,Solarmed Complejo B x30 comp,9200,,,37,,
7791000057219,Biofem Lansoprazol 30mg x30 comp,18650,,,37,,
7791000057226,Biofem Maca andina en polvo 250g premium,64950,,,37,/img/demo/prod-1.svg,63
7791000057233,Biofem Proteína whey chocolate 1kg sabor neutro,32400,,Lanzamiento,37,,48
7791000057240,Solarmed Espirulina x90 comp sabor neutro,12950,,,37,,50
7791000057257,Solarmed Antiacido masticable,2000,,,37,,0
7791000057264,Biofem Hierro + ácido fólico x10 comp,4200,,,37,,
7791000057271,Biofem Multivitamínico adultos x60,18150,,,37,,133
7791000057288,Solarmed Caseína micelar 900g pack x2,21050,,,37,,
7791000057295,Solarmed Jarabe para la tos adultos 120ml,10400,,,37,,120
7791000057301,Solarmed Caramelos de propóleo x20 comp,21150,,,37,,
7791000057318,Biofem Hierro + ácido fólico x30 comp,5450,,,37,,
7791000057325,Solarmed Magnesio 400mg x10 comp,4050,,,37,,0
7791000057332,Biofem Magnesio 400mg x30 comp,12200,,2x1,37,,
7791000057349,Biofem Carbón activado x30 comp,17450,,,37,,245
7791000057356,Solarmed Creatina monohidrato 300g premium,63000,,,37,,
7791000057363,Biofem Hierro + ácido fólico x50 comp,24800,,,37,,
7791000057370,Biofem Proteína vegetal 750g pack x2,53000,,,37,,126
7791000057387,Biofem Barritas proteicas caja x12 premium,22500,,,37,,
7791000057394,Biofem Cetirizina 10mg x50 comp,5350,,,37,,180
7791000057400,Biofem Paracetamol 500mg,3400,,,37,,
7791000057417,Solarmed Paracetamol 1g x50 comp,11850,,,37,,
7791000057424,Biofem Gotas oftálmicas lubricantes 15ml,14700,16350,Oferta,37,/img/demo/prod-7.svg,23
7791000057431,Biofem Cetirizina 10mg x30 comp,11300,,,37,,119
7791000057448,Solarmed Carbón activado,2750,,,37,,
7791000057455,Biofem Spray nasal descongestivo 20ml x30 comp,13750,19650,,37,,
7791000057462,Biofem Jarabe expectorante infantil 120ml x10 comp,9600,13700,,37,,
7791000057479,Biofem Ibuprofeno 400mg,2800,,,37,,
7791000057486,Biofem Loratadina 10mg x50 comp,6950,,,37,,127
7791000057493,Solarmed Espirulina x90 comp,76000,,,37,,
7791000057509,Biofem Complejo B x30 comp,11850,14800,,37,,
7791000057516,Biofem Multivitamínico 50+ x60 sabor neutro,78150,,,37,,
7791000057523,Solarmed Multivitamínico 50+ x60 pack x2,40750,,,37,,
7791000057530,Biofem Complejo B x50 comp,13600,20900,,37,,
7791000057547,Biofem Proteína whey vainilla 1kg pack x2,23000,,,37,,233
7791000057554,Biofem Aspirina 500mg x30 comp,18950,,,37,,76
7791000057561,Biofem Paracetamol 1g x50 comp,2000,3350,,37,,41
7791000057578,Solarmed Aspirina 500mg x30 comp,14150,20200,,37,,0
7791000057585,Biofem Omega 3 1000mg x60 caps,55300,,,37,,
7791000057592,Biofem BCAA 2:1:1 x120 caps,30350,,,37,/img/demo/prod-4.svg,
7791000057608,Biofem Gotas oftálmicas lubricantes 15ml x10 comp,2050,,,37,,
7791000057615,Solarmed Cetirizina 10mg,2600,,,37,,161
7791000057622,Biofem Proteína whey chocolate 1kg pack x2,32200,,,37,,250
7791000057639,Biofem Barritas proteicas caja x12 sabor neutro,17250,,,37,,
7791000057646,Solarmed Paracetamol 500mg x30 comp,2300,,,37,,194
7791000057653,Solarmed ZMA x90 caps sabor neutro,92600,,,37,,191
7791000057660,Solarmed Colágeno hidrolizado 300g pack x2,64350,,,37,,193
7791000057677,Solarmed Ibuprofeno 600mg x30 comp,3700,,,37,,20
7791000057684,Biofem Lansoprazol 30mg x10 comp,11150,,,37,,
7791000057691,Biofem Ginkgo biloba x60 comp sabor neutro,13800,,,37,,62
7791000057707,Biofem Ibuprofeno 600mg x10 comp,4850,,,37,,
7791000057714,Biofem Lansoprazol 30mg x50 comp,11800,,,37,,
7791000057721,Solarmed Omeprazol 20mg x30 comp,14600,,,37,,126
7791000057738,Biofem Omeprazol 20mg,7800,,,37,,
7791000057745,Biofem Vitamina C 500mg efervescente x50 comp,2750,,,37,,1
7791000057752,Solarmed Proteína whey vainilla 1kg sabor neutro,90850,,,37,,235
7791000057769,Solarmed Creatina monohidrato 300g sabor neutro,74100,,,37,,105
7791000057776,Solarmed ZMA x90 caps pack x2,57850,72300,,37,,
7791000057783,Biofem Glutamina 300g premium,39300,,,37,,
7791000057790,Biofem Multivitamínico 50+ x60,13800,,,37,,
7791000057806,Biofem Espirulina x90 comp premium,61800,,,37,,
7791000057813,Solarmed Paracetamol 500mg x10 comp,5600,,,37,,40
7791000057820,Biofem Omeprazol 20mg x30 comp,3950,6100,Oferta,37,,
7791000057837,Biofem Lansoprazol 30mg x20 comp,9800,13050,,37,,177
7791000057844,Biofem Multivitamínico adultos x60 sabor neutro,28650,,,37,,
7791000057851,Solarmed Ginseng coreano x30 caps premium,17150,,,37,,20
7791000057868,Solarmed Coenzima Q10 x30 caps,83550,,,37,,
7791000057875,Vidaplen ZMA x90 caps pack x2,21800,43600,,38,,
7791000057882,Vidaplen Creatina monohidrato 300g,30700,,,38,,
7791000057899,Dermaqua Barritas proteicas caja x12 sabor neutro,66100,,,38,,
7791000057905,Dermaqua Jarabe para la tos adultos 120ml x10 comp,12250,,2x1,38,,
7791000057912,Vigorplus Omeprazol 20mg,3250,,,38,,66
7791000057929,Vidaplen Hierro + ácido fólico x20 comp,13000,,,38,,29
7791000057936,Vigorplus Multivitamínico adultos x60,94950,,2x1,38,/img/demo/prod-7.svg,
7791000057943,Dermaqua Pre-entreno frutos rojos 300g premium,90100,,2x1,38,/img/demo/prod-7.svg,85
7791000057950,Dermaqua Caramelos de propóleo x30 comp,10250,,,38,,
7791000057967,Vidaplen Multivitamínico adultos x60 premium,17050,,,38,,
7791000057974,Vigorplus Ginkgo biloba x60 comp sabor neutro,23250,,,38,,46
7791000057981,Vidaplen Ibuprofeno 600mg x10 comp,5350,,,38,,163
7791000057998,Dermaqua Magnesio 400mg x20 comp,9450,,,38,/img/demo/prod-4.svg,233
7791000058001,Vigorplus Carbón activado x50 comp,3350,,,38,,15
7791000058018,Dermaqua BCAA 2:1:1 x120 caps premium,17800,,,38,,134
7791000058025,Vigorplus Diclofenac gel 60g x10 comp,5050,5950,Oferta,38,,
7791000058032,Vidaplen Multivitamínico adultos x60,73300,,,38,/img/demo/prod-8.svg,17
7791000058049,Vidaplen Barritas proteicas caja x12 pack x2,46900,,,38,,92
7791000058056,Vigorplus Omega 3 1000mg x60 caps premium,52850,,,38,,229
7791000058063,Vigorplus ZMA x90 caps sabor neutro,22600,45200,,38,,233
7791000058070,Vigorplus Gotas oftálmicas lubricantes 15ml x30 comp,7550,8900,,38,,188
7791000058087,Vidaplen Magnesio 400mg x20 comp,4150,,,38,,
7791000058094,Vigorplus Magnesio 400mg x20 comp,5200,,,38,,0
7791000058100,Vidaplen Multivitamínico 50+ x60,12850,,,38,,
7791000058117,Vigorplus Jarabe para la tos adultos 120ml x30 comp,2050,,,38,,
7791000058124,Dermaqua Loratadina 10mg x20 comp,17150,,,38,,114
7791000058131,Vigorplus Loratadina 10mg x20 comp,10200,,,38,,
7791000058148,Vidaplen Lansoprazol 30mg x10 comp,6150,,,38,,9
7791000058155,Vigorplus Spray nasal descongestivo 20ml,5100,,,38,,95
7791000058162,Dermaqua Creatina monohidrato 300g pack x2,13500,,,38,,74
7791000058179,Vidaplen Loratadina 10mg x50 comp,15850,,,38,,
7791000058186,Dermaqua Paracetamol 1g x10 comp,1850,,,38,,0
7791000058193,Vigorplus Hierro + ácido fólico x10 comp,9800,,,38,,
7791000058209,Vigorplus Omeprazol 20mg x50 comp,19400,,,38,,146
7791000058216,Vidaplen Barritas proteicas caja x12 sabor neutro,26650,38050,Oferta,38,,
7791000058223,Vigorplus Vitamina C 500mg efervescente x50 comp,4500,,,38,,214
7791000058230,Dermaqua Ibuprofeno 400mg x30 comp,3250,3800,,38,,4
7791000058247,Vigorplus Melatonina 3mg x10 comp,1850,,,38,,23
7791000058254,Vidaplen Crema para dolores musculares 100g x50 comp,6150,,,38,,
7791000058261,Vigorplus Paracetamol 1g,5550,,,38,,
7791000058278,Dermaqua Multivitamínico adultos x60 sabor neutro,17250,,,38,,107
7791000058285,Vigorplus Omeprazol 20mg x20 comp,8700,,,38,,
7791000058292,Dermaqua Vitamina C 500mg efervescente x20 comp,3500,,,38,,
7791000058308,Dermaqua Omega 3 1000mg x60 caps pack x2,78450,,,38,,75
7791000058315,Vigorplus Sales de rehidratación oral,5650,,,38,,
7791000058322,Vidaplen Spray nasal descongestivo 20ml x10 comp,8350,,,38,,3
7791000058339,Vigorplus Barritas proteicas caja x12,18300,,,38,,
7791000058346,Vidaplen Colágeno hidrolizado 300g,50750,,,38,,
7791000058353,Vidaplen Crema para dolores musculares 100g,15200,,2x1,38,,226
7791000058360,Vidaplen Hierro + ácido fólico x50 comp,8900,11150,,38,,
7791000058377,Vigorplus Espirulina x90 comp premium,9200,,,38,,
7791000058384,Vidaplen Omeprazol 20mg x50 comp,4550,,,38,/img/demo/prod-6.svg,89
7791000058391,Vigorplus Cetirizina 10mg x20 comp,1850,,,38,,36
7791000058407,Vidaplen Ginseng coreano x30 caps sabor neutro,21000,,,38,,
7791000058414,Vigorplus Aspirina 500mg x30 comp,10150,,2x1,38,,
7791000058421,Dermaqua Pre-entreno frutos rojos 300g sabor neutro,36100,,2x1,38,,
7791000058438,Vigorplus Levadura de cerveza 500g premium,34050,,,38,,0
7791000058445,Dermaqua Colágeno hidrolizado 300g pack x2,18900,22250,Oferta,38,,0
7791000058452,Dermaqua Té digestivo hierbas serranas x30 comp,2100,2450,Oferta,38,,
7791000058469,Vidaplen Proteína whey chocolate 1kg,41100,,,38,,41
7791000058476,Vidaplen Gotas oftálmicas lubricantes 15ml x20 comp,15000,,,38,,148
7791000058483,Vidaplen Crema para dolores musculares 100g x10 comp,2300,,,38,,
7791000058490,Vidaplen Jarabe expectorante infantil 120ml x10 comp,27450,,,38,,
7791000058506,Vidaplen Caramelos de propóleo x30 comp,12850,,,38,,
7791000058513,Vigorplus Magnesio 400mg x30 comp,20900,,Combo,38,,240
7791000058520,Dermaqua Maca andina en polvo 250g,9100,,,38,,14
7791000058537,Vigorplus Caseína micelar 900g premium,24700,,,38,,233
7791000058544,Vigorplus BCAA 2:1:1 x120 caps premium,24300,,,38,,
7791000058551,Dermaqua Diclofenac gel 60g x10 comp,6600,,,38,,
7791000058568,Vigorplus Multivitamínico adultos x60 premium,73050,,,38,,
7791000058575,Vidaplen Omeprazol 20mg x10 comp,4650,,,38,/img/demo/prod-5.svg,
7791000058582,Vigorplus Aspirina 500mg x50 comp,23900,,,38,,
7791000058599,Vigorplus Crema para dolores musculares 100g,21700,,,38,,147
7791000058605,Vidaplen Coenzima Q10 x30 caps sabor neutro,34300,,,38,,
7791000058612,Vidaplen Barritas proteicas caja x12 premium,19450,,,38,,222
7791000058629,Vidaplen Ibuprofeno 600mg,2650,,,38,,119
7791000058636,Vigorplus Proteína vegetal 750g sabor neutro,27650,,,38,,
7791000058643,Vigorplus Proteína whey chocolate 1kg premium,54500,,,38,,244
7791000058650,Vigorplus Antiacido masticable x10 comp,15700,20950,,38,,203
7791000058667,Vigorplus Sales de rehidratación oral x30 comp,5950,,,38,,
7791000058674,Dermaqua Loratadina 10mg,12250,,,38,,
7791000058681,Vigorplus Caseína micelar 900g sabor neutro,21950,,,38,,
7791000058698,Vigorplus Pre-entreno frutos rojos 300g pack x2,85750,,,38,,27
7791000058704,Vigorplus Maca andina en polvo 250g premium,10200,,,38,,
7791000058711,Vigorplus Proteína whey vainilla 1kg premium,35250,,,38,,
7791000058728,Vigorplus Omeprazol 20mg x10 comp,12000,24000,Oferta,38,/img/demo/prod-1.svg,
7791000058735,Vigorplus Carbón activado x30 comp,2150,,,38,,
7791000058742,Vigorplus Colágeno hidrolizado 300g,12850,,2x1,38,,200
7791000058759,Vidaplen Proteína whey chocolate 1kg sabor neutro,10650,,,38,,182
7791000058766,Vidaplen Proteína vegetal 750g sabor neutro,14650,,Combo,38,,
7791000058773,Dermaqua Vitamina C 500mg efervescente,2900,,,38,,226
7791000058780,Dermaqua Spray nasal descongestivo 20ml x10 comp,1950,,,38,,64
7791000058797,Dermaqua Omeprazol 20mg,1950,3250,Oferta,38,,
7791000058803,Vidaplen Diclofenac gel 60g x10 comp,2100,,,38,,
7791000058810,Dermaqua Colágeno hidrolizado 300g,24700,,,38,,
7791000058827,Vigorplus Proteína whey chocolate 1kg sabor neutro,63550,,,38,,220
7791000058834,Vidaplen Ginseng coreano x30 caps pack x2,13750,,,38,/img/demo/prod-4.svg,189
7791000058841,Vigorplus Glutamina 300g,20900,,,38,,216
7791000058858,Vigorplus Caramelos de propóleo x10 comp,4350,8700,,38,/img/demo/prod-3.svg,20
7791000058865,Vigorplus Proteína whey chocolate 1kg pack x2,57950,,,38,,114
7791000058872,Vigorplus Ginseng coreano x30 caps sabor neutro,15250,,,38,,
7791000058889,Dermaqua BCAA 2:1:1 x120 caps,27150,,,38,,
7791000058896,Vigorplus Ibuprofeno 600mg x30 comp,15500,,,38,,
7791000058902,Dermaqua Espirulina x90 comp premium,95100,,,38,,8
7791000058919,Vidaplen Creatina monohidrato 300g premium,21200,32600,,38,,
7791000058926,Dermaqua Complejo B x30 comp,7000,,,38,,75
7791000058933,Vigorplus Colágeno hidrolizado 300g premium,72150,,,38,,168
7791000058940,Vigorplus Caramelos de propóleo x20 comp,9750,,,38,,
7791000058957,Vigorplus Diclofenac gel 60g,2000,,,38,,198
7791000058964,Vigorplus Crema para dolores musculares 100g x10 comp,6150,,,38,/img/demo/prod-5.svg,0
7791000058971,Vigorplus Caseína micelar 900g pack x2,48200,,,38,,
7791000058988,Vidaplen Caseína micelar 900g pack x2,44800,,,38,,
7791000058995,Vidaplen Maca andina en polvo 250g,20000,30750,Oferta,38,,199
7791000059008,Dermaqua Proteína vegetal 750g pack x2,45450,,,38,/img/demo/prod-6.svg,151
7791000059015,Vigorplus Paracetamol 500mg,11000,12200,Oferta,38,/img/demo/prod-3.svg,8
7791000059022,Vigorplus Ginkgo biloba x60 comp,32800,,,38,,15
7791000059039,Dermaqua Omega 3 1000mg x60 caps premium,19600,30150,,38,/img/demo/prod-7.svg,167
7791000059046,Vigorplus Jarabe expectorante infantil 120ml x20 comp,5450,,,38,,
7791000059053,Dermaqua Crema para dolores musculares 100g x10 comp,3100,,,38,,
7791000059060,Dermaqua Melatonina 3mg x30 comp,4900,,,38,/img/demo/prod-2.svg,
7791000059077,Vigorplus Jarabe para la tos adultos 120ml,14450,,,38,,
7791000059084,Vidaplen Coenzima Q10 x30 caps,63350,,,38,,225
7791000059091,Vigorplus Coenzima Q10 x30 caps,93250,,,38,,
7791000059107,Vigorplus Crema para dolores musculares 100g x30 comp,3150,,,38,,9
7791000059114,Vidaplen Carbón activado,9600,12800,,38,,
7791000059121,Vigorplus Melatonina 3mg,9400,,,38,/img/demo/prod-6.svg,226
7791000059138,Vidaplen Maca andina en polvo 250g premium,45750,53800,,38,,186
7791000059145,Vidaplen Complejo B x30 comp,3600,,,38,,63
7791000059152,Dermaqua Ibuprofeno 600mg x10 comp,16450,,,38,,48
7791000059169,Vidaplen Jarabe expectorante infantil 120ml,5500,,,38,,85
7791000059176,Dermaqua Maca andina en polvo 250g sabor neutro,10150,,,38,,
7791000059183,Vigorplus Spray nasal descongestivo 20ml x10 comp,16900,19900,Oferta,38,,246
7791000059190,Vigorplus Paracetamol 1g x10 comp,7800,,,38,/img/demo/prod-6.svg,66
7791000059206,Vigorplus Paracetamol 500mg x30 comp,7900,,,38,,93
7791000059213,Vigorplus Crema para dolores musculares 100g x50 comp,4350,,,38,,
7791000059220,Vigorplus Paracetamol 500mg x10 comp,10000,,,38,,
7791000059237,Dermaqua Coenzima Q10 x30 caps pack x2,84900,,,38,,
7791000059244,Dermaqua Jarabe para la tos adultos 120ml x30 comp,4750,,,38,,
7791000059251,Dermaqua Vitamina C 500mg efervescente x10 comp,7950,,,38,,0
7791000059268,Vigorplus Coenzima Q10 x30 caps sabor neutro,13300,,Lanzamiento,38,,
7791000059275,Vidaplen Pre-entreno frutos rojos 300g sabor neutro,63700,79650,,38,,122
7791000059282,Vigorplus Maca andina en polvo 250g,49700,,,38,,
7791000059299,Vigorplus Espirulina x90 comp pack x2,56750,94600,,38,,
7791000059305,Dermaqua Espirulina x90 comp,36150,,,38,,99
7791000059312,Dermaqua Ibuprofeno 600mg,1900,2250,,38,,
7791000059329,Vigorplus Levadura de cerveza 500g pack x2,23300,,,38,/img/demo/prod-4.svg,130
7791000059336,Vigorplus Loratadina 10mg x30 comp,2850,,,38,,
7791000059343,Vigorplus Magnesio 400mg,12250,,,38,,
7791000059350,Vidaplen Proteína vegetal 750g premium,14500,18150,,38,,
7791000059367,Vidaplen Antiacido masticable,4200,,,38,,
7791000059374,Vigorplus Jarabe para la tos adultos 120ml x50 comp,4900,,,38,,245
7791000059381,Vidaplen Paracetamol 500mg,24000,,,38,,1
7791000059398,Vigorplus Ibuprofeno 400mg,2050,,,38,/img/demo/prod-1.svg,16
7791000059404,Vigorplus Glutamina 300g sabor neutro,20650,,,38,,
7791000059411,Vigorplus Ginseng coreano x30 caps premium,16500,,,38,,193
7791000059428,Sanix Ibuprofeno 400mg,2500,,,39,,201
7791000059435,Activlife Carbón activado x30 comp,8950,,,39,,100
7791000059442,Fortex Jarabe expectorante infantil 120ml x20 comp,1800,,,39,/img/demo/prod-8.svg,
7791000059459,Sanix Glutamina 300g,9150,,,39,,123
7791000059466,Vitalfar Paracetamol 500mg x30 comp,2550,,,39,,159
7791000059473,Vitalfar Coenzima Q10 x30 caps pack x2,46050,,,39,,
7791000059480,Sanix ZMA x90 caps,24750,41250,,39,,66
7791000059497,Activlife Ginseng coreano x30 caps sabor neutro,11950,,,39,,
7791000059503,Activlife Cetirizina 10mg x10 comp,2350,,,39,/img/demo/prod-2.svg,
7791000059510,Activlife Hierro + ácido fólico,4050,,,39,/img/demo/prod-2.svg,
7791000059527,Activlife ZMA x90 caps premium,89500,,,39,,0
7791000059534,Vitalfar ZMA x90 caps,15950,,,39,,
7791000059541,Fortex Cetirizina 10mg,7950,,,39,,
7791000059558,Activlife Loratadina 10mg x50 comp,18750,,,39,/img/demo/prod-3.svg,
7791000059565,Activlife Levadura de cerveza 500g pack x2,41350,,,39,,49
7791000059572,Sanix ZMA x90 caps sabor neutro,9450,,,39,,
7791000059589,Activlife Levadura de cerveza 500g premium,10900,,,39,,1
7791000059596,Fortex Jarabe para la tos adultos 120ml x10 comp,2800,,Lanzamiento,39,/img/demo/prod-1.svg,9
7791000059602,Activlife Levadura de cerveza 500g sabor neutro,44250,,,39,,
7791000059619,Activlife Caseína micelar 900g,10700,16450,,39,/img/demo/prod-5.svg,
7791000059626,Fortex Ginkgo biloba x60 comp sabor neutro,83950,,,39,,
7791000059633,Activlife Aspirina 500mg x30 comp,2900,,,39,,
7791000059640,Vitalfar Jarabe expectorante infantil 120ml,4550,,,39,,210
7791000059657,Sanix Colágeno hidrolizado 300g premium,9850,,,39,,
7791000059664,Activlife Melatonina 3mg x10 comp,4800,,,39,,176
7791000059671,Sanix Caseína micelar 900g sabor neutro,36550,,,39,,105
7791000059688,Sanix Hierro + ácido fólico,4900,,2x1,39,,220
7791000059695,Sanix Pre-entreno frutos rojos 300g pack x2,21000,,,39,/img/demo/prod-6.svg,
7791000059701,Fortex Vitamina C 500mg efervescente x30 comp,5100,,,39,/img/demo/prod-4.svg,
7791000059718,Activlife Ibuprofeno 600mg x50 comp,7500,,,39,,
7791000059725,Vitalfar BCAA 2:1:1 x120 caps pack x2,19900,22100,,39,,
7791000059732,Fortex Colágeno hidrolizado 300g sabor neutro,35100,,,39,,17
7791000059749,Sanix Omeprazol 20mg x50 comp,7050,,,39,,
7791000059756,Sanix Coenzima Q10 x30 caps,39650,,,39,,205
7791000059763,Vitalfar Hierro + ácido fólico x30 comp,6400,,,39,,238
7791000059770,Fortex Melatonina 3mg x50 comp,11100,,,39,,81
7791000059787,Sanix Paracetamol 1g x10 comp,1950,,,39,,37
7791000059794,Vitalfar Jarabe para la tos adultos 120ml x10 comp,8750,,,39,,
7791000059800,Vitalfar Carbón activado,7350,,,39,,26
7791000059817,Activlife Espirulina x90 comp premium,10800,,Lanzamiento,39,,18
7791000059824,Vitalfar Ginseng coreano x30 caps premium,35700,,,39,,136
7791000059831,Activlife Proteína vegetal 750g pack x2,37200,,,39,,
7791000059848,Sanix Ginseng coreano x30 caps,14500,,,39,,
7791000059855,Vitalfar Multivitamínico 50+ x60 premium,18800,,,39,,38
7791000059862,Sanix Magnesio 400mg x50 comp,2700,,,39,,
7791000059879,Vitalfar Caseína micelar 900g,29200,,,39,,
7791000059886,Fortex Barritas proteicas caja x12,22900,26950,,39,,
7791000059893,Fortex Cetirizina 10mg x30 comp,6800,,,39,,
7791000059909,Fortex Hierro + ácido fólico x50 comp,2650,,,39,,
7791000059916,Activlife Caramelos de propóleo x10 comp,8200,,,39,,38
7791000059923,Fortex Coenzima Q10 x30 caps premium,31650,,,39,/img/demo/prod-7.svg,109
7791000059930,Activlife Ginseng coreano x30 caps,15900,,,39,,
7791000059947,Sanix Paracetamol 500mg x20 comp,15700,,,39,,149
7791000059954,Sanix Jarabe expectorante infantil 120ml x50 comp,6350,7050,,39,,62
7791000059961,Fortex Omega 3 1000mg x60 caps premium,15350,,,39,,231
7791000059978,Vitalfar Proteína whey chocolate 1kg pack x2,28300,,,39,,
7791000059985,Vitalfar Caseína micelar 900g pack x2,62100,,,39,,93
7791000059992,Fortex Caramelos de propóleo,2850,,,39,/img/demo/prod-1.svg,
7791000060004,Activlife Vitamina C 500mg efervescente x30 comp,12050,20100,,39,,0
7791000060011,Sanix Carbón activado,16900,21150,,39,,153
7791000060028,Sanix Espirulina x90 comp premium,64700,,,39,,201
7791000060035,Activlife Barritas proteicas caja x12 pack x2,15600,,,39,,206
7791000060042,Fortex Lansoprazol 30mg,13950,,,39,,
7791000060059,Sanix Creatina monohidrato 300g pack x2,18450,,,39,,151
7791000060066,Fortex BCAA 2:1:1 x120 caps premium,79400,,,39,,
7791000060073,Fortex Jarabe para la tos adultos 120ml x30 comp,4650,,,39,,190
7791000060080,Sanix Coenzima Q10 x30 caps sabor neutro,18100,,,39,,99
7791000060097,Sanix Proteína vegetal 750g,12000,,,39,,
7791000060103,Fortex Colágeno hidrolizado 300g premium,19150,31900,,39,/img/demo/prod-6.svg,
7791000060110,Vitalfar Creatina monohidrato 300g,45550,,,39,,
7791000060127,Vitalfar Jarabe expectorante infantil 120ml x30 comp,19450,,,39,,99
7791000060134,Vitalfar Multivitamínico adultos x60,73950,82150,,39,,40
7791000060141,Sanix Lansoprazol 30mg x50 comp,11800,,,39,,152
7791000060158,Activlife Proteína whey vainilla 1kg premium,45150,,,39,,
7791000060165,Activlife Colágeno hidrolizado 300g sabor neutro,17250,,,39,,
7791000060172,Fortex Ginkgo biloba x60 comp premium,98300,,,39,/img/demo/prod-2.svg,25
7791000060189,Activlife Multivitamínico adultos x60,12950,,,39,,0
7791000060196,Vitalfar Proteína whey vainilla 1kg pack x2,9900,,,39,,240
7791000060202,Fortex Multivitamínico adultos x60,22300,,,39,,186
7791000060219,Fortex Omeprazol 20mg,2900,,,39,/img/demo/prod-8.svg,
7791000060226,Activlife Levadura de cerveza 500g,38200,,,39,,
7791000060233,Vitalfar Sales de rehidratación oral x30 comp,2000,,,39,,133
7791000060240,Sanix Spray nasal descongestivo 20ml x50 comp,8250,,,39,,
7791000060257,Sanix Vitamina C 500mg efervescente x10 comp,8700,,,39,,
7791000060264,Fortex Lansoprazol 30mg x50 comp,14050,23400,,39,,105
7791000060271,Vitalfar Vitamina C 500mg efervescente x10 comp,11250,,,39,,
7791000060288,Activlife Omeprazol 20mg,2800,,,39,,
7791000060295,Fortex Barritas proteicas caja x12 sabor neutro,42350,,,39,,
7791000060301,Vitalfar Omeprazol 20mg x20 comp,5600,,,39,,
7791000060318,Fortex Jarabe para la tos adultos 120ml x50 comp,12850,14300,,39,,
7791000060325,Sanix Diclofenac gel 60g x30 comp,15450,,,39,,3
7791000060332,Sanix Pre-entreno frutos rojos 300g sabor neutro,9800,,,39,,0
7791000060349,Sanix Caseína micelar 900g pack x2,17350,,Lanzamiento,39,,159
7791000060356,Activlife Gotas oftálmicas lubricantes 15ml,9950,,,39,,
7791000060363,Vitalfar Omega 3 1000mg x60 caps sabor neutro,50600,72300,,39,,238
7791000060370,Fortex Ibuprofeno 400mg,7100,,,39,,
7791000060387,Activlife Barritas proteicas caja x12 premium,73850,,,39,,
7791000060394,Vitalfar Paracetamol 500mg,5050,,,39,/img/demo/prod-7.svg,
7791000060400,Fortex Cetirizina 10mg x10 comp,14450,,,39,,178
7791000060417,Sanix Proteína vegetal 750g pack x2,69900,,,39,,
7791000060424,Sanix Espirulina x90 comp,16250,,,39,/img/demo/prod-2.svg,
7791000060431,Activlife Ginkgo biloba x60 comp pack x2,86500,,,39,,3
7791000060448,Fortex Ginseng coreano x30 caps pack x2,10200,,Combo,39,,196
7791000060455,Fortex Vitamina C 500mg efervescente x50 comp,2250,,,39,/img/demo/prod-8.svg,57
7791000060462,Fortex Proteína whey chocolate 1kg premium,11800,16850,Oferta,39,,
7791000060479,Activlife Paracetamol 1g x50 comp,8350,,,39,,90
7791000060486,Activlife Cetirizina 10mg,7300,,,39,,3
7791000060493,Vitalfar Antiacido masticable x50 comp,2150,3300,,39,,
7791000060509,Vitalfar ZMA x90 caps sabor neutro,10750,,,39,,
7791000060516,Sanix Multivitamínico adultos x60 sabor neutro,32500,40650,,39,,164
7791000060523,Sanix Caramelos de propóleo x30 comp,11800,,,39,,
7791000060530,Vitalfar Maca andina en polvo 250g,13100,,,39,,
7791000060547,Sanix Ibuprofeno 600mg x20 comp,6650,,,39,,
7791000060554,Activlife Jarabe para la tos adultos 120ml x10 comp,4350,,,39,,
7791000060561,Activlife Proteína whey chocolate 1kg sabor neutro,38000,,,39,,124
7791000060578,Vitalfar Aspirina 500mg x10 comp,9750,,,39,,73
7791000060585,Vitalfar Pre-entreno frutos rojos 300g sabor neutro,35350,,,39,,40
7791000060592,Fortex Vitamina C 500mg efervescente x20 comp,21000,28000,,39,,
7791000060608,Vitalfar Sales de rehidratación oral x50 comp,16400,27350,,39,,0
7791000060615,Vitalfar Diclofenac gel 60g,17300,,,39,,
7791000060622,Activlife Carbón activado x50 comp,1900,3150,Oferta,39,,237
7791000060639,Vitalfar Caseína micelar 900g premium,40300,,,39,,166
7791000060646,Sanix Ibuprofeno 400mg x10 comp,17500,,,39,,
7791000060653,Vitalfar Aspirina 500mg,6250,6950,,39,,69
7791000060660,Activlife Espirulina x90 comp pack x2,97000,149250,,39,,
7791000060677,Fortex Ginseng coreano x30 caps premium,36300,,,39,,186
7791000060684,Activlife Creatina monohidrato 300g premium,18750,,,39,,
7791000060691,Activlife Proteína whey chocolate 1kg premium,14350,,,39,,
7791000060707,Fortex Jarabe expectorante infantil 120ml x30 comp,9550,,,39,,
7791000060714,Activlife Omega 3 1000mg x60 caps,39500,,,39,,
7791000060721,Vitalfar Aspirina 500mg x20 comp,22150,34100,,39,,49
7791000060738,Vitalfar Magnesio 400mg x10 comp,2550,,,39,,
7791000060745,Activlife Maca andina en polvo 250g pack x2,62250,,,39,,
7791000060752,Fortex Colágeno hidrolizado 300g pack x2,66950,,,39,,80
7791000060769,Sanix Vitamina C 500mg efervescente,4200,,,39,,
7791000060776,Vitalfar Caramelos de propóleo x30 comp,5950,,,39,/img/demo/prod-7.svg,190
7791000060783,Activlife Loratadina 10mg x20 comp,2950,,,39,,
7791000060790,Sanix Maca andina en polvo 250g,97700,,2x1,39,,198
7791000060806,Vitalfar Vitamina C 500mg efervescente x50 comp,24150,28400,,39,/img/demo/prod-3.svg,242
7791000060813,Activlife Melatonina 3mg x30 comp,16400,,,39,,
7791000060820,Activlife Multivitamínico 50+ x60 sabor neutro,18450,,,39,,
7791000060837,Fortex Pre-entreno frutos rojos 300g,20400,,,39,,
7791000060844,Fortex Caseína micelar 900g premium,22200,,,39,,
7791000060851,Activlife Sales de rehidratación oral x10 comp,4600,,,39,,127
7791000060868,Vitalfar Multivitamínico 50+ x60 sabor neutro,19800,23300,,39,,
7791000060875,Vitalfar Té digestivo hierbas serranas x50 comp,12600,,,39,,0
7791000060882,Activlife Multivitamínico 50+ x60 premium,17700,,,39,,
7791000060899,Sanix Lansoprazol 30mg x30 comp,16450,,,39,,129
7791000060905,Activlife Jarabe para la tos adultos 120ml x20 comp,15800,,,39,,30
7791000060912,Vitalfar Omega 3 1000mg x60 caps pack x2,11750,,,39,,26
7791000060929,Activlife Ginkgo biloba x60 comp sabor neutro,34400,,,39,,
7791000060936,Fortex Proteína whey vainilla 1kg premium,28000,35000,,39,,
7791000060943,Sanix Melatonina 3mg,7500,,,39,,28
7791000060950,Activlife Coenzima Q10 x30 caps,84400,,,39,,26
7791000060967,Vitalfar Complejo B x30 comp,2550,,,39,,79
7791000060974,Vitalfar Levadura de cerveza 500g sabor neutro,55950,111900,Oferta,39,,
7791000060981,Fortex Complejo B,2000,,Combo,39,,
7791000060998,Vitalfar Coenzima Q10 x30 caps premium,79150,,,39,,123
7791000061001,Sanix ZMA x90 caps premium,32600,,,39,,74
7791000061018,Vitalfar Colágeno hidrolizado 300g,18200,,,39,,82
7791000061025,Activlife Carbón activado,19850,,,39,,
7791000061032,Sanix Creatina monohidrato 300g premium,11850,,,39,,201
7791000061049,Vitalfar Gotas oftálmicas lubricantes 15ml,2450,,,39,,98
7791000061056,Sanix Proteína vegetal 750g sabor neutro,26550,,,39,,
7791000061063,Fortex Carbón activado,21300,,,39,/img/demo/prod-7.svg,118
7791000061070,Activlife Jarabe expectorante infantil 120ml x50 comp,23000,38350,,39,,144
7791000061087,Activlife ZMA x90 caps pack x2,86350,,3x2,39,,
7791000061094,Vitalfar Magnesio 400mg x30 comp,3050,6100,Oferta,39,,2
7791000061100,Activlife Pre-entreno frutos rojos 300g premium,58550,,,39,,
7791000061117,Sanix Ginseng coreano x30 caps premium,62950,,,39,,223
7791000061124,Fortex Paracetamol 500mg x30 comp,13150,,,39,,
7791000061131,Fortex Multivitamínico adultos x60 premium,105100,,,39,/img/demo/prod-5.svg,103
7791000061148,Sanix Maca andina en polvo 250g pack x2,21500,,,39,,114
7791000061155,Dermaqua Omeprazol 20mg x20 comp,15250,17950,,40,/img/demo/prod-4.svg,136
7791000061162,Nutrimax Lansoprazol 30mg x30 comp,3550,,Combo,40,,39
7791000061179,Nutrimax Omega 3 1000mg x60 caps pack x2,11250,,,40,,186
7791000061186,Farmax Ibuprofeno 600mg,4450,5550,,40,,
7791000061193,Farmax Maca andina en polvo 250g,25200,38750,,40,,
7791000061209,Farmax Ginseng coreano x30 caps premium,19600,,,40,,158
7791000061216,Aquavital Barritas proteicas caja x12 pack x2,20300,,,40,,
7791000061223,Nutrimax Levadura de cerveza 500g premium,14500,,,40,,71
7791000061230,Dermaqua Omega 3 1000mg x60 caps pack x2,22750,,,40,/img/demo/prod-6.svg,
7791000061247,Aquavital BCAA 2:1:1 x120 caps sabor neutro,12550,,,40,,
7791000061254,Farmax Diclofenac gel 60g,2100,,,40,,232
7791000061261,Farmax Crema para dolores musculares 100g,2850,,,40,,
7791000061278,Aquavital Multivitamínico adultos x60,13300,,,40,,
7791000061285,Dermaqua Colágeno hidrolizado 300g premium,46650,,,40,,
7791000061292,Dermaqua Caramelos de propóleo x10 comp,1850,,,40,,
7791000061308,Farmax Paracetamol 1g x50 comp,2200,,3x2,40,,25
7791000061315,Aquavital Colágeno hidrolizado 300g pack x2,29500,,Lanzamiento,40,,
7791000061322,Aquavital Coenzima Q10 x30 caps,14750,,Lanzamiento,40,,99
7791000061339,Dermaqua Ginkgo biloba x60 comp sabor neutro,12000,,,40,,144
7791000061346,Farmax Proteína vegetal 750g sabor neutro,32850,,,40,,
7791000061353,Nutrimax Melatonina 3mg x50 comp,10200,,Combo,40,,146
7791000061360,Farmax Creatina monohidrato 300g premium,24800,,,40,,
7791000061377,Dermaqua Sales de rehidratación oral x50 comp,18750,,,40,,
7791000061384,Aquavital Proteína whey chocolate 1kg,30650,,,40,,54
7791000061391,Nutrimax Ginseng coreano x30 caps pack x2,27200,,,40,,
7791000061407,Aquavital Melatonina 3mg x10 comp,5100,,,40,,180
7791000061414,Aquavital Carbón activado x20 comp,18150,30250,,40,,
7791000061421,Farmax Maca andina en polvo 250g pack x2,48050,,,40,,30
7791000061438,Dermaqua Proteína whey vainilla 1kg premium,56000,,,40,,
7791000061445,Aquavital Pre-entreno frutos rojos 300g sabor neutro,47100,,,40,,
7791000061452,Farmax Barritas proteicas caja x12,20500,,,40,,
7791000061469,Nutrimax Maca andina en polvo 250g premium,67450,,,40,/img/demo/prod-3.svg,209
7791000061476,Aquavital ZMA x90 caps pack x2,16600,,Combo,40,,71
7791000061483,Nutrimax Ibuprofeno 400mg x30 comp,3150,,,40,,
7791000061490,Farmax Proteína whey chocolate 1kg sabor neutro,11400,,,40,/img/demo/prod-2.svg,
7791000061506,Dermaqua Spray nasal descongestivo 20ml x10 comp,3400,,,40,,3
7791000061513,Nutrimax Ibuprofeno 400mg,7600,,,40,,129
7791000061520,Farmax Levadura de cerveza 500g sabor neutro,14650,,,40,,37
7791000061537,Dermaqua Caseína micelar 900g,25800,,,40,/img/demo/prod-4.svg,
7791000061544,Nutrimax Té digestivo hierbas serranas,2350,,,40,/img/demo/prod-4.svg,29
7791000061551,Dermaqua Pre-entreno frutos rojos 300g sabor neutro,75600,151200,,40,,
7791000061568,Nutrimax ZMA x90 caps,16250,,,40,,178
7791000061575,Dermaqua Creatina monohidrato 300g pack x2,21700,31000,Oferta,40,,49
7791000061582,Aquavital Jarabe expectorante infantil 120ml x20 comp,7850,,,40,,229
7791000061599,Dermaqua Barritas proteicas caja x12 pack x2,26950,,,40,,238
7791000061605,Aquavital Omega 3 1000mg x60 caps sabor neutro,31500,35000,,40,,
7791000061612,Nutrimax Pre-entreno frutos rojos 300g,76600,,,40,,0
7791000061629,Farmax Colágeno hidrolizado 300g premium,20300,,,40,,
7791000061636,Nutrimax Ginkgo biloba x60 comp premium,14800,,,40,/img/demo/prod-1.svg,71
7791000061643,Nutrimax Aspirina 500mg x10 comp,6850,,,40,,
7791000061650,Dermaqua Melatonina 3mg,8750,,,40,,90
7791000061667,Dermaqua Levadura de cerveza 500g pack x2,10650,,,40,,187
7791000061674,Dermaqua Paracetamol 500mg x20 comp,5550,6950,,40,/img/demo/prod-7.svg,
7791000061681,Dermaqua Magnesio 400mg x50 comp,16500,,,40,,
7791000061698,Dermaqua Paracetamol 1g x50 comp,8300,,,40,/img/demo/prod-6.svg,198
7791000061704,Aquavital Glutamina 300g,15000,23100,,40,,
7791000061711,Nutrimax Maca andina en polvo 250g sabor neutro,87650,,,40,,
7791000061728,Farmax Paracetamol 500mg x20 comp,9150,,,40,,
7791000061735,Farmax Carbón activado x50 comp,3600,,,40,,
7791000061742,Dermaqua Jarabe para la tos adultos 120ml,2250,,,40,,
7791000061759,Dermaqua Ginseng coreano x30 caps sabor neutro,67300,,,40,,111
7791000061766,Aquavital Jarabe expectorante infantil 120ml x30 comp,4200,,,40,,124
7791000061773,Aquavital Caramelos de propóleo x50 comp,2100,,,40,,214
7791000061780,Aquavital Hierro + ácido fólico x30 comp,11700,,,40,,
7791000061797,Nutrimax Spray nasal descongestivo 20ml,2050,,,40,,
7791000061803,Dermaqua Spray nasal descongestivo 20ml x30 comp,14700,,,40,,
7791000061810,Dermaqua Multivitamínico adultos x60 pack x2,15500,,,40,,188
7791000061827,Farmax Hierro + ácido fólico x50 comp,7150,,,40,,
7791000061834,Farmax Creatina monohidrato 300g,10300,,,40,,12
7791000061841,Farmax Jarabe para la tos adultos 120ml x30 comp,12700,,,40,,
7791000061858,Dermaqua Crema para dolores musculares 100g,2650,,,40,,0
7791000061865,Farmax ZMA x90 caps premium,21400,,,40,,248
7791000061872,Aquavital Ibuprofeno 600mg x10 comp,14000,,,40,,
7791000061889,Dermaqua Paracetamol 1g,11450,,,40,,
7791000061896,Dermaqua Ginkgo biloba x60 comp,9050,,,40,,119
7791000061902,Dermaqua Coenzima Q10 x30 caps,46400,,,40,,
7791000061919,Nutrimax Caseína micelar 900g pack x2,39800,44200,,40,,
7791000061926,Dermaqua Spray nasal descongestivo 20ml,4700,,,40,,
7791000061933,Farmax Proteína vegetal 750g,18200,,,40,,21
7791000061940,Aquavital Proteína vegetal 750g premium,50250,,,40,,110
7791000061957,Dermaqua Complejo B x20 comp,9000,15000,,40,,
7791000061964,Aquavital Gotas oftálmicas lubricantes 15ml,5900,9100,Oferta,40,,8
7791000061971,Dermaqua Multivitamínico adultos x60 premium,100150,,,40,,92
7791000061988,Dermaqua Paracetamol 1g x10 comp,1850,,,40,,
7791000061995,Dermaqua Carbón activado x10 comp,12900,14350,,40,/img/demo/prod-4.svg,201
7791000062008,Nutrimax Omega 3 1000mg x60 caps premium,68300,,,40,,27
7791000062015,Aquavital Jarabe para la tos adultos 120ml x10 comp,6950,,,40,/img/demo/prod-3.svg,136
7791000062022,Dermaqua Colágeno hidrolizado 300g sabor neutro,99850,,,40,,148
7791000062039,Nutrimax Barritas proteicas caja x12 pack x2,38000,,,40,,104
7791000062046,Aquavital Paracetamol 1g x20 comp,3750,,,40,,
7791000062053,Dermaqua Proteína vegetal 750g sabor neutro,96450,,,40,,197
7791000062060,Farmax Caseína micelar 900g sabor neutro,47050,,,40,,136
7791000062077,Nutrimax Multivitamínico 50+ x60 pack x2,41800,,3x2,40,,200
7791000062084,Aquavital Ibuprofeno 400mg x20 comp,11500,,,40,,
7791000062091,Aquavital Complejo B x30 comp,8450,14100,Oferta,40,,
7791000062107,Nutrimax Coenzima Q10 x30 caps,20650,,,40,/img/demo/prod-5.svg,0
7791000062114,Aquavital Ginkgo biloba x60 comp premium,17450,,,40,,227
7791000062121,Farmax Levadura de cerveza 500g,96150,,,40,,
7791000062138,Dermaqua Multivitamínico 50+ x60 sabor neutro,106700,152450,,40,,
7791000062145,Aquavital Caramelos de propóleo x10 comp,10650,,,40,,72
7791000062152,Farmax Melatonina 3mg x10 comp,9350,,,40,,160
7791000062169,Nutrimax Multivitamínico adultos x60 pack x2,11800,,,40,/img/demo/prod-8.svg,230
7791000062176,Nutrimax Té digestivo hierbas serranas x10 comp,12200,,,40,/img/demo/prod-5.svg,2
7791000062183,Nutrimax Ibuprofeno 400mg x50 comp,8750,,,40,,145
7791000062190,Nutrimax Proteína vegetal 750g premium,43250,,,40,,
7791000062206,Aquavital Gotas oftálmicas lubricantes 15ml x30 comp,6600,,,40,,
7791000062213,Dermaqua Maca andina en polvo 250g pack x2,10650,,,40,,82
7791000062220,Aquavital Espirulina x90 comp pack x2,46200,,,40,,
7791000062237,Aquavital Carbón activado x10 comp,11300,22600,,40,,87
7791000062244,Dermaqua Maca andina en polvo 250g premium,62150,,,40,,218
7791000062251,Farmax Coenzima Q10 x30 caps premium,83500,,,40,,
7791000062268,Aquavital Maca andina en polvo 250g pack x2,16150,,,40,,
7791000062275,Nutrimax Caramelos de propóleo,3700,,,40,,
7791000062282,Aquavital Glutamina 300g sabor neutro,21400,,,40,,198
7791000062299,Aquavital Ginseng coreano x30 caps,16300,,,40,,152
7791000062305,Aquavital BCAA 2:1:1 x120 caps premium,9200,,,40,,138
7791000062312,Nutrimax Barritas proteicas caja x12 sabor neutro,53200,,,40,,195
7791000062329,Nutrimax Lansoprazol 30mg x20 comp,11100,,,40,,
7791000062336,Farmax Magnesio 400mg x50 comp,16050,,,40,,36
7791000062343,Nutrimax Glutamina 300g sabor neutro,82950,,,40,,249
7791000062350,Nutrimax Caseína micelar 900g,11150,17150,Oferta,40,,76
7791000062367,Aquavital Creatina monohidrato 300g premium,16100,,,40,,
7791000062374,Aquavital Espirulina x90 comp sabor neutro,28850,,,40,,
7791000062381,Aquavital Complejo B x50 comp,6350,,,40,,
7791000062398,Farmax Paracetamol 1g x20 comp,4700,,,40,,
7791000062404,Nutrimax Ibuprofeno 600mg x30 comp,2150,,,40,,6
7791000062411,Aquavital Antiacido masticable x20 comp,21350,,,40,/img/demo/prod-6.svg,
7791000062428,Farmax Pre-entreno frutos rojos 300g sabor neutro,37350,74700,Oferta,40,,228
7791000062435,Nutrimax Spray nasal descongestivo 20ml x10 comp,2700,,3x2,40,,
7791000062442,Farmax Carbón activado x10 comp,13450,,,40,,17
7791000062459,Nutrimax Coenzima Q10 x30 caps pack x2,21550,,,40,,161
7791000062466,Nutrimax Ibuprofeno 400mg x20 comp,2950,3300,,40,,115
7791000062473,Farmax Lansoprazol 30mg x30 comp,7250,,,40,,
7791000062480,Farmax Ginkgo biloba x60 comp sabor neutro,18150,,,40,,
7791000062497,Aquavital Ginkgo biloba x60 comp sabor neutro,45100,,,40,,
7791000062503,Aquavital Proteína whey chocolate 1kg sabor neutro,27250,,,40,,
7791000062510,Nutrimax Lansoprazol 30mg,7900,,,40,,88
7791000062527,Dermaqua Hierro + ácido fólico,6850,,,40,,
7791000062534,Dermaqua Pre-entreno frutos rojos 300g,21050,,,40,,
7791000062541,Dermaqua Té digestivo hierbas serranas x20 comp,1900,,,40,,94
7791000062558,Farmax Ibuprofeno 600mg x10 comp,12550,,,40,,
7791000062565,Farmax Glutamina 300g premium,22050,,2x1,40,,159
7791000062572,Aquavital Proteína whey vainilla 1kg pack x2,17100,,,40,,156
7791000062589,Dermaqua Colágeno hidrolizado 300g pack x2,37000,,Combo,40,,204
7791000062596,Aquavital Caseína micelar 900g pack x2,32150,,,40,,5
7791000062602,Farmax Cetirizina 10mg,2350,,,40,,
7791000062619,Dermaqua Maca andina en polvo 250g,18750,,,40,,
7791000062626,Aquavital Vitamina C 500mg efervescente x20 comp,3750,,,40,/img/demo/prod-1.svg,
7791000062633,Aquavital Antiacido masticable x30 comp,11250,,,40,,
7791000062640,Farmax Loratadina 10mg x20 comp,4100,,,40,,
7791000062657,Aquavital Aspirina 500mg,10250,,,40,,126
7791000062664,Aquavital Antiacido masticable x50 comp,14450,,,40,,18
7791000062671,Farmax Glutamina 300g sabor neutro,76650,90200,,40,,
7791000062688,Farmax Paracetamol 500mg x10 comp,8800,,,40,,138
7791000062695,Dermaqua Omeprazol 20mg,21400,,,40,,
7791000062701,Aquavital Té digestivo hierbas serranas,2150,3050,,40,,134
7791000062718,Farmax Ginseng coreano x30 caps,18600,,,40,,
7791000062725,Dermaqua Complejo B x50 comp,5050,,,40,/img/demo/prod-7.svg,97
7791000062732,Dermaqua Melatonina 3mg x20 comp,10300,,,40,,0
7791000062749,Aquavital Glutamina 300g premium,75400,,,40,/img/demo/prod-7.svg,
7791000062756,Aquavital Cetirizina 10mg x30 comp,7650,,,40,,229
7791000062763,Farmax Caseína micelar 900g premium,37550,,,40,,
7791000062770,Farmax Hierro + ácido fólico,4250,,,40,,110
7791000062787,Nutrimax Melatonina 3mg,3750,,,40,,17
7791000062794,Vigorplus Chupete anatómico +6m hipoalergénico,7050,,,41,,132
7791000062800,Vitalfar Jabón líquido 250ml sin perfume,15800,,,41,,
7791000062817,Dermaqua Leche de crecimiento 3 lata 800g pack x2,11650,,,41,/img/demo/prod-1.svg,
7791000062824,Vitalfar Shampoo bebé sin lágrimas 250ml,33400,,,41,,165
7791000062831,Vitalfar Mamadera anticólicos 250ml hipoalergénico,14250,,,41,,
7791000062848,Aquavital Pañales XXG x40 pack x2,38300,,,41,/img/demo/prod-1.svg,116
7791000062855,Dermaqua Pañales XG x44 hipoalergénico,8200,11700,,41,,215
7791000062862,Dermaqua Pasta dental encías 90g manzanilla,3600,6000,,41,,
7791000062879,Vitalfar Pañales XXG x40,14500,,,41,,71
7791000062886,Aquavital Desodorante aerosol 150ml,5850,6500,Oferta,41,,
7791000062893,Dermaqua Pasta dental blanqueadora 90g manzanilla,7900,,,41,,
7791000062909,Vigorplus Shampoo anticaspa 400ml,6150,12300,,41,/img/demo/prod-3.svg,
7791000062916,Vigorplus Pañales XXG x40 hipoalergénico,4150,,,41,,
7791000062923,Vitalfar Hilo dental 50m aloe vera,10500,,,41,,120
7791000062930,Vitalfar Alcohol en gel 250ml manzanilla,6500,,,41,/img/demo/prod-7.svg,
7791000062947,Aquavital Desodorante aerosol 150ml aloe vera,14200,23650,Oferta,41,,
7791000062954,Aquavital Acondicionador 400ml sin perfume,4350,,,41,/img/demo/prod-7.svg,
7791000062961,Dermaqua Alcohol en gel 250ml manzanilla,4650,,,41,,118
7791000062978,Dermaqua Colonia para bebé 100ml,20700,,2x1,41,,20
7791000062985,Vigorplus Pañales P x40 pack x2,15150,,,41,,101
7791000062992,Aquavital Toallitas húmedas bebé x80 hipoalergénico,24150,,,41,,
7791000063005,Vitalfar Enjuague bucal 500ml,11750,,,41,,85
7791000063012,Vitalfar Pañales P x40 pack x2,34800,,,41,,
7791000063029,Vigorplus Pasta dental blanqueadora 90g manzanilla,6200,,,41,,150
7791000063036,Dermaqua Toallas femeninas x16 aloe vera,5450,,,41,,
7791000063043,Vitalfar Shampoo nutrición 400ml aloe vera,10450,,,41,,107
7791000063050,Aquavital Jabón líquido de glicerina bebé 250ml pack x2,32750,,Lanzamiento,41,,
7791000063067,Aquavital Pañales P x40 pack x2,24900,27650,,41,,
7791000063074,Vigorplus Alcohol en gel 250ml,9000,,,41,,66
7791000063081,Dermaqua Chupete anatómico +6m pack x2,14300,,,41,,
7791000063098,Dermaqua Desodorante roll-on 50ml sin perfume,9200,,,41,,
7791000063104,Aquavital Chupete anatómico +6m,16100,,,41,,172
7791000063111,Vitalfar Pasta dental encías 90g manzanilla,4400,,Lanzamiento,41,/img/demo/prod-5.svg,
7791000063128,Dermaqua Óleo calcáreo 200ml hipoalergénico,8450,,Combo,41,,183
7791000063135,Vigorplus Leche de inicio 1 lata 800g hipoalergénico,9000,,,41,,250
7791000063142,Dermaqua Shampoo nutrición 400ml manzanilla,2800,,,41,,75
7791000063159,Vigorplus Toallitas húmedas bebé x80,19950,,,41,,
7791000063166,Dermaqua Jabón líquido de glicerina bebé 250ml,36150,,,41,/img/demo/prod-5.svg,227
7791000063173,Aquavital Jabón líquido 250ml aloe vera,3650,5200,,41,,0
7791000063180,Vigorplus Chupete anatómico 0-6m hipoalergénico,32500,,,41,,
7791000063197,Dermaqua Chupete anatómico 0-6m hipoalergénico,5150,,,41,,
7791000063203,Vigorplus Desodorante roll-on 50ml,3400,,,41,,64
7791000063210,Aquavital Cepillo dental medio x2,2950,,Combo,41,,
7791000063227,Dermaqua Toallitas húmedas bebé x80,20300,,,41,/img/demo/prod-3.svg,
7791000063234,Dermaqua Acondicionador 400ml sin perfume,14700,,,41,,
7791000063241,Vigorplus Shampoo bebé sin lágrimas 250ml pack x2,6450,,,41,/img/demo/prod-1.svg,241
7791000063258,Vitalfar Pañales RN x36,13900,21400,,41,,
7791000063265,Vitalfar Crema para paspaduras 100g,5800,,,41,,96
7791000063272,Dermaqua Jabón líquido 250ml manzanilla,2600,3250,,41,/img/demo/prod-8.svg,26
7791000063289,Dermaqua Protectores diarios x20 sin perfume,2800,4000,,41,,
7791000063296,Vitalfar Pasta dental blanqueadora 90g manzanilla,12400,,,41,,
7791000063302,Dermaqua Pañales G x50 hipoalergénico,22250,,,41,,74
7791000063319,Aquavital Shampoo anticaspa 400ml sin perfume,2600,,,41,,
7791000063326,Dermaqua Acondicionador 400ml manzanilla,9850,,,41,,
7791000063333,Aquavital Talco corporal 100g aloe vera,7400,,,41,,
7791000063340,Vitalfar Termómetro digital pediátrico pack x2,19950,,,41,/img/demo/prod-8.svg,193
7791000063357,Vitalfar Cepillo dental medio x2 manzanilla,7150,,,41,,0
7791000063364,Dermaqua Desodorante aerosol 150ml,2700,,,41,,
7791000063371,Vitalfar Mamadera anticólicos 250ml,6300,,,41,,
7791000063388,Vitalfar Leche de continuación 2 lata 800g pack x2,6500,,,41,,124
7791000063395,Vigorplus Leche de crecimiento 3 lata 800g,31000,,,41,,123
7791000063401,Aquavital Mamadera anticólicos 250ml pack x2,10850,,,41,,35
7791000063418,Vitalfar Toallitas húmedas bebé x80 pack x2,23000,,,41,,
7791000063425,Vigorplus Cepillo dental suave manzanilla,8800,,,41,,
7791000063432,Vitalfar Chupete anatómico +6m hipoalergénico,19950,39900,Oferta,41,,120
7791000063449,Vitalfar Leche de crecimiento 3 lata 800g pack x2,4000,,,41,,
7791000063456,Aquavital Óleo calcáreo 200ml,35050,,,41,,
7791000063463,Aquavital Leche de crecimiento 3 lata 800g,51650,60750,,41,,181
7791000063470,Vigorplus Espuma de afeitar 200ml sin perfume,4900,,,41,,187
7791000063487,Dermaqua Leche de continuación 2 lata 800g pack x2,30350,,,41,,
7791000063494,Aquavital Leche de continuación 2 lata 800g hipoalergénico,44100,,,41,,92
7791000063500,Vigorplus Colonia para bebé 100ml hipoalergénico,28300,,,41,,219
7791000063517,Aquavital Pasta dental encías 90g sin perfume,14500,,,41,,0
7791000063524,Aquavital Pañales RN x36 pack x2,14800,,,41,/img/demo/prod-6.svg,161
7791000063531,Vitalfar Hilo dental 50m,3850,,,41,/img/demo/prod-1.svg,
7791000063548,Vitalfar Termómetro digital pediátrico,8600,,,41,/img/demo/prod-3.svg,125
7791000063555,Dermaqua Shampoo anticaspa 400ml manzanilla,7500,,,41,,6
7791000063562,Dermaqua Cepillo dental suave manzanilla,11650,,,41,,205
7791000063579,Vigorplus Máquina de afeitar x3 aloe vera,5700,,,41,/img/demo/prod-1.svg,
7791000063586,Vitalfar Jabón líquido de glicerina bebé 250ml hipoalergénico,11650,,,41,,22
7791000063593,Vigorplus Máquina de afeitar x3 sin perfume,10850,,,41,,159
7791000063609,Dermaqua Shampoo anticaspa 400ml aloe vera,5950,,,41,,
7791000063616,Vitalfar Shampoo bebé sin lágrimas 250ml pack x2,32000,35550,,41,,163
7791000063623,Vitalfar Shampoo bebé sin lágrimas 250ml hipoalergénico,5800,11600,,41,,
7791000063630,Vigorplus Pañales RN x36 hipoalergénico,18450,,,41,,0
7791000063647,Vitalfar Pañales G x50 pack x2,15200,21700,,41,,14
7791000063654,Vigorplus Cepillo dental medio x2,2850,3800,Oferta,41,,
7791000063661,Dermaqua Leche de inicio 1 lata 800g hipoalergénico,4300,6150,,41,,6
7791000063678,Aquavital Máquina de afeitar x3,4900,,,41,,91
7791000063685,Aquavital Hilo dental 50m,9600,12000,,41,/img/demo/prod-2.svg,0
7791000063692,Vitalfar Pañales G x50,34100,,2x1,41,/img/demo/prod-3.svg,
7791000063708,Vitalfar Jabón de tocador x3,5750,,,41,,
7791000063715,Vigorplus Cepillo dental medio x2 sin perfume,2850,,,41,,
7791000063722,Aquavital Hilo dental 50m aloe vera,6250,8950,Oferta,41,,
7791000063739,Aquavital Pañales M x60,20450,,,41,/img/demo/prod-8.svg,
7791000063746,Vitalfar Jabón de tocador x3 aloe vera,5100,,,41,,225
7791000063753,Dermaqua Crema para paspaduras 100g hipoalergénico,17300,19200,,41,,177
7791000063760,Vitalfar Mamadera anticólicos 250ml pack x2,35200,,,41,,142
7791000063777,Vigorplus Enjuague bucal 500ml,2900,,,41,,233
7791000063784,Vigorplus Shampoo bebé sin lágrimas 250ml,24800,,,41,,184
7791000063791,Vitalfar Aspirador nasal hipoalergénico,5750,,,41,,155
7791000063807,Vigorplus Pasta dental blanqueadora 90g sin perfume,9950,,2x1,41,,
7791000063814,Vigorplus Talco corporal 100g aloe vera,2700,,,41,,54
7791000063821,Aquavital Desodorante roll-on 50ml,9150,,,41,,149
7791000063838,Dermaqua Mamadera anticólicos 250ml hipoalergénico,8500,,,41,,
7791000063845,Aquavital Desodorante roll-on 50ml manzanilla,3150,,,41,,106
7791000063852,Aquavital Jabón de tocador x3 sin perfume,3650,,,41,,209
7791000063869,Vitalfar Pañales M x60,19750,28200,,41,,216
7791000063876,Vigorplus Protectores diarios x20 sin perfume,2600,,,41,,62
7791000063883,Vitalfar Hilo dental 50m sin perfume,6100,6800,,41,,
7791000063890,Dermaqua Termómetro digital pediátrico pack x2,11500,13550,Oferta,41,,19
7791000063906,Dermaqua Enjuague bucal 500ml manzanilla,13200,16500,,41,,
7791000063913,Vitalfar Máquina de afeitar x3 manzanilla,3750,,,41,,192
7791000063920,Vigorplus Colonia para bebé 100ml pack x2,6500,,,41,,151
7791000063937,Vitalfar Leche de crecimiento 3 lata 800g,18100,36200,,41,,
7791000063944,Vigorplus Pasta dental blanqueadora 90g aloe vera,2700,,,41,,
7791000063951,Dermaqua Enjuague bucal 500ml sin perfume,7800,15600,,41,,54
7791000063968,Vitalfar Desodorante aerosol 150ml,17700,,Lanzamiento,41,,
7791000063975,Vigorplus Pañales RN x36,30950,47600,,41,,
7791000063982,Vitalfar Cepillo dental suave sin perfume,5800,,Combo,41,,121
7791000063999,Vigorplus Jabón de tocador x3,6850,,,41,,236
7791000064002,Dermaqua Toallitas húmedas x50 aloe vera,8850,13600,,41,,
7791000064019,Vigorplus Desodorante aerosol 150ml,5900,,,41,,
7791000064026,Vitalfar Desodorante roll-on 50ml,4850,,,41,,171
7791000064033,Vigorplus Chupete anatómico 0-6m pack x2,37700,,,41,/img/demo/prod-3.svg,218
7791000064040,Aquavital Shampoo bebé sin lágrimas 250ml,43100,,,41,,
7791000064057,Dermaqua Hilo dental 50m sin perfume,7700,,,41,,
7791000064064,Vigorplus Hilo dental 50m aloe vera,4900,,,41,,176
7791000064071,Aquavital Leche de inicio 1 lata 800g,30500,,,41,,
7791000064088,Vigorplus Pañales XG x44 pack x2,38450,,,41,/img/demo/prod-8.svg,243
7791000064095,Dermaqua Alcohol en gel 250ml,4650,,,41,,191
7791000064101,Aquavital Mamadera anticólicos 250ml,7950,,,41,,225
7791000064118,Dermaqua Cepillo dental suave sin perfume,13050,,,41,,
7791000064125,Dermaqua Pañales RN x36 pack x2,5650,,,41,,
7791000064132,Dermaqua Espuma de afeitar 200ml manzanilla,14250,,2x1,41,,248
7791000064149,Aquavital Talco corporal 100g,2550,,,41,,174
7791000064156,Dermaqua Crema para paspaduras 100g pack x2,42500,,,41,,
7791000064163,Vigorplus Jabón líquido de glicerina bebé 250ml pack x2,18150,,,41,,2
7791000064170,Vigorplus Pañales M x60 pack x2,5050,,,41,/img/demo/prod-8.svg,157
7791000064187,Vitalfar Cepillo dental medio x2,12750,,,41,,
7791000064194,Dermaqua Cepillo dental medio x2 aloe vera,3750,,,41,,57
7791000064200,Dermaqua Pañales P x40 pack x2,41150,,,41,,114
7791000064217,Aquavital Óleo calcáreo 200ml hipoalergénico,35700,51000,,41,,0
7791000064224,Aquavital Shampoo anticaspa 400ml manzanilla,2600,,,41,,
7791000064231,Dermaqua Pañales M x60,36900,,,41,,14
7791000064248,Vigorplus Leche de crecimiento 3 lata 800g pack x2,23950,31950,,41,/img/demo/prod-5.svg,231
7791000064255,Aquavital Leche de inicio 1 lata 800g pack x2,13600,,,41,,
7791000064262,Vitalfar Shampoo nutrición 400ml,6350,,,41,,
7791000064279,Aquavital Toallas femeninas x16,4000,,,41,,207
7791000064286,Vigorplus Jabón líquido 250ml manzanilla,17800,,,41,,
7791000064293,Vigorplus Acondicionador 400ml manzanilla,4200,,,41,,
7791000064309,Dermaqua Jabón de tocador x3 sin perfume,2550,2850,,41,,
7791000064316,Vitalfar Pasta dental encías 90g,10500,,,41,,
7791000064323,Dermaqua Pañales P x40 hipoalergénico,34750,,,41,,
7791000064330,Vigorplus Toallas femeninas x16 sin perfume,3550,,,41,/img/demo/prod-7.svg,233
7791000064347,Vitalfar Jabón líquido de glicerina bebé 250ml pack x2,30200,,,41,,158
7791000064354,Vigorplus Shampoo anticaspa 400ml aloe vera,2700,,,41,,71
7791000064361,Aquavital Cepillo dental suave,7050,,,41,,
7791000064378,Aquavital Aspirador nasal,15400,,,41,/img/demo/prod-7.svg,171
7791000064385,Dermaqua Termómetro digital pediátrico,4850,,,41,,
7791000064392,Vigorplus Jabón de tocador x3 manzanilla,5000,,,41,,221
7791000064408,Aquavital Jabón de tocador x3 aloe vera,3000,,,41,,
7791000064415,Vigorplus Mamadera anticólicos 250ml hipoalergénico,6350,,,41,,27
7791000064422,Vigorplus Alcohol en gel 250ml sin perfume,3700,,,41,,0
7791000064439,Aquavital Chupete anatómico 0-6m,28300,47150,Oferta,41,,
7791000064446,Nutrivida Cepillo dental medio x2 aloe vera,11100,,3x2,42,,177
7791000064453,Nutrivida Acondicionador 400ml aloe vera,4900,5450,,42,,247
7791000064460,Biofem Toallas femeninas x16 manzanilla,10100,20200,,42,,171
7791000064477,Solarmed Pañales XG x44 hipoalergénico,22300,,,42,/img/demo/prod-3.svg,173
7791000064484,Solarmed Desodorante aerosol 150ml sin perfume,2550,,,42,,0
7791000064491,Solarmed Chupete anatómico 0-6m hipoalergénico,32000,,,42,,1
7791000064507,Nutrivida Pañales P x40 hipoalergénico,9150,,,42,,147
7791000064514,Nutrivida Jabón líquido de glicerina bebé 250ml pack x2,7450,,,42,,
7791000064521,Biofem Shampoo nutrición 400ml aloe vera,9750,,,42,,106
7791000064538,Biofem Toallas femeninas x16 sin perfume,8500,,,42,,146
7791000064545,Biofem Óleo calcáreo 200ml,8650,,,42,,189
7791000064552,Solarmed Pasta dental encías 90g sin perfume,8250,,,42,,
7791000064569,Solarmed Enjuague bucal 500ml manzanilla,11900,,,42,,
7791000064576,Biofem Jabón líquido 250ml aloe vera,3450,,,42,,
7791000064583,Genbio Toallas femeninas x16 sin perfume,5050,,,42,,
7791000064590,Genbio Jabón líquido 250ml sin perfume,10600,,,42,,62
7791000064606,Solarmed Enjuague bucal 500ml sin perfume,15150,17800,,42,,236
7791000064613,Genbio Crema para paspaduras 100g hipoalergénico,8750,,,42,,
7791000064620,Biofem Chupete anatómico +6m,9000,,,42,,0
7791000064637,Nutrivida Pañales P x40 pack x2,4400,,,42,,
7791000064644,Nutrivida Aspirador nasal pack x2,27700,46150,,42,,
7791000064651,Genbio Óleo calcáreo 200ml pack x2,21450,,,42,,201
7791000064668,Nutrivida Cepillo dental suave sin perfume,15700,,,42,,200
7791000064675,Biofem Jabón líquido 250ml,5500,,,42,,
7791000064682,Genbio Colonia para bebé 100ml hipoalergénico,33700,,,42,,0
7791000064699,Nutrivida Espuma de afeitar 200ml sin perfume,4900,,,42,,
7791000064705,Genbio Talco corporal 100g,8800,,,42,,75
7791000064712,Genbio Toallitas húmedas x50,2650,,,42,,55
7791000064729,Biofem Cepillo dental suave manzanilla,11600,,,42,/img/demo/prod-2.svg,89
7791000064736,Nutrivida Desodorante roll-on 50ml sin perfume,13700,27400,,42,,215
7791000064743,Biofem Chupete anatómico +6m hipoalergénico,4550,,,42,/img/demo/prod-5.svg,
7791000064750,Solarmed Jabón líquido de glicerina bebé 250ml hipoalergénico,38650,,,42,,219
7791000064767,Genbio Jabón líquido de glicerina bebé 250ml pack x2,45200,,Lanzamiento,42,,163
7791000064774,Biofem Toallitas húmedas bebé x80 hipoalergénico,18250,,3x2,42,,206
7791000064781,Genbio Chupete anatómico +6m hipoalergénico,7100,,,42,/img/demo/prod-7.svg,
7791000064798,Solarmed Desodorante roll-on 50ml sin perfume,2550,3200,,42,,197
7791000064804,Solarmed Máquina de afeitar x3 manzanilla,8600,,,42,/img/demo/prod-4.svg,
7791000064811,Biofem Chupete anatómico 0-6m hipoalergénico,14850,,,42,,0
7791000064828,Biofem Acondicionador 400ml sin perfume,3500,4100,Oferta,42,/img/demo/prod-1.svg,81
7791000064835,Biofem Toallitas húmedas bebé x80,43950,,3x2,42,,35
7791000064842,Nutrivida Pañales P x40,25650,,,42,,
7791000064859,Genbio Cepillo dental medio x2 aloe vera,3250,,,42,,194
7791000064866,Genbio Enjuague bucal 500ml manzanilla,4200,,,42,,44
7791000064873,Genbio Desodorante aerosol 150ml manzanilla,3500,,,42,,
7791000064880,Nutrivida Aspirador nasal,28250,,,42,,103
7791000064897,Genbio Toallas femeninas x16 aloe vera,6100,,,42,/img/demo/prod-8.svg,
7791000064903,Genbio Máquina de afeitar x3 aloe vera,11600,,,42,,
7791000064910,Biofem Óleo calcáreo 200ml pack x2,4050,,,42,,228
7791000064927,Solarmed Colonia para bebé 100ml pack x2,28700,,,42,,
7791000064934,Biofem Alcohol en gel 250ml sin perfume,12300,,,42,,
7791000064941,Genbio Pasta dental blanqueadora 90g sin perfume,5000,5900,,42,,242
7791000064958,Nutrivida Toallas femeninas x16 sin perfume,13250,,,42,,
7791000064965,Solarmed Alcohol en gel 250ml,9200,,,42,,
7791000064972,Solarmed Toallas femeninas x16 aloe vera,8550,,,42,/img/demo/prod-5.svg,78
7791000064989,Solarmed Leche de crecimiento 3 lata 800g,48300,,,42,,
7791000064996,Nutrivida Colonia para bebé 100ml,33350,55600,,42,/img/demo/prod-2.svg,29
7791000065009,Solarmed Crema para paspaduras 100g,14650,,,42,,0
7791000065016,Biofem Alcohol en gel 250ml manzanilla,4450,,,42,,18
7791000065023,Solarmed Protectores diarios x20,12550,,,42,,174
7791000065030,Nutrivida Pasta dental blanqueadora 90g,4500,,,42,,
7791000065047,Nutrivida Toallitas húmedas x50 manzanilla,6450,,,42,,14
7791000065054,Genbio Espuma de afeitar 200ml aloe vera,3050,,Combo,42,,
7791000065061,Genbio Jabón líquido de glicerina bebé 250ml hipoalergénico,12550,,,42,,195
7791000065078,Biofem Leche de continuación 2 lata 800g pack x2,6450,,,42,/img/demo/prod-4.svg,
7791000065085,Biofem Hilo dental 50m aloe vera,13900,,,42,,
7791000065092,Genbio Hilo dental 50m sin perfume,5000,,,42,,
7791000065108,Solarmed Pañales P x40 hipoalergénico,23550,,,42,,38
7791000065115,Solarmed Acondicionador 400ml aloe vera,8750,17500,,42,,
7791000065122,Genbio Termómetro digital pediátrico,26100,32650,Oferta,42,,177
7791000065139,Genbio Leche de continuación 2 lata 800g hipoalergénico,35150,,,42,,
7791000065146,Genbio Óleo calcáreo 200ml,15450,,,42,,216
7791000065153,Genbio Pañales XG x44,6500,,,42,,
7791000065160,Biofem Pañales XXG x40 hipoalergénico,7800,,,42,,111
7791000065177,Genbio Pasta dental blanqueadora 90g aloe vera,10150,,2x1,42,,
7791000065184,Nutrivida Desodorante aerosol 150ml,13650,,,42,,
7791000065191,Genbio Pañales XXG x40 hipoalergénico,6050,,,42,,244
7791000065207,Nutrivida Alcohol en gel 250ml manzanilla,2650,,Combo,42,,
7791000065214,Genbio Crema para paspaduras 100g pack x2,8800,11000,,42,,
7791000065221,Genbio Cepillo dental suave sin perfume,12450,,Combo,42,,
7791000065238,Genbio Cepillo dental suave aloe vera,7900,,,42,,
7791000065245,Nutrivida Jabón líquido 250ml aloe vera,2600,,,42,,0
7791000065252,Solarmed Shampoo nutrición 400ml,7950,,,42,,
7791000065269,Solarmed Hilo dental 50m manzanilla,4750,,,42,/img/demo/prod-3.svg,
7791000065276,Biofem Leche de crecimiento 3 lata 800g hipoalergénico,10450,,Combo,42,/img/demo/prod-8.svg,149
7791000065283,Biofem Protectores diarios x20 manzanilla,8950,,Lanzamiento,42,,230
7791000065290,Solarmed Pañales XG x44 pack x2,29700,,Lanzamiento,42,,
7791000065306,Solarmed Shampoo bebé sin lágrimas 250ml hipoalergénico,5500,,,42,,88
7791000065313,Genbio Espuma de afeitar 200ml,9250,,,42,/img/demo/prod-7.svg,142
7791000065320,Biofem Leche de crecimiento 3 lata 800g,10650,,,42,,249
7791000065337,Solarmed Jabón de tocador x3 manzanilla,14300,,,42,,
7791000065344,Solarmed Aspirador nasal pack x2,30650,,,42,,
7791000065351,Biofem Desodorante roll-on 50ml sin perfume,14150,,,42,,239
7791000065368,Biofem Colonia para bebé 100ml,13700,15200,,42,,
7791000065375,Nutrivida Protectores diarios x20 aloe vera,14100,,,42,/img/demo/prod-2.svg,
7791000065382,Biofem Shampoo anticaspa 400ml sin perfume,4700,,,42,,117
7791000065399,Biofem Óleo calcáreo 200ml hipoalergénico,4700,5550,Oferta,42,/img/demo/prod-2.svg,98
7791000065405,Genbio Pasta dental encías 90g sin perfume,3250,,,42,,
7791000065412,Genbio Chupete anatómico +6m pack x2,4100,5850,,42,,159
7791000065429,Solarmed Pañales XXG x40,23400,,,42,,
7791000065436,Biofem Alcohol en gel 250ml,7250,,,42,,
7791000065443,Solarmed Mamadera anticólicos 250ml hipoalergénico,8000,,,42,,168
7791000065450,Biofem Cepillo dental medio x2 manzanilla,3150,,,42,,
7791000065467,Biofem Espuma de afeitar 200ml sin perfume,11100,,,42,,85
7791000065474,Biofem Enjuague bucal 500ml manzanilla,13150,,,42,,
7791000065481,Genbio Termómetro digital pediátrico pack x2,14250,,,42,,161
7791000065498,Solarmed Toallitas húmedas x50 aloe vera,7300,,,42,,
7791000065504,Nutrivida Leche de inicio 1 lata 800g hipoalergénico,28050,,,42,,
7791000065511,Solarmed Espuma de afeitar 200ml aloe vera,6000,,,42,,74
7791000065528,Biofem Shampoo nutrición 400ml,7150,,Lanzamiento,42,,241
7791000065535,Nutrivida Toallitas húmedas bebé x80 pack x2,42400,49900,,42,,
7791000065542,Biofem Jabón de tocador x3 aloe vera,3700,,,42,/img/demo/prod-8.svg,92
7791000065559,Solarmed Desodorante aerosol 150ml aloe vera,2500,,,42,,
7791000065566,Solarmed Leche de crecimiento 3 lata 800g hipoalergénico,11900,15850,,42,,203
7791000065573,Nutrivida Chupete anatómico 0-6m pack x2,15700,31400,,42,,
7791000065580,Solarmed Aspirador nasal hipoalergénico,26800,35750,,42,,36
7791000065597,Biofem Pañales P x40,13800,,,42,,
7791000065603,Biofem Protectores diarios x20 aloe vera,13100,,,42,,37
7791000065610,Nutrivida Pasta dental encías 90g aloe vera,4300,5750,,42,,143
7791000065627,Genbio Colonia para bebé 100ml,5100,,,42,,
7791000065634,Biofem Talco corporal 100g aloe vera,4250,,,42,,58
7791000065641,Nutrivida Pañales M x60 pack x2,11950,17050,Oferta,42,,237
7791000065658,Solarmed Pañales XG x44,9750,,,42,,196
7791000065665,Solarmed Toallas femeninas x16,3000,,,42,,26
7791000065672,Solarmed Jabón líquido 250ml aloe vera,16450,,,42,,64
7791000065689,Nutrivida Óleo calcáreo 200ml hipoalergénico,5600,,,42,,200
7791000065696,Nutrivida Termómetro digital pediátrico pack x2,6800,,,42,,212
7791000065702,Nutrivida Pasta dental blanqueadora 90g sin perfume,5500,,,42,,20
7791000065719,Biofem Hilo dental 50m,12250,,,42,,
7791000065726,Nutrivida Pañales M x60 hipoalergénico,23250,27350,Oferta,42,,183
7791000065733,Genbio Pasta dental encías 90g manzanilla,2700,,,42,,140
7791000065740,Genbio Máquina de afeitar x3,7500,,,42,/img/demo/prod-7.svg,
7791000065757,Genbio Acondicionador 400ml sin perfume,8350,,,42,,
7791000065764,Solarmed Shampoo bebé sin lágrimas 250ml pack x2,24700,,3x2,42,,
7791000065771,Genbio Shampoo nutrición 400ml aloe vera,7000,11650,Oferta,42,,
7791000065788,Nutrivida Mamadera anticólicos 250ml pack x2,5850,,,42,,58
7791000065795,Biofem Colonia para bebé 100ml hipoalergénico,26050,,,42,,98
7791000065801,Solarmed Máquina de afeitar x3 aloe vera,2800,,,42,,
7791000065818,Nutrivida Shampoo nutrición 400ml manzanilla,2850,5700,,42,,
7791000065825,Biofem Pañales XXG x40 pack x2,38100,,,42,,33
7791000065832,Nutrivida Enjuague bucal 500ml,8150,,,42,,
7791000065849,Biofem Leche de inicio 1 lata 800g hipoalergénico,19450,,,42,/img/demo/prod-3.svg,42
7791000065856,Biofem Pasta dental blanqueadora 90g aloe vera,5700,6350,,42,/img/demo/prod-2.svg,136
7791000065863,Nutrivida Leche de crecimiento 3 lata 800g hipoalergénico,35100,39000,,42,,
7791000065870,Genbio Leche de crecimiento 3 lata 800g,8650,,,42,,118
7791000065887,Nutrivida Acondicionador 400ml,4300,,,42,,240
7791000065894,Biofem Cepillo dental suave aloe vera,5450,,,42,,
7791000065900,Genbio Pasta dental encías 90g aloe vera,6700,,,42,/img/demo/prod-2.svg,114
7791000065917,Nutrivida Toallitas húmedas x50 aloe vera,8300,,,42,,19
7791000065924,Genbio Toallas femeninas x16 manzanilla,9350,,Combo,42,,
7791000065931,Solarmed Desodorante aerosol 150ml manzanilla,6050,,,42,,121
7791000065948,Solarmed Espuma de afeitar 200ml manzanilla,3350,,,42,,
7791000065955,Nutrivida Shampoo bebé sin lágrimas 250ml pack x2,41550,,,42,,
7791000065962,Genbio Chupete anatómico +6m,49100,,,42,,
7791000065979,Nutrivida Pañales XXG x40,8300,11050,,42,,53
7791000065986,Biofem Acondicionador 400ml,5200,,Lanzamiento,42,,
7791000065993,Biofem Shampoo anticaspa 400ml manzanilla,2550,,,42,,
7791000066006,Genbio Pañales RN x36,9400,14450,,42,/img/demo/prod-7.svg,
7791000066013,Nutrivida Shampoo anticaspa 400ml,12700,,,42,,
7791000066020,Genbio Desodorante aerosol 150ml,8400,12000,Oferta,42,/img/demo/prod-2.svg,
7791000066037,Genbio Toallitas húmedas bebé x80 pack x2,9300,,,42,,
7791000066044,Nutrivida Leche de continuación 2 lata 800g hipoalergénico,7150,,,42,,21
7791000066051,Biofem Leche de inicio 1 lata 800g pack x2,22500,,,42,,
7791000066068,Nutrivida Pañales XXG x40 pack x2,11600,,,42,,0
7791000066075,Biofem Pañales P x40 pack x2,20650,,,42,,
7791000066082,Solarmed Máquina de afeitar x3 sin perfume,12600,,,42,/img/demo/prod-3.svg,15
7791000066099,Nutrivida Jabón líquido de glicerina bebé 250ml hipoalergénico,18750,,Combo,42,,0
7791000066105,Genbio Pañales P x40,18750,,,42,/img/demo/prod-7.svg,80
7791000066112,Nutrivida Talco corporal 100g aloe vera,6850,,,42,,
7791000066129,Nutrivida Leche de inicio 1 lata 800g pack x2,18450,,,42,/img/demo/prod-8.svg,97
7791000066136,Solarmed Crema para paspaduras 100g hipoalergénico,21350,,,42,,162
7791000066143,Nutrivida Desodorante roll-on 50ml aloe vera,9450,,,42,,
7791000066150,Nutrivida Leche de crecimiento 3 lata 800g pack x2,21650,,Combo,42,,189
7791000066167,Nutrivida Máquina de afeitar x3 sin perfume,10200,,,42,,74
7791000066174,Solarmed Leche de continuación 2 lata 800g hipoalergénico,6650,8850,Oferta,42,,
7791000066181,Nutrivida Enjuague bucal 500ml aloe vera,15500,,,42,,
7791000066198,Nutrivida Termómetro digital pediátrico,24600,,,42,,226
7791000066204,Biofem Cepillo dental suave sin perfume,2800,,,42,,51
7791000066211,Activlife Pañales XG x44 pack x2,23250,,,43,,
7791000066228,Sanix Toallas femeninas x16 aloe vera,12200,,,43,,113
7791000066235,Puravit Cepillo dental medio x2 aloe vera,4550,,,43,,
7791000066242,Puravit Shampoo anticaspa 400ml manzanilla,2550,,,43,,98
7791000066259,Medifar Cepillo dental suave manzanilla,4200,,,43,/img/demo/prod-3.svg,
7791000066266,Sanix Pañales G x50 pack x2,18450,,,43,/img/demo/prod-2.svg,
7791000066273,Medifar Shampoo nutrición 400ml manzanilla,5250,,,43,,
7791000066280,Sanix Máquina de afeitar x3 sin perfume,4050,4750,Oferta,43,,169
7791000066297,Puravit Toallas femeninas x16 manzanilla,6950,10700,,43,,
7791000066303,Puravit Aspirador nasal,13700,,,43,,125
7791000066310,Sanix Pasta dental blanqueadora 90g manzanilla,4350,,,43,,
7791000066327,Puravit Toallitas húmedas x50 aloe vera,5650,11300,,43,,
7791000066334,Puravit Cepillo dental suave sin perfume,8200,9650,Oferta,43,,185
7791000066341,Medifar Pañales P x40 hipoalergénico,7000,,,43,,
7791000066358,Activlife Mamadera anticólicos 250ml,46550,,,43,/img/demo/prod-8.svg,13
7791000066365,Sanix Colonia para bebé 100ml pack x2,12650,,Lanzamiento,43,,178
7791000066372,Medifar Enjuague bucal 500ml,17600,,,43,,
7791000066389,Activlife Acondicionador 400ml manzanilla,4450,,,43,,187
7791000066396,Sanix Mamadera anticólicos 250ml pack x2,9250,,,43,,59
7791000066402,Activlife Cepillo dental suave manzanilla,7300,10450,,43,,
7791000066419,Activlife Pañales RN x36,17600,,,43,,
7791000066426,Activlife Jabón líquido 250ml sin perfume,2650,,,43,,206
7791000066433,Sanix Pañales RN x36 pack x2,16100,,,43,,
7791000066440,Sanix Desodorante aerosol 150ml sin perfume,7850,,,43,,67
7791000066457,Medifar Protectores diarios x20 manzanilla,9900,,2x1,43,,237
7791000066464,Activlife Pañales RN x36 hipoalergénico,5250,6200,,43,,26
7791000066471,Medifar Espuma de afeitar 200ml sin perfume,8950,,,43,,
7791000066488,Sanix Desodorante roll-on 50ml aloe vera,5550,,,43,,113
7791000066495,Medifar Pañales XG x44 hipoalergénico,16150,,,43,,156
7791000066501,Sanix Toallitas húmedas bebé x80 hipoalergénico,10250,,,43,,
7791000066518,Sanix Pañales RN x36 hipoalergénico,5000,,,43,,
7791000066525,Medifar Shampoo nutrición 400ml,4050,,,43,,175
7791000066532,Puravit Pañales P x40,11650,,,43,,67
7791000066549,Puravit Shampoo bebé sin lágrimas 250ml pack x2,9800,,,43,,
7791000066556,Sanix Leche de crecimiento 3 lata 800g hipoalergénico,12150,,,43,/img/demo/prod-8.svg,
7791000066563,Activlife Cepillo dental medio x2 sin perfume,5950,9900,,43,,
7791000066570,Activlife Hilo dental 50m manzanilla,4500,6000,Oferta,43,,
7791000066587,Sanix Toallitas húmedas x50 sin perfume,8250,,,43,,
7791000066594,Puravit Hilo dental 50m sin perfume,4650,,,43,,21
7791000066600,Sanix Enjuague bucal 500ml sin perfume,18250,,,43,,71
7791000066617,Activlife Alcohol en gel 250ml,7450,,,43,,
7791000066624,Activlife Pañales P x40 hipoalergénico,10100,,,43,,56
7791000066631,Medifar Jabón de tocador x3,12850,17150,,43,,
7791000066648,Puravit Acondicionador 400ml sin perfume,3000,,,43,,
7791000066655,Activlife Espuma de afeitar 200ml,4200,4650,,43,,21
7791000066662,Puravit Enjuague bucal 500ml sin perfume,10150,11300,,43,,5
7791000066679,Puravit Óleo calcáreo 200ml pack x2,25300,,,43,,
7791000066686,Sanix Enjuague bucal 500ml aloe vera,4750,5300,,43,,83
7791000066693,Sanix Leche de inicio 1 lata 800g hipoalergénico,31850,,,43,,
7791000066709,Sanix Crema para paspaduras 100g pack x2,4550,9100,,43,/img/demo/prod-8.svg,
7791000066716,Puravit Termómetro digital pediátrico hipoalergénico,22600,,,43,,
7791000066723,Puravit Hilo dental 50m manzanilla,4850,,,43,,18
7791000066730,Activlife Jabón de tocador x3 manzanilla,6250,,,43,,
7791000066747,Sanix Pasta dental encías 90g sin perfume,4400,,,43,,0
7791000066754,Puravit Shampoo bebé sin lágrimas 250ml hipoalergénico,6400,,,43,,
7791000066761,Puravit Desodorante roll-on 50ml aloe vera,8700,,,43,,
7791000066778,Medifar Acondicionador 400ml sin perfume,2850,,3x2,43,/img/demo/prod-4.svg,
7791000066785,Activlife Desodorante roll-on 50ml sin perfume,2800,,,43,,167
7791000066792,Medifar Desodorante roll-on 50ml manzanilla,6750,,,43,,60
7791000066808,Activlife Talco corporal 100g sin perfume,9050,,,43,,246
7791000066815,Sanix Jabón líquido 250ml sin perfume,6150,,,43,,
7791000066822,Activlife Shampoo nutrición 400ml sin perfume,3950,,,43,,
7791000066839,Sanix Leche de continuación 2 lata 800g,31400,,,43,,
7791000066846,Activlife Pañales XG x44 hipoalergénico,45300,,,43,,134
7791000066853,Activlife Hilo dental 50m sin perfume,4050,,,43,,
7791000066860,Sanix Mamadera anticólicos 250ml,27000,,,43,,
7791000066877,Puravit Espuma de afeitar 200ml sin perfume,7900,,,43,,116
7791000066884,Puravit Toallitas húmedas x50,13350,,,43,,191
7791000066891,Puravit Cepillo dental medio x2 manzanilla,4400,,,43,,75
7791000066907,Medifar Enjuague bucal 500ml sin perfume,9300,,,43,,
7791000066914,Medifar Jabón líquido 250ml aloe vera,4500,,,43,,199
7791000066921,Sanix Jabón de tocador x3 sin perfume,4250,,,43,,
7791000066938,Activlife Toallitas húmedas x50 aloe vera,9650,,,43,,201
7791000066945,Activlife Toallitas húmedas x50 manzanilla,11500,,,43,,5
7791000066952,Sanix Espuma de afeitar 200ml,13850,,,43,,
7791000066969,Sanix Hilo dental 50m,9200,,,43,,230
7791000066976,Activlife Óleo calcáreo 200ml hipoalergénico,24000,,,43,,196
7791000066983,Activlife Máquina de afeitar x3 aloe vera,17450,,,43,,
7791000066990,Sanix Shampoo anticaspa 400ml aloe vera,13600,,,43,,
7791000067003,Puravit Óleo calcáreo 200ml hipoalergénico,11750,,,43,,
7791000067010,Activlife Acondicionador 400ml,11550,,,43,,
7791000067027,Activlife Leche de crecimiento 3 lata 800g pack x2,16800,,,43,,
7791000067034,Sanix Máquina de afeitar x3 aloe vera,13450,,,43,,240
7791000067041,Puravit Chupete anatómico 0-6m hipoalergénico,7700,,,43,,
7791000067058,Medifar Toallitas húmedas x50 sin perfume,6650,,,43,,
7791000067065,Sanix Shampoo nutrición 400ml aloe vera,8900,11850,,43,,
7791000067072,Activlife Aspirador nasal,17500,,,43,,
7791000067089,Puravit Pañales P x40 pack x2,8050,,,43,,
7791000067096,Medifar Chupete anatómico +6m pack x2,6350,7050,,43,,77
7791000067102,Sanix Leche de inicio 1 lata 800g pack x2,10000,,,43,,
7791000067119,Puravit Toallitas húmedas x50 sin perfume,3150,,,43,/img/demo/prod-3.svg,
7791000067126,Activlife Cepillo dental medio x2 manzanilla,4800,,,43,,31
7791000067133,Puravit Cepillo dental medio x2 sin perfume,3300,,Lanzamiento,43,,46
7791000067140,Sanix Cepillo dental suave sin perfume,7550,,,43,,
7791000067157,Medifar Talco corporal 100g,3400,,,43,,229
7791000067164,Puravit Leche de crecimiento 3 lata 800g,11300,,,43,,0
7791000067171,Activlife Jabón de tocador x3 aloe vera,2850,,,43,,
7791000067188,Activlife Chupete anatómico +6m,23600,39350,Oferta,43,,0
7791000067195,Puravit Toallitas húmedas bebé x80 pack x2,26450,,,43,,
7791000067201,Sanix Shampoo anticaspa 400ml manzanilla,12000,,,43,,
7791000067218,Medifar Protectores diarios x20 sin perfume,5100,,,43,,
7791000067225,Medifar Desodorante roll-on 50ml,13950,,,43,,
7791000067232,Puravit Enjuague bucal 500ml aloe vera,6950,,,43,,163
7791000067249,Sanix Acondicionador 400ml manzanilla,2550,,Combo,43,,
7791000067256,Activlife Pasta dental encías 90g aloe vera,4300,,Lanzamiento,43,/img/demo/prod-8.svg,
7791000067263,Puravit Pasta dental blanqueadora 90g,15000,,,43,,
7791000067270,Sanix Óleo calcáreo 200ml,26500,33150,,43,,0
7791000067287,Sanix Cepillo dental suave,18500,,,43,,158
7791000067294,Medifar Colonia para bebé 100ml,5200,,3x2,43,,64
7791000067300,Sanix Pasta dental blanqueadora 90g sin perfume,6200,,,43,,
7791000067317,Activlife Crema para paspaduras 100g,4050,,,43,,
7791000067324,Activlife Espuma de afeitar 200ml sin perfume,4500,,Lanzamiento,43,,35
7791000067331,Sanix Hilo dental 50m manzanilla,11100,17100,Oferta,43,,
7791000067348,Medifar Pañales G x50,20050,,,43,,102
7791000067355,Medifar Alcohol en gel 250ml sin perfume,9150,,,43,/img/demo/prod-5.svg,0
7791000067362,Puravit Talco corporal 100g sin perfume,9650,,,43,,184
7791000067379,Medifar Leche de inicio 1 lata 800g hipoalergénico,4150,,,43,,
7791000067386,Activlife Talco corporal 100g aloe vera,6650,,,43,,
7791000067393,Medifar Pasta dental encías 90g manzanilla,3900,,,43,,
7791000067409,Activlife Termómetro digital pediátrico hipoalergénico,6000,,,43,,160
7791000067416,Sanix Espuma de afeitar 200ml sin perfume,8500,12150,,43,,
7791000067423,Activlife Toallitas húmedas x50 sin perfume,15400,,,43,,210
7791000067430,Activlife Toallitas húmedas x50,2850,,,43,,0
7791000067447,Puravit Toallas femeninas x16 sin perfume,3100,,,43,,109
7791000067454,Puravit Toallitas húmedas bebé x80,11900,14000,,43,,133
7791000067461,Medifar Shampoo nutrición 400ml sin perfume,8350,,,43,,
7791000067478,Sanix Leche de crecimiento 3 lata 800g,4500,,,43,,
7791000067485,Puravit Leche de inicio 1 lata 800g pack x2,9600,,,43,,
7791000067492,Sanix Shampoo anticaspa 400ml sin perfume,7150,,,43,,181
7791000067508,Puravit Protectores diarios x20 sin perfume,2700,,,43,,122
7791000067515,Medifar Leche de continuación 2 lata 800g hipoalergénico,4850,,,43,,
7791000067522,Puravit Pasta dental blanqueadora 90g sin perfume,3700,,Lanzamiento,43,,163
7791000067539,Activlife Pañales RN x36 pack x2,5450,,,43,,174
7791000067546,Puravit Jabón líquido 250ml manzanilla,6250,,,43,,249
7791000067553,Puravit Colonia para bebé 100ml hipoalergénico,7550,10050,,43,/img/demo/prod-6.svg,222
7791000067560,Activlife Shampoo bebé sin lágrimas 250ml,5050,,,43,,
7791000067577,Medifar Cepillo dental medio x2 aloe vera,2850,,,43,,
7791000067584,Medifar Pasta dental encías 90g sin perfume,3300,,,43,,
7791000067591,Activlife Leche de continuación 2 lata 800g,4350,,,43,,
7791000067607,Aquavital Caseína micelar 900g,114450,,,44,,205
7791000067614,Aquavital Vitamina C 500mg efervescente x50 comp,8700,,,44,,42
7791000067621,Aquavital Cetirizina 10mg x30 comp,2050,,,44,,210
7791000067638,Medifar Complejo B x30 comp,5500,,,44,,151
7791000067645,Aquavital Ginseng coreano x30 caps pack x2,21450,,,44,,38
7791000067652,Aquavital Diclofenac gel 60g x50 comp,6200,,,44,,
7791000067669,Medifar Colágeno hidrolizado 300g pack x2,34200,,,44,,29
7791000067676,Aquavital Melatonina 3mg x30 comp,7850,,,44,,77
7791000067683,Medifar Glutamina 300g,29600,49350,,44,/img/demo/prod-3.svg,242
7791000067690,Aquavital Colágeno hidrolizado 300g,28100,33050,Oferta,44,,
7791000067706,Aquavital Omeprazol 20mg x10 comp,20950,,,44,,91
7791000067713,Medifar Ibuprofeno 600mg,4150,,,44,/img/demo/prod-6.svg,
7791000067720,Solarmed ZMA x90 caps premium,9300,15500,,44,/img/demo/prod-2.svg,52
7791000067737,Solarmed Jarabe para la tos adultos 120ml x30 comp,4300,,,44,,
7791000067744,Medifar Proteína vegetal 750g sabor neutro,23050,46100,,44,,75
7791000067751,Aquavital Diclofenac gel 60g x10 comp,18850,,,44,,
7791000067768,Solarmed Proteína vegetal 750g,43450,,2x1,44,,50
7791000067775,Aquavital Espirulina x90 comp premium,12900,,,44,,148
7791000067782,Aquavital Multivitamínico 50+ x60 pack x2,34450,,,44,,
7791000067799,Solarmed Hierro + ácido fólico x30 comp,8400,,,44,,
7791000067805,Solarmed Antiacido masticable x10 comp,11200,,Lanzamiento,44,,170
7791000067812,Aquavital Proteína whey vainilla 1kg premium,94200,134550,,44,,13
7791000067829,Aquavital Omega 3 1000mg x60 caps,61650,,,44,/img/demo/prod-1.svg,152
7791000067836,Aquavital BCAA 2:1:1 x120 caps sabor neutro,14850,,,44,,235
7791000067843,Aquavital Sales de rehidratación oral,3550,,,44,,181
7791000067850,Medifar Vitamina C 500mg efervescente x50 comp,7050,,,44,,121
7791000067867,Solarmed Ibuprofeno 600mg x10 comp,9200,,,44,,
7791000067874,Medifar Jarabe expectorante infantil 120ml x10 comp,13700,22850,Oferta,44,,
7791000067881,Aquavital Coenzima Q10 x30 caps premium,12400,,,44,/img/demo/prod-1.svg,154
7791000067898,Aquavital Crema para dolores musculares 100g,14800,24650,,44,/img/demo/prod-1.svg,157
7791000067904,Aquavital Multivitamínico 50+ x60,11200,22400,,44,,72
7791000067911,Aquavital Sales de rehidratación oral x30 comp,20750,,2x1,44,,19
7791000067928,Medifar Gotas oftálmicas lubricantes 15ml x50 comp,10100,,,44,,197
7791000067935,Aquavital Proteína vegetal 750g sabor neutro,24700,32950,,44,,207
7791000067942,Medifar BCAA 2:1:1 x120 caps,35650,,,44,,14
7791000067959,Medifar Proteína whey vainilla 1kg pack x2,13350,,,44,,220
7791000067966,Solarmed Proteína whey chocolate 1kg premium,17800,,,44,,220
7791000067973,Solarmed Gotas oftálmicas lubricantes 15ml x10 comp,8500,,,44,,
7791000067980,Medifar Gotas oftálmicas lubricantes 15ml,3150,4200,,44,,159
7791000067997,Medifar Omega 3 1000mg x60 caps sabor neutro,15700,,,44,,215
7791000068000,Medifar Cetirizina 10mg,9700,,,44,,226
7791000068017,Solarmed Jarabe para la tos adultos 120ml x50 comp,5500,6900,Oferta,44,,165
7791000068024,Medifar Proteína vegetal 750g premium,112200,,,44,,0
7791000068031,Medifar ZMA x90 caps premium,14850,,,44,,0
7791000068048,Solarmed Loratadina 10mg,7900,,,44,,
7791000068055,Solarmed Ibuprofeno 400mg x30 comp,3350,,,44,,
7791000068062,Medifar Lansoprazol 30mg x50 comp,19950,30700,,44,,
7791000068079,Aquavital Paracetamol 1g x10 comp,5600,,,44,/img/demo/prod-7.svg,156
7791000068086,Medifar Barritas proteicas caja x12 sabor neutro,17850,35700,,44,,85
7791000068093,Solarmed Proteína vegetal 750g premium,43350,,,44,,6
7791000068109,Solarmed Magnesio 400mg x30 comp,1900,,,44,,
7791000068116,Medifar Caseína micelar 900g sabor neutro,36700,,,44,,0
7791000068123,Aquavital Proteína whey vainilla 1kg sabor neutro,13400,,,44,,
7791000068130,Aquavital Proteína whey chocolate 1kg,23400,,,44,,135
7791000068147,Aquavital Loratadina 10mg x50 comp,6050,,3x2,44,/img/demo/prod-3.svg,225
7791000068154,Aquavital Coenzima Q10 x30 caps sabor neutro,14850,,,44,,
7791000068161,Aquavital Ibuprofeno 600mg x10 comp,10850,,,44,,10
7791000068178,Solarmed Proteína whey vainilla 1kg premium,19650,,,44,,243
7791000068185,Medifar Vitamina C 500mg efervescente,1850,,,44,,26
7791000068192,Solarmed Jarabe expectorante infantil 120ml x50 comp,3400,,,44,,
7791000068208,Aquavital Proteína vegetal 750g,58550,,,44,,139
7791000068215,Solarmed Vitamina C 500mg efervescente x20 comp,4450,,,44,,
7791000068222,Solarmed Lansoprazol 30mg x30 comp,6600,,,44,,116
7791000068239,Solarmed Coenzima Q10 x30 caps premium,14150,,,44,,65
7791000068246,Solarmed Aspirina 500mg x10 comp,2550,,,44,,43
7791000068253,Medifar ZMA x90 caps pack x2,61150,122300,,44,,
7791000068260,Aquavital Omeprazol 20mg,17100,,,44,,
7791000068277,Aquavital Carbón activado x20 comp,15550,,,44,,
7791000068284,Medifar Spray nasal descongestivo 20ml,5100,,,44,,186
7791000068291,Medifar Antiacido masticable x30 comp,3900,,,44,,
7791000068307,Medifar Paracetamol 1g x30 comp,12400,24800,,44,,229
7791000068314,Medifar Proteína whey chocolate 1kg,9300,,,44,,194
7791000068321,Solarmed Espirulina x90 comp pack x2,12700,15900,,44,,110
7791000068338,Medifar Omega 3 1000mg x60 caps,114950,,,44,,208
7791000068345,Solarmed Jarabe expectorante infantil 120ml x20 comp,8950,,,44,,
7791000068352,Solarmed Omeprazol 20mg x10 comp,11700,,,44,,28
7791000068369,Solarmed Espirulina x90 comp,90700,,,44,,40
7791000068376,Aquavital Ginkgo biloba x60 comp sabor neutro,38950,,,44,,79
7791000068383,Solarmed Melatonina 3mg x50 comp,2600,5200,,44,,21
7791000068390,Aquavital Barritas proteicas caja x12 sabor neutro,49900,71300,,44,,
7791000068406,Aquavital Coenzima Q10 x30 caps pack x2,65850,109750,,44,,47
7791000068413,Aquavital Pre-entreno frutos rojos 300g pack x2,12700,,Combo,44,/img/demo/prod-3.svg,
7791000068420,Medifar Barritas proteicas caja x12 premium,43900,,,44,,
7791000068437,Solarmed Pre-entreno frutos rojos 300g pack x2,37450,,,44,,38
7791000068444,Aquavital Levadura de cerveza 500g premium,42650,,,44,,
7791000068451,Medifar Barritas proteicas caja x12 pack x2,11550,,3x2,44,,155
7791000068468,Solarmed Paracetamol 1g x30 comp,3500,,,44,,208
7791000068475,Medifar Carbón activado x10 comp,6300,,,44,,149
7791000068482,Medifar Barritas proteicas caja x12,62350,,,44,,4
7791000068499,Medifar BCAA 2:1:1 x120 caps premium,12250,15300,,44,,76
7791000068505,Aquavital Multivitamínico 50+ x60 premium,39500,,,44,,68
7791000068512,Aquavital Jarabe para la tos adultos 120ml x10 comp,5800,,,44,,
7791000068529,Medifar Creatina monohidrato 300g,9150,,,44,,242
7791000068536,Aquavital Creatina monohidrato 300g premium,35900,,,44,,90
7791000068543,Solarmed Creatina monohidrato 300g pack x2,12950,,,44,,
7791000068550,Aquavital Melatonina 3mg x10 comp,6150,,,44,,222
7791000068567,Medifar Levadura de cerveza 500g sabor neutro,41600,,,44,,
7791000068574,Aquavital Carbón activado x10 comp,7900,,,44,,55
7791000068581,Solarmed Omega 3 1000mg x60 caps sabor neutro,22250,,,44,,180
7791000068598,Aquavital Glutamina 300g sabor neutro,10300,,,44,,40
7791000068604,Aquavital Multivitamínico adultos x60 sabor neutro,37000,46250,,44,,68
7791000068611,Medifar Creatina monohidrato 300g premium,17950,,,44,,
7791000068628,Aquavital Multivitamínico adultos x60 premium,58850,,,44,,50
7791000068635,Medifar Ibuprofeno 600mg x20 comp,6950,,,44,,
7791000068642,Solarmed Omega 3 1000mg x60 caps premium,22550,,,44,,
7791000068659,Solarmed Espirulina x90 comp sabor neutro,17000,,,44,/img/demo/prod-4.svg,23
7791000068666,Aquavital Antiacido masticable,19400,,,44,,
7791000068673,Medifar Caseína micelar 900g pack x2,64800,,,44,,
7791000068680,Medifar Diclofenac gel 60g x30 comp,4600,6550,,44,/img/demo/prod-2.svg,
7791000068697,Aquavital Cetirizina 10mg x50 comp,12300,,,44,,
7791000068703,Medifar Complejo B,3800,,,44,,
7791000068710,Solarmed ZMA x90 caps,93900,,,44,,
7791000068727,Solarmed BCAA 2:1:1 x120 caps pack x2,16450,,,44,,
7791000068734,Aquavital Multivitamínico adultos x60 pack x2,12000,,,44,,66
7791000068741,Aquavital Diclofenac gel 60g x30 comp,6000,,,44,,245
7791000068758,Solarmed Caseína micelar 900g sabor neutro,56350,66300,,44,,71
7791000068765,Aquavital Proteína whey chocolate 1kg pack x2,9300,11650,,44,,
7791000068772,Medifar Ginseng coreano x30 caps premium,21950,,,44,,
7791000068789,Aquavital Colágeno hidrolizado 300g sabor neutro,11150,,,44,,35
7791000068796,Medifar Omeprazol 20mg x20 comp,1950,,,44,,
7791000068802,Solarmed Omeprazol 20mg x20 comp,9200,,,44,,
7791000068819,Medifar Proteína whey chocolate 1kg premium,22400,,,44,,3
7791000068826,Aquavital BCAA 2:1:1 x120 caps premium,63850,,,44,,
7791000068833,Medifar Magnesio 400mg x50 comp,6450,,,44,,
7791000068840,Medifar Glutamina 300g pack x2,27150,,,44,,
7791000068857,Aquavital Sales de rehidratación oral x10 comp,2850,,,44,,27
7791000068864,Solarmed Ginseng coreano x30 caps sabor neutro,11100,,,44,,
7791000068871,Aquavital Jarabe expectorante infantil 120ml x10 comp,5050,,,44,,
7791000068888,Aquavital Pre-entreno frutos rojos 300g premium,16650,33300,,44,,191
7791000068895,Medifar Jarabe expectorante infantil 120ml x50 comp,8300,,,44,,229
7791000068901,Solarmed Carbón activado x30 comp,14650,,,44,,3
7791000068918,Medifar Pre-entreno frutos rojos 300g sabor neutro,29800,,,44,,
7791000068925,Aquavital Ginkgo biloba x60 comp premium,14300,,,44,,
7791000068932,Medifar Omeprazol 20mg x50 comp,8050,16100,,44,,
7791000068949,Medifar Proteína whey chocolate 1kg sabor neutro,70700,,,44,,144
7791000068956,Aquavital Ginseng coreano x30 caps,25550,34050,,44,,
7791000068963,Medifar Crema para dolores musculares 100g x10 comp,19750,39500,,44,,247
7791000068970,Activlife Jeringa descartable 5ml x10 pack familiar,16550,,,45,,124
7791000068987,Sanix Algodón hidrófilo 200g pack familiar,1950,,,45,,
7791000068994,Activlife Férula inmovilizadora de dedo,29250,,,45,,86
7791000069007,Naturalis Botiquín primeros auxilios completo,4350,,,45,,208
7791000069014,Activlife Gasas estériles 10x10 x10 uso hospitalario,3150,,,45,/img/demo/prod-3.svg,174
7791000069021,Fortex Alcohol etílico 96% 500ml uso hospitalario,13150,,,45,,
7791000069038,Sanix Venda elástica 10cm pack familiar,4850,6450,,45,,1
7791000069045,Naturalis Alcohol etílico 96% 500ml,1650,,,45,,138
7791000069052,Activlife Tensiómetro digital de brazo x2,43100,,,45,,
7791000069069,Fortex Tensiómetro digital de brazo x2,8150,9600,,45,,
7791000069076,Naturalis Gasas estériles 10x10 x10 pack familiar,7350,,,45,,84
7791000069083,Sanix Jeringa descartable 5ml x10 x2,8100,,,45,,42
7791000069090,Activlife Venda elástica 10cm pack familiar,11750,,,45,,160
7791000069106,Naturalis Cinta hipoalergénica 2.5cm uso hospitalario,2350,,,45,,0
7791000069113,Activlife Algodón hidrófilo 200g uso hospitalario,14650,,,45,,
7791000069120,Naturalis Test de embarazo x2,32900,,,45,,
7791000069137,Fortex Test de embarazo,2000,,,45,,
7791000069144,Sanix Botiquín primeros auxilios completo pack familiar,30400,,,45,,144
7791000069151,Naturalis Solución fisiológica 500ml,1300,,,45,,
7791000069168,Sanix Bolsa de agua caliente 2L,2450,,,45,,
7791000069175,Activlife Férula inmovilizadora de dedo pack familiar,30300,,,45,/img/demo/prod-2.svg,0
7791000069182,Fortex Jeringa descartable 5ml x10 x2,4300,,,45,,
7791000069199,Sanix Venda elástica 10cm,5800,,,45,,
7791000069205,Activlife Apósitos adhesivos x20,1350,,,45,,186
7791000069212,Fortex Algodón hidrófilo 200g,5550,,,45,,
7791000069229,Activlife Guantes de nitrilo x100 x2,11600,23200,,45,,
7791000069236,Fortex Agua oxigenada 10 vol 500ml,14450,22250,,45,,83
7791000069243,Activlife Antiséptico en spray 100ml pack familiar,12900,19850,Oferta,45,,88
7791000069250,Sanix Apósitos adhesivos x20 x2,7300,,,45,,37
7791000069267,Activlife Bolsa de agua caliente 2L x2,14550,,,45,,178
7791000069274,Activlife Antiséptico en spray 100ml x2,3500,,,45,,227
7791000069281,Naturalis Barbijo tricapa x50 uso hospitalario,1250,,,45,,177
7791000069298,Naturalis Tensiómetro digital de brazo pack familiar,14450,24100,,45,/img/demo/prod-7.svg,
7791000069304,Sanix Botiquín primeros auxilios completo x2,14050,,,45,/img/demo/prod-1.svg,
7791000069311,Activlife Agua oxigenada 10 vol 500ml x2,2700,,,45,,227
7791000069328,Activlife Alcohol etílico 96% 500ml x2,2100,,,45,,190
7791000069335,Fortex Apósitos adhesivos x20,17400,,,45,,232
7791000069342,Naturalis Apósitos adhesivos x20 uso hospitalario,16500,33000,Oferta,45,/img/demo/prod-4.svg,
7791000069359,Sanix Alcohol etílico 96% 500ml uso hospitalario,12300,,,45,,
7791000069366,Fortex Botiquín primeros auxilios completo x2,3000,,,45,,
7791000069373,Activlife Barbijo tricapa x50 uso hospitalario,1750,,,45,,
7791000069380,Activlife Guantes de nitrilo x100 uso hospitalario,19500,,,45,,108
7791000069397,Fortex Venda elástica 10cm x2,2700,,,45,,179
7791000069403,Naturalis Termómetro digital x2,1800,,,45,,8
7791000069410,Naturalis Guantes de nitrilo x100 x2,6650,,,45,,0
7791000069427,Naturalis Oxímetro de pulso x2,17250,,,45,,34
7791000069434,Fortex Jeringa descartable 5ml x10,13050,,,45,,
7791000069441,Naturalis Solución fisiológica 500ml pack familiar,7050,,,45,,104
7791000069458,Activlife Oxímetro de pulso uso hospitalario,36550,,,45,,
7791000069465,Activlife Alcohol etílico 96% 500ml,10700,,,45,,213
7791000069472,Naturalis Termómetro digital uso hospitalario,26050,,,45,,155
7791000069489,Naturalis Agua oxigenada 10 vol 500ml,16700,,,45,,178
7791000069496,Naturalis Test de embarazo uso hospitalario,5300,6250,,45,/img/demo/prod-3.svg,
7791000069502,Sanix Férula inmovilizadora de dedo uso hospitalario,3450,,,45,,
7791000069519,Fortex Guantes de nitrilo x100,6600,8800,,45,,
7791000069526,Fortex Gasas estériles 10x10 x10 pack familiar,2550,,,45,,
7791000069533,Sanix Jeringa descartable 5ml x10,6400,9850,,45,,
7791000069540,Naturalis Test de embarazo,4050,4500,,45,,
7791000069557,Activlife Collarín cervical blando x2,26900,31650,,45,/img/demo/prod-2.svg,36
7791000069564,Sanix Alcohol etílico 96% 500ml,29850,49750,Oferta,45,,179
7791000069571,Activlife Alcohol etílico 96% 500ml pack familiar,37450,,,45,,
7791000069588,Sanix Agua oxigenada 10 vol 500ml uso hospitalario,17500,,,45,/img/demo/prod-8.svg,
7791000069595,Sanix Termómetro digital x2,1650,,,45,,
7791000069601,Fortex Apósitos adhesivos x20 uso hospitalario,8500,14150,,45,,
7791000069618,Activlife Termómetro digital x2,11350,,,45,,92
7791000069625,Naturalis Tensiómetro digital de brazo x2,27000,38550,,45,,
7791000069632,Fortex Venda elástica 10cm uso hospitalario,4100,,,45,,166
7791000069649,Sanix Jeringa descartable 5ml x10 uso hospitalario,42550,,,45,/img/demo/prod-2.svg,
7791000069656,Sanix Gasas estériles 10x10 x10 pack familiar,4100,5150,,45,,
7791000069663,Sanix Botiquín primeros auxilios completo,6850,,,45,,
7791000069670,Naturalis Bolsa de agua caliente 2L uso hospitalario,19000,,,45,,234
7791000069687,Naturalis Venda elástica 10cm pack familiar,2350,,,45,,0
7791000069694,Activlife Test de embarazo,5100,,,45,,
7791000069700,Fortex Oxímetro de pulso uso hospitalario,18600,,,45,,
7791000069717,Activlife Test de embarazo uso hospitalario,8500,,,45,,6
7791000069724,Fortex Algodón hidrófilo 200g uso hospitalario,21550,,2x1,45,,90
7791000069731,Naturalis Guantes de nitrilo x100 uso hospitalario,17500,,,45,,163
7791000069748,Naturalis Tensiómetro digital de brazo uso hospitalario,1400,,,45,,
7791000069755,Naturalis Guantes de nitrilo x100,4200,4950,,45,,
7791000069762,Fortex Antiséptico en spray 100ml,2650,,,45,/img/demo/prod-4.svg,
7791000069779,Sanix Collarín cervical blando pack familiar,26900,,Combo,45,,63
7791000069786,Naturalis Antiséptico en spray 100ml x2,10300,,,45,,78
7791000069793,Activlife Botiquín primeros auxilios completo uso hospitalario,4500,,,45,,122
7791000069809,Fortex Termómetro digital pack familiar,1200,,,45,,
7791000069816,Sanix Férula inmovilizadora de dedo,21450,,,45,/img/demo/prod-2.svg,67
7791000069823,Sanix Barbijo tricapa x50 pack familiar,15100,20150,,45,,194
7791000069830,Fortex Bolsa de agua caliente 2L uso hospitalario,4100,,3x2,45,,
7791000069847,Naturalis Bolsa de agua caliente 2L x2,10150,,,45,,63
7791000069854,Sanix Collarín cervical blando x2,2050,,,45,,67
7791000069861,Sanix Test de embarazo,4300,,,45,,
7791000069878,Fortex Gasas estériles 10x10 x10 uso hospitalario,12750,,,45,,
7791000069885,Naturalis Oxímetro de pulso pack familiar,19000,,,45,,
7791000069892,Fortex Cinta hipoalergénica 2.5cm uso hospitalario,9250,,2x1,45,,14
7791000069908,Activlife Férula inmovilizadora de dedo uso hospitalario,19950,,,45,,80
7791000069915,Fortex Barbijo tricapa x50,3050,,,45,,
7791000069922,Fortex Test de embarazo pack familiar,44150,,,45,,75
7791000069939,Sanix Tensiómetro digital de brazo uso hospitalario,3800,,,45,,
7791000069946,Naturalis Barbijo tricapa x50 pack familiar,24050,,,45,,
7791000069953,Fortex Cinta hipoalergénica 2.5cm,2500,,,45,,12
7791000069960,Fortex Oxímetro de pulso,13050,,,45,,171
7791000069977,Fortex Botiquín primeros auxilios completo pack familiar,4500,6900,Oferta,45,,
7791000069984,Sanix Apósitos adhesivos x20,4000,,,45,,
7791000069991,Fortex Termómetro digital,1300,,,45,,
7791000070003,Sanix Oxímetro de pulso x2,13850,,,45,,
7791000070010,Activlife Barbijo tricapa x50,6050,,,45,,
7791000070027,Fortex Agua oxigenada 10 vol 500ml x2,10100,,,45,,
7791000070034,Activlife Oxímetro de pulso pack familiar,11550,,,45,,
7791000070041,Activlife Solución fisiológica 500ml uso hospitalario,2250,,,45,,170
7791000070058,Fortex Gasas estériles 10x10 x10,3150,,,45,,0
7791000070065,Naturalis Jeringa descartable 5ml x10 pack familiar,17450,,,45,/img/demo/prod-8.svg,149
7791000070072,Fortex Antiséptico en spray 100ml pack familiar,2400,,,45,,61
7791000070089,Activlife Venda elástica 10cm uso hospitalario,35350,50500,,45,,32
7791000070096,Sanix Algodón hidrófilo 200g,14550,,,45,/img/demo/prod-8.svg,161
7791000070102,Activlife Algodón hidrófilo 200g pack familiar,1900,,,45,,210
7791000070119,Naturalis Gasas estériles 10x10 x10,2600,,,45,,
7791000070126,Sanix Bolsa de agua caliente 2L x2,13250,,,45,/img/demo/prod-6.svg,
7791000070133,Activlife Jeringa descartable 5ml x10 x2,10350,,,45,,
7791000070140,Activlife Cinta hipoalergénica 2.5cm,1950,2450,,45,,248
7791000070157,Sanix Solución fisiológica 500ml pack familiar,12850,,,45,,0
7791000070164,Activlife Algodón hidrófilo 200g,2000,,,45,,69
7791000070171,Fortex Bolsa de agua caliente 2L pack familiar,27700,,,45,,
7791000070188,Naturalis Antiséptico en spray 100ml uso hospitalario,4600,,,45,,
7791000070195,Activlife Alcohol etílico 96% 500ml uso hospitalario,25350,,,45,,
7791000070201,Fortex Collarín cervical blando x2,3000,,,45,,
7791000070218,Sanix Férula inmovilizadora de dedo x2,5500,6900,,45,,
7791000070225,Fortex Apósitos adhesivos x20 x2,24900,,3x2,45,/img/demo/prod-8.svg,
7791000070232,Sanix Solución fisiológica 500ml x2,2150,,,45,/img/demo/prod-2.svg,93
7791000070249,Sanix Cinta hipoalergénica 2.5cm uso hospitalario,2400,,,45,,13
7791000070256,Naturalis Tensiómetro digital de brazo,25600,32000,,45,,176
7791000070263,Naturalis Solución fisiológica 500ml uso hospitalario,10500,,,45,,
7791000070270,Activlife Gasas estériles 10x10 x10 pack familiar,1200,,,45,/img/demo/prod-6.svg,48
7791000070287,Sanix Jeringa descartable 5ml x10 pack familiar,2850,,,45,,
7791000070294,Activlife Termómetro digital uso hospitalario,19350,,,45,,
7791000070300,Naturalis Apósitos adhesivos x20,15600,,,45,,
7791000070317,Naturalis Oxímetro de pulso uso hospitalario,14000,16450,Oferta,45,/img/demo/prod-5.svg,
7791000070324,Fortex Férula inmovilizadora de dedo uso hospitalario,2650,,,45,,
7791000070331,Naturalis Antiséptico en spray 100ml pack familiar,18650,,,45,,
7791000070348,Activlife Apósitos adhesivos x20 x2,8550,,,45,,
7791000070355,Sanix Bolsa de agua caliente 2L uso hospitalario,2450,,,45,,66
7791000070362,Fortex Venda elástica 10cm pack familiar,16400,21850,Oferta,45,,0
7791000070379,Sanix Antiséptico en spray 100ml x2,15800,,,45,/img/demo/prod-3.svg,98
7791000070386,Sanix Agua oxigenada 10 vol 500ml pack familiar,15000,,,45,,
7791000070393,Naturalis Guantes de nitrilo x100 pack familiar,3750,,,45,,101
7791000070409,Activlife Apósitos adhesivos x20 uso hospitalario,14750,29500,,45,,45
7791000070416,Sanix Apósitos adhesivos x20 uso hospitalario,14350,,,45,/img/demo/prod-8.svg,162
7791000070423,Fortex Alcohol etílico 96% 500ml x2,5200,,,45,,
7791000070430,Naturalis Venda elástica 10cm x2,5650,,,45,,8
7791000070447,Sanix Cinta hipoalergénica 2.5cm x2,7450,,,45,,131
7791000070454,Naturalis Botiquín primeros auxilios completo pack familiar,27150,41750,,45,/img/demo/prod-3.svg,94
7791000070461,Fortex Cinta hipoalergénica 2.5cm pack familiar,24400,,,45,,244
7791000070478,Sanix Bolsa de agua caliente 2L pack familiar,18900,29100,,45,/img/demo/prod-7.svg,71
7791000070485,Activlife Cinta hipoalergénica 2.5cm x2,15650,,,45,,138
7791000070492,Activlife Termómetro digital pack familiar,35100,,,45,,
7791000070508,Activlife Test de embarazo pack familiar,25400,33850,,45,,201
7791000070515,Sanix Guantes de nitrilo x100 uso hospitalario,11450,,,45,,168
7791000070522,Sanix Solución fisiológica 500ml uso hospitalario,9900,14150,,45,,210
7791000070539,Fortex Guantes de nitrilo x100 uso hospitalario,11550,,,45,,247
7791000070546,Activlife Tensiómetro digital de brazo uso hospitalario,7000,,,45,/img/demo/prod-4.svg,60
7791000070553,Fortex Termómetro digital uso hospitalario,17050,,,45,/img/demo/prod-5.svg,
7791000070560,Femina Guantes de nitrilo x100,29600,,,46,,45
7791000070577,Femina Botiquín primeros auxilios completo uso hospitalario,14400,,,46,,
7791000070584,Fortex Alcohol etílico 96% 500ml x2,25750,,,46,/img/demo/prod-3.svg,223
7791000070591,Vigorplus Agua oxigenada 10 vol 500ml x2,27600,36800,,46,,233
7791000070607,Femina Guantes de nitrilo x100 uso hospitalario,1700,,Combo,46,,118
7791000070614,Genbio Collarín cervical blando pack familiar,2950,,,46,,
7791000070621,Genbio Oxímetro de pulso uso hospitalario,7800,,,46,,71
7791000070638,Fortex Gasas estériles 10x10 x10,1400,,,46,/img/demo/prod-8.svg,125
7791000070645,Vigorplus Solución fisiológica 500ml,15350,,,46,,
7791000070652,Fortex Collarín cervical blando pack familiar,25150,,,46,,
7791000070669,Femina Apósitos adhesivos x20 uso hospitalario,35600,,,46,,106
7791000070676,Vigorplus Jeringa descartable 5ml x10 pack familiar,3750,,,46,,
7791000070683,Femina Bolsa de agua caliente 2L,4950,,,46,,
7791000070690,Femina Alcohol etílico 96% 500ml x2,14050,,,46,,54
7791000070706,Genbio Termómetro digital,20750,,,46,,190
7791000070713,Femina Bolsa de agua caliente 2L uso hospitalario,23000,,,46,,
7791000070720,Vigorplus Tensiómetro digital de brazo pack familiar,13500,,Combo,46,,
7791000070737,Fortex Algodón hidrófilo 200g pack familiar,9300,,,46,,
7791000070744,Femina Collarín cervical blando pack familiar,25100,,,46,,180
7791000070751,Fortex Cinta hipoalergénica 2.5cm,1350,1600,,46,,227
7791000070768,Vigorplus Oxímetro de pulso pack familiar,43650,,,46,,195
7791000070775,Fortex Barbijo tricapa x50 x2,27550,,,46,,198
7791000070782,Fortex Tensiómetro digital de brazo pack familiar,8500,,,46,/img/demo/prod-5.svg,
7791000070799,Genbio Solución fisiológica 500ml uso hospitalario,14750,,,46,,14
7791000070805,Fortex Barbijo tricapa x50,2250,3000,,46,,201
7791000070812,Vigorplus Gasas estériles 10x10 x10 x2,12200,,,46,,
7791000070829,Genbio Cinta hipoalergénica 2.5cm x2,9650,,Combo,46,,34
7791000070836,Genbio Botiquín primeros auxilios completo pack familiar,10600,,,46,,142
7791000070843,Femina Bolsa de agua caliente 2L x2,5200,,,46,,
7791000070850,Vigorplus Barbijo tricapa x50,21650,,,46,,
7791000070867,Fortex Cinta hipoalergénica 2.5cm x2,10650,,,46,,
7791000070874,Fortex Férula inmovilizadora de dedo x2,2950,,,46,,205
7791000070881,Genbio Venda elástica 10cm uso hospitalario,8950,,,46,,87
7791000070898,Femina Venda elástica 10cm,1800,,,46,,25
7791000070904,Genbio Solución fisiológica 500ml,3750,,,46,,184
7791000070911,Femina Botiquín primeros auxilios completo,8700,,,46,,
7791000070928,Fortex Solución fisiológica 500ml uso hospitalario,20150,,,46,,104
7791000070935,Fortex Antiséptico en spray 100ml,2300,,,46,,177
7791000070942,Fortex Algodón hidrófilo 200g uso hospitalario,3350,3950,,46,,
7791000070959,Femina Solución fisiológica 500ml,3550,,2x1,46,,
7791000070966,Femina Jeringa descartable 5ml x10 uso hospitalario,6150,,,46,,
7791000070973,Vigorplus Venda elástica 10cm,2000,,,46,,201
7791000070980,Vigorplus Barbijo tricapa x50 x2,6250,,,46,,
7791000070997,Vigorplus Botiquín primeros auxilios completo uso hospitalario,5300,,,46,/img/demo/prod-7.svg,
7791000071000,Femina Solución fisiológica 500ml x2,23250,,,46,,
7791000071017,Fortex Botiquín primeros auxilios completo pack familiar,24200,,,46,/img/demo/prod-5.svg,87
7791000071024,Vigorplus Gasas estériles 10x10 x10 pack familiar,22750,,,46,/img/demo/prod-7.svg,
7791000071031,Femina Agua oxigenada 10 vol 500ml,12000,,,46,,108
7791000071048,Fortex Oxímetro de pulso x2,4100,,,46,/img/demo/prod-6.svg,
7791000071055,Genbio Cinta hipoalergénica 2.5cm pack familiar,4250,,,46,,217
7791000071062,Genbio Antiséptico en spray 100ml uso hospitalario,16200,,,46,,40
7791000071079,Fortex Botiquín primeros auxilios completo,1950,2300,,46,,
7791000071086,Femina Bolsa de agua caliente 2L pack familiar,17950,,,46,,
7791000071093,Vigorplus Algodón hidrófilo 200g pack familiar,3150,,,46,,
7791000071109,Femina Venda elástica 10cm x2,14000,20000,,46,/img/demo/prod-2.svg,42
7791000071116,Vigorplus Botiquín primeros auxilios completo pack familiar,25550,,,46,,33
7791000071123,Femina Botiquín primeros auxilios completo x2,29950,,,46,,52
7791000071130,Vigorplus Venda elástica 10cm x2,16900,,3x2,46,,137
7791000071147,Femina Termómetro digital pack familiar,26150,,,46,,88
7791000071154,Genbio Algodón hidrófilo 200g uso hospitalario,38550,,,46,/img/demo/prod-1.svg,
7791000071161,Vigorplus Collarín cervical blando,11950,18400,,46,,166
7791000071178,Vigorplus Agua oxigenada 10 vol 500ml,17950,,,46,,
7791000071185,Femina Férula inmovilizadora de dedo pack familiar,10300,,,46,,179
7791000071192,Genbio Jeringa descartable 5ml x10,15900,18700,Oferta,46,,
7791000071208,Genbio Oxímetro de pulso x2,19050,22400,,46,,73
7791000071215,Genbio Bolsa de agua caliente 2L pack familiar,7500,,,46,,
7791000071222,Genbio Alcohol etílico 96% 500ml,10200,17000,,46,/img/demo/prod-8.svg,
7791000071239,Genbio Venda elástica 10cm x2,14450,,2x1,46,,187
7791000071246,Femina Antiséptico en spray 100ml x2,19300,,,46,,58
7791000071253,Femina Tensiómetro digital de brazo pack familiar,12600,,,46,/img/demo/prod-5.svg,
7791000071260,Fortex Termómetro digital,5350,10700,,46,,
7791000071277,Vigorplus Gasas estériles 10x10 x10,25950,,,46,,
7791000071284,Genbio Solución fisiológica 500ml pack familiar,4650,,,46,,16
7791000071291,Femina Algodón hidrófilo 200g x2,1300,,,46,,
7791000071307,Fortex Guantes de nitrilo x100 x2,37150,,,46,,80
7791000071314,Fortex Test de embarazo x2,8700,,,46,,0
7791000071321,Vigorplus Alcohol etílico 96% 500ml uso hospitalario,15000,,,46,,194
7791000071338,Genbio Bolsa de agua caliente 2L uso hospitalario,7500,10700,Oferta,46,/img/demo/prod-4.svg,
7791000071345,Genbio Cinta hipoalergénica 2.5cm uso hospitalario,16500,,,46,,
7791000071352,Genbio Gasas estériles 10x10 x10 uso hospitalario,6800,,,46,,13
7791000071369,Fortex Bolsa de agua caliente 2L uso hospitalario,1200,,,46,,
7791000071376,Femina Oxímetro de pulso pack familiar,4850,,,46,,
7791000071383,Genbio Algodón hidrófilo 200g pack familiar,1800,3000,Oferta,46,,35
7791000071390,Fortex Algodón hidrófilo 200g,4550,,,46,,190
7791000071406,Vigorplus Agua oxigenada 10 vol 500ml pack familiar,5750,7650,,46,/img/demo/prod-8.svg,131
7791000071413,Vigorplus Collarín cervical blando x2,4200,,2x1,46,,12
7791000071420,Fortex Test de embarazo uso hospitalario,2350,,2x1,46,,
7791000071437,Genbio Antiséptico en spray 100ml,1350,,Lanzamiento,46,,7
7791000071444,Vigorplus Guantes de nitrilo x100 x2,23650,,,46,,231
7791000071451,Vigorplus Antiséptico en spray 100ml pack familiar,3750,,,46,,
7791000071468,Fortex Gasas estériles 10x10 x10 pack familiar,9650,,,46,,82
7791000071475,Vigorplus Antiséptico en spray 100ml uso hospitalario,24100,48200,,46,,58
7791000071482,Vigorplus Termómetro digital,20900,32150,,46,,
7791000071499,Femina Tensiómetro digital de brazo,4350,,,46,,1
7791000071505,Femina Cinta hipoalergénica 2.5cm x2,19950,,,46,,
7791000071512,Vigorplus Cinta hipoalergénica 2.5cm uso hospitalario,14000,,,46,,26
7791000071529,Genbio Guantes de nitrilo x100,10250,,,46,,
7791000071536,Genbio Bolsa de agua caliente 2L,22600,,,46,,56
7791000071543,Fortex Férula inmovilizadora de dedo uso hospitalario,11150,,,46,,
7791000071550,Genbio Apósitos adhesivos x20 uso hospitalario,2950,,,46,,
7791000071567,Femina Oxímetro de pulso,28600,,,46,,
7791000071574,Fortex Solución fisiológica 500ml,5250,,,46,,
7791000071581,Fortex Antiséptico en spray 100ml pack familiar,17750,,,46,,
7791000071598,Fortex Jeringa descartable 5ml x10 x2,16050,,,46,,167
7791000071604,Fortex Termómetro digital pack familiar,3450,,,46,,32
7791000071611,Fortex Antiséptico en spray 100ml x2,4400,,,46,,
7791000071628,Genbio Antiséptico en spray 100ml pack familiar,4950,,,46,,
7791000071635,Genbio Tensiómetro digital de brazo pack familiar,2250,,3x2,46,,
7791000071642,Fortex Test de embarazo,8600,,,46,,
7791000071659,Femina Férula inmovilizadora de dedo uso hospitalario,16500,,,46,,212
7791000071666,Fortex Oxímetro de pulso uso hospitalario,17400,,,46,,
7791000071673,Genbio Apósitos adhesivos x20 pack familiar,11000,18350,Oferta,46,,
7791000071680,Vigorplus Jeringa descartable 5ml x10 x2,12500,16650,,46,,
7791000071697,Vigorplus Alcohol etílico 96% 500ml,7300,,,46,/img/demo/prod-7.svg,226
7791000071703,Femina Test de embarazo pack familiar,16050,,,46,,113
7791000071710,Femina Test de embarazo uso hospitalario,1850,,,46,,
7791000071727,Femina Cinta hipoalergénica 2.5cm uso hospitalario,1300,,,46,,
7791000071734,Vigorplus Jeringa descartable 5ml x10 uso hospitalario,2900,,,46,/img/demo/prod-4.svg,
7791000071741,Genbio Agua oxigenada 10 vol 500ml,19600,,,46,/img/demo/prod-8.svg,240
7791000071758,Femina Alcohol etílico 96% 500ml pack familiar,13700,,,46,,222
7791000071765,Vigorplus Alcohol etílico 96% 500ml pack familiar,3300,4400,,46,/img/demo/prod-7.svg,
7791000071772,Femina Jeringa descartable 5ml x10 x2,13500,15900,,46,,
7791000071789,Fortex Alcohol etílico 96% 500ml,8350,,,46,,55
7791000071796,Genbio Apósitos adhesivos x20 x2,7000,,,46,,
7791000071802,Genbio Agua oxigenada 10 vol 500ml x2,6800,,,46,,
7791000071819,Vigorplus Termómetro digital uso hospitalario,11550,,,46,/img/demo/prod-6.svg,
7791000071826,Genbio Test de embarazo x2,20550,,,46,,
7791000071833,Genbio Guantes de nitrilo x100 uso hospitalario,27750,,Combo,46,/img/demo/prod-6.svg,
7791000071840,Fortex Tensiómetro digital de brazo,2350,,,46,,131
7791000071857,Fortex Botiquín primeros auxilios completo x2,29800,,,46,,
7791000071864,Femina Botiquín primeros auxilios completo pack familiar,1400,,,46,/img/demo/prod-5.svg,76
7791000071871,Vigorplus Cinta hipoalergénica 2.5cm x2,22650,,,46,,190
7791000071888,Vigorplus Gasas estériles 10x10 x10 uso hospitalario,22150,,,46,,31
7791000071895,Genbio Alcohol etílico 96% 500ml pack familiar,10500,,,46,,42
7791000071901,Fortex Jeringa descartable 5ml x10 uso hospitalario,2300,,,46,,
7791000071918,Vigorplus Antiséptico en spray 100ml,23900,,,46,,201
7791000071925,Femina Tensiómetro digital de brazo uso hospitalario,3000,4300,,46,,91
7791000071932,Femina Barbijo tricapa x50 x2,16850,,,46,,185
7791000071949,Vigorplus Guantes de nitrilo x100,4050,6250,,46,/img/demo/prod-8.svg,
7791000071956,Femina Agua oxigenada 10 vol 500ml pack familiar,1300,,,46,,
7791000071963,Genbio Apósitos adhesivos x20,11000,,,46,,134
7791000071970,Femina Oxímetro de pulso x2,6600,,,46,,
7791000071987,Fortex Férula inmovilizadora de dedo,7300,,,46,,
7791000071994,Fortex Agua oxigenada 10 vol 500ml uso hospitalario,6250,,,46,,
7791000072007,Femina Alcohol etílico 96% 500ml,6050,,,46,,122
7791000072014,Fortex Solución fisiológica 500ml pack familiar,16350,,,46,,244
7791000072021,Vigorplus Venda elástica 10cm uso hospitalario,7450,,,46,,
7791000072038,Genbio Oxímetro de pulso pack familiar,1450,,,46,,115
7791000072045,Genbio Collarín cervical blando,17700,,,46,,
7791000072052,Fortex Oxímetro de pulso pack familiar,10700,,,46,,
7791000072069,Femina Agua oxigenada 10 vol 500ml uso hospitalario,6950,,,46,/img/demo/prod-5.svg,
7791000072076,Genbio Jeringa descartable 5ml x10 uso hospitalario,3650,4050,,46,,
7791000072083,Fortex Bolsa de agua caliente 2L pack familiar,6000,,,46,,213
7791000072090,Genbio Tensiómetro digital de brazo,2200,2750,Oferta,46,,165
7791000072106,Vigorplus Test de embarazo pack familiar,23850,39750,,46,,
7791000072113,Femina Gasas estériles 10x10 x10 x2,28450,,,46,,184
7791000072120,Femina Apósitos adhesivos x20,3850,,,46,,97
7791000072137,Fortex Barbijo tricapa x50 pack familiar,9750,,,46,,
7791000072144,Femina Cinta hipoalergénica 2.5cm pack familiar,11800,,,46,/img/demo/prod-3.svg,51
7791000072151,Fortex Test de embarazo pack familiar,7700,,3x2,46,/img/demo/prod-2.svg,90
7791000072168,Genbio Collarín cervical blando x2,31300,,Combo,46,,
7791000072175,Genbio Botiquín primeros auxilios completo x2,4650,,,46,,
7791000072182,Femina Barbijo tricapa x50 uso hospitalario,30450,,,46,,
7791000072199,Genbio Botiquín primeros auxilios completo uso hospitalario,8800,,Lanzamiento,46,/img/demo/prod-4.svg,
7791000072205,Fortex Algodón hidrófilo 200g x2,29000,,,46,,
7791000072212,Genbio Antiséptico en spray 100ml x2,1850,2200,Oferta,46,,
7791000072229,Genbio Férula inmovilizadora de dedo uso hospitalario,2400,,,46,,
7791000072236,Genbio Guantes de nitrilo x100 x2,37150,,,46,,
7791000072243,Fortex Venda elástica 10cm,2500,,,46,/img/demo/prod-8.svg,
7791000072250,Femina Termómetro digital x2,35650,,,46,,
7791000072267,Femina Barbijo tricapa x50,18950,27050,,46,,0
7791000072274,Fortex Venda elástica 10cm uso hospitalario,10300,,,46,,
7791000072281,Femina Algodón hidrófilo 200g pack familiar,13350,,Lanzamiento,46,,
7791000072298,Femina Botiquín primeros auxilios completo uso hospitalario,2600,,,47,,
7791000072304,Femina Collarín cervical blando,3200,,,47,,
7791000072311,Femina Test de embarazo x2,30000,,,47,,
7791000072328,Femina Venda elástica 10cm x2,5250,,,47,,
7791000072335,Farmax Algodón hidrófilo 200g x2,8000,,,47,,
7791000072342,Femina Collarín cervical blando x2,1200,,,47,,
7791000072359,Kindel Apósitos adhesivos x20 pack familiar,19900,,,47,,146
7791000072366,Kindel Barbijo tricapa x50 pack familiar,17900,,Combo,47,,
7791000072373,Femina Termómetro digital uso hospitalario,5800,,,47,,
7791000072380,Femina Jeringa descartable 5ml x10 x2,15000,,,47,/img/demo/prod-1.svg,
7791000072397,Femina Oxímetro de pulso x2,5600,,,47,,198
7791000072403,Farmax Barbijo tricapa x50 x2,4700,,,47,,168
7791000072410,Farmax Férula inmovilizadora de dedo x2,23000,,,47,,
7791000072427,Femina Test de embarazo uso hospitalario,27300,,,47,,170
7791000072434,Femina Guantes de nitrilo x100 pack familiar,27350,,,47,,41
7791000072441,Farmax Apósitos adhesivos x20 uso hospitalario,6150,,,47,/img/demo/prod-2.svg,
7791000072458,Femina Antiséptico en spray 100ml uso hospitalario,1600,,,47,,143
7791000072465,Kindel Guantes de nitrilo x100 pack familiar,17000,34000,,47,,182
7791000072472,Femina Antiséptico en spray 100ml,12100,13450,,47,,
7791000072489,Kindel Jeringa descartable 5ml x10 x2,2100,,,47,/img/demo/prod-5.svg,
7791000072496,Biofem Venda elástica 10cm x2,11650,,,47,,244
7791000072502,Kindel Botiquín primeros auxilios completo uso hospitalario,38100,,,47,,
7791000072519,Farmax Agua oxigenada 10 vol 500ml pack familiar,9400,,,47,,183
7791000072526,Kindel Solución fisiológica 500ml x2,5800,,,47,/img/demo/prod-7.svg,159
7791000072533,Biofem Guantes de nitrilo x100 pack familiar,18750,23450,Oferta,47,,132
7791000072540,Femina Oxímetro de pulso uso hospitalario,25350,,,47,,
7791000072557,Biofem Collarín cervical blando x2,7500,,,47,,
7791000072564,Kindel Agua oxigenada 10 vol 500ml uso hospitalario,13950,,,47,/img/demo/prod-6.svg,
7791000072571,Biofem Agua oxigenada 10 vol 500ml uso hospitalario,2750,3050,,47,,
7791000072588,Kindel Férula inmovilizadora de dedo pack familiar,10800,,,47,,215
7791000072595,Kindel Tensiómetro digital de brazo pack familiar,8900,,,47,,128
7791000072601,Kindel Antiséptico en spray 100ml x2,9050,,,47,/img/demo/prod-6.svg,70
7791000072618,Farmax Botiquín primeros auxilios completo,2500,,,47,,
7791000072625,Femina Bolsa de agua caliente 2L uso hospitalario,4750,,,47,/img/demo/prod-4.svg,
7791000072632,Biofem Barbijo tricapa x50 pack familiar,1250,,,47,,95
7791000072649,Kindel Collarín cervical blando x2,14350,,,47,,
7791000072656,Kindel Cinta hipoalergénica 2.5cm pack familiar,3850,,,47,,
7791000072663,Biofem Gasas estériles 10x10 x10 x2,9200,,,47,,
7791000072670,Femina Agua oxigenada 10 vol 500ml pack familiar,5550,,,47,,
7791000072687,Biofem Algodón hidrófilo 200g x2,29100,,,47,,
7791000072694,Femina Apósitos adhesivos x20 uso hospitalario,1550,1950,,47,,
7791000072700,Femina Termómetro digital pack familiar,6850,,Combo,47,,
7791000072717,Biofem Barbijo tricapa x50,2100,,,47,/img/demo/prod-8.svg,
7791000072724,Kindel Solución fisiológica 500ml uso hospitalario,5450,,,47,,
7791000072731,Kindel Férula inmovilizadora de dedo x2,10650,,,47,,
7791000072748,Farmax Oxímetro de pulso x2,3900,,,47,,
7791000072755,Kindel Antiséptico en spray 100ml pack familiar,2800,,,47,,
7791000072762,Kindel Venda elástica 10cm,3800,5850,,47,,100
7791000072779,Farmax Termómetro digital pack familiar,2950,,,47,,197
7791000072786,Femina Venda elástica 10cm uso hospitalario,19900,33150,Oferta,47,/img/demo/prod-3.svg,164
7791000072793,Femina Oxímetro de pulso,8300,,,47,,242
7791000072809,Femina Barbijo tricapa x50 pack familiar,7750,8600,,47,,
7791000072816,Femina Collarín cervical blando pack familiar,16750,,3x2,47,,
7791000072823,Kindel Botiquín primeros auxilios completo x2,3400,,,47,,221
7791000072830,Biofem Venda elástica 10cm,24850,,Lanzamiento,47,,86
7791000072847,Biofem Cinta hipoalergénica 2.5cm uso hospitalario,8350,,,47,,212
7791000072854,Femina Cinta hipoalergénica 2.5cm x2,4600,,,47,,
7791000072861,Farmax Barbijo tricapa x50 pack familiar,19100,31850,,47,,167
7791000072878,Femina Férula inmovilizadora de dedo x2,2650,2950,,47,,
7791000072885,Farmax Apósitos adhesivos x20 x2,30200,,,47,,
7791000072892,Kindel Oxímetro de pulso pack familiar,31150,,,47,,
7791000072908,Farmax Termómetro digital,3650,6100,,47,,
7791000072915,Biofem Gasas estériles 10x10 x10 pack familiar,6100,9400,,47,,
7791000072922,Biofem Oxímetro de pulso uso hospitalario,4900,,,47,,
7791000072939,Biofem Férula inmovilizadora de dedo,15000,,,47,,192
7791000072946,Farmax Oxímetro de pulso uso hospitalario,29100,,,47,,
7791000072953,Femina Cinta hipoalergénica 2.5cm pack familiar,24150,,,47,,240
7791000072960,Biofem Test de embarazo pack familiar,8550,,,47,,93
7791000072977,Farmax Botiquín primeros auxilios completo pack familiar,23500,36150,,47,,36
7791000072984,Farmax Botiquín primeros auxilios completo x2,3050,,2x1,47,,187
7791000072991,Femina Jeringa descartable 5ml x10,3850,6400,,47,,
7791000073004,Femina Oxímetro de pulso pack familiar,1800,,,47,,134
7791000073011,Femina Barbijo tricapa x50,6600,7350,,47,,57
7791000073028,Biofem Guantes de nitrilo x100 uso hospitalario,1300,,,47,,29
7791000073035,Farmax Apósitos adhesivos x20,17000,,,47,,55
7791000073042,Farmax Test de embarazo pack familiar,28900,36150,,47,,
7791000073059,Biofem Venda elástica 10cm pack familiar,4700,,,47,,
7791000073066,Farmax Antiséptico en spray 100ml x2,17100,,,47,,151
7791000073073,Kindel Solución fisiológica 500ml pack familiar,18850,22200,,47,,
7791000073080,Farmax Férula inmovilizadora de dedo pack familiar,2250,,,47,,
7791000073097,Farmax Antiséptico en spray 100ml,1950,,,47,,
7791000073103,Femina Solución fisiológica 500ml,17100,,,47,,221
7791000073110,Biofem Tensiómetro digital de brazo,17350,19300,,47,,68
7791000073127,Femina Botiquín primeros auxilios completo x2,12900,,,47,/img/demo/prod-5.svg,104
7791000073134,Biofem Férula inmovilizadora de dedo uso hospitalario,7600,8950,,47,,
7791000073141,Biofem Bolsa de agua caliente 2L,42100,56150,,47,,
7791000073158,Femina Férula inmovilizadora de dedo uso hospitalario,4700,,,47,,
7791000073165,Farmax Oxímetro de pulso pack familiar,41800,,,47,/img/demo/prod-5.svg,
7791000073172,Kindel Jeringa descartable 5ml x10 uso hospitalario,21450,,,47,,239
7791000073189,Kindel Botiquín primeros auxilios completo,26450,,,47,,
7791000073196,Biofem Apósitos adhesivos x20 x2,25250,,,47,,
7791000073202,Femina Gasas estériles 10x10 x10 pack familiar,9750,,,47,,54
7791000073219,Kindel Agua oxigenada 10 vol 500ml x2,12300,14450,,47,,
7791000073226,Kindel Jeringa descartable 5ml x10 pack familiar,1500,,,47,,0
7791000073233,Femina Agua oxigenada 10 vol 500ml,22850,,,47,,18
7791000073240,Kindel Alcohol etílico 96% 500ml x2,31250,,,47,,
7791000073257,Femina Cinta hipoalergénica 2.5cm,16600,18450,Oferta,47,,
7791000073264,Farmax Férula inmovilizadora de dedo uso hospitalario,3850,5150,,47,,243
7791000073271,Biofem Bolsa de agua caliente 2L x2,15750,24250,Oferta,47,,95
7791000073288,Biofem Apósitos adhesivos x20 uso hospitalario,10450,,Combo,47,/img/demo/prod-3.svg,
7791000073295,Kindel Alcohol etílico 96% 500ml pack familiar,6200,,,47,/img/demo/prod-2.svg,177
7791000073301,Kindel Férula inmovilizadora de dedo uso hospitalario,3250,,,47,,
7791000073318,Kindel Barbijo tricapa x50 uso hospitalario,6150,,,47,,
7791000073325,Femina Agua oxigenada 10 vol 500ml x2,15100,,,47,,
7791000073332,Kindel Bolsa de agua caliente 2L,2150,,,47,,52
7791000073349,Kindel Algodón hidrófilo 200g x2,8900,,,47,,197
7791000073356,Biofem Tensiómetro digital de brazo pack familiar,16750,,,47,,118
7791000073363,Biofem Cinta hipoalergénica 2.5cm pack familiar,2150,,,47,,123
7791000073370,Biofem Botiquín primeros auxilios completo x2,4650,,,47,,95
7791000073387,Kindel Termómetro digital,7950,,2x1,47,,
7791000073394,Femina Collarín cervical blando uso hospitalario,23650,,,47,,
7791000073400,Femina Termómetro digital,2050,,,47,,114
7791000073417,Farmax Gasas estériles 10x10 x10 uso hospitalario,6400,,,47,/img/demo/prod-7.svg,
7791000073424,Kindel Termómetro digital pack familiar,2800,,,47,,245
7791000073431,Kindel Guantes de nitrilo x100,10550,,,47,/img/demo/prod-6.svg,
7791000073448,Farmax Guantes de nitrilo x100 uso hospitalario,13700,,,47,,47
7791000073455,Femina Jeringa descartable 5ml x10 uso hospitalario,24150,,,47,,
7791000073462,Biofem Bolsa de agua caliente 2L pack familiar,13750,,,47,/img/demo/prod-6.svg,
7791000073479,Farmax Test de embarazo,20000,,,47,,
7791000073486,Femina Algodón hidrófilo 200g pack familiar,5400,,,47,,185
7791000073493,Farmax Collarín cervical blando,21000,,,47,,
7791000073509,Farmax Guantes de nitrilo x100,30350,,,47,/img/demo/prod-4.svg,
7791000073516,Farmax Jeringa descartable 5ml x10 pack familiar,9500,,,47,,
7791000073523,Farmax Termómetro digital x2,8550,,,47,,16
7791000073530,Biofem Collarín cervical blando pack familiar,16200,,,47,,90
7791000073547,Farmax Venda elástica 10cm pack familiar,22700,,,47,/img/demo/prod-2.svg,
7791000073554,Biofem Agua oxigenada 10 vol 500ml x2,30350,,Combo,47,,
7791000073561,Kindel Apósitos adhesivos x20 x2,1450,,,47,,38
7791000073578,Femina Algodón hidrófilo 200g,21500,25300,Oferta,47,,213
7791000073585,Biofem Guantes de nitrilo x100,15450,,,47,,30
7791000073592,Farmax Venda elástica 10cm uso hospitalario,5850,,,47,,6
7791000073608,Femina Bolsa de agua caliente 2L x2,5350,,,47,,
7791000073615,Farmax Agua oxigenada 10 vol 500ml x2,10200,,,47,,152
7791000073622,Biofem Antiséptico en spray 100ml x2,31450,,,47,,
7791000073639,Farmax Venda elástica 10cm x2,6600,,,47,,18
7791000073646,Farmax Gasas estériles 10x10 x10 x2,1700,,,47,,218
7791000073653,Biofem Férula inmovilizadora de dedo pack familiar,15950,,,47,,
7791000073660,Kindel Algodón hidrófilo 200g,3950,,,47,,68
7791000073677,Farmax Algodón hidrófilo 200g,17950,,,47,,102
7791000073684,Kindel Test de embarazo uso hospitalario,36100,,,47,/img/demo/prod-2.svg,
7791000073691,Kindel Collarín cervical blando uso hospitalario,22900,,,47,,65
7791000073707,Biofem Algodón hidrófilo 200g,13650,,,47,,134
7791000073714,Kindel Antiséptico en spray 100ml,21050,,,47,,128
7791000073721,Femina Botiquín primeros auxilios completo pack familiar,19150,,,47,,152
7791000073738,Biofem Tensiómetro digital de brazo x2,17200,,,47,,
7791000073745,Kindel Jeringa descartable 5ml x10,34200,38000,,47,,243
7791000073752,Femina Botiquín primeros auxilios completo,6700,,,47,,208
7791000073769,Femina Algodón hidrófilo 200g x2,19100,,,47,,53
7791000073776,Femina Barbijo tricapa x50 uso hospitalario,1250,,,47,,225
7791000073783,Kindel Agua oxigenada 10 vol 500ml,11100,,,47,,
7791000073790,Biofem Algodón hidrófilo 200g uso hospitalario,5850,,,47,,
7791000073806,Biofem Jeringa descartable 5ml x10 pack familiar,8950,,,47,,
7791000073813,Biofem Botiquín primeros auxilios completo pack familiar,9300,,,47,,
7791000073820,Biofem Algodón hidrófilo 200g pack familiar,2100,,,47,,180
7791000073837,Farmax Tensiómetro digital de brazo pack familiar,1500,,,47,,
7791000073844,Biofem Jeringa descartable 5ml x10,30100,,,47,/img/demo/prod-3.svg,
7791000073851,Farmax Agua oxigenada 10 vol 500ml,4100,,3x2,47,,133
7791000073868,Biofem Apósitos adhesivos x20,28400,,,47,/img/demo/prod-3.svg,40
7791000073875,Kindel Bolsa de agua caliente 2L uso hospitalario,27200,,,47,,173
7791000073882,Kindel Antiséptico en spray 100ml uso hospitalario,21350,,,47,,148
7791000073899,Biofem Barbijo tricapa x50 x2,7950,,,47,,
7791000073905,Femina Termómetro digital x2,1550,,3x2,47,/img/demo/prod-4.svg,
7791000073912,Farmax Botiquín primeros auxilios completo uso hospitalario,3000,,,47,,
7791000073929,Biofem Agua oxigenada 10 vol 500ml,17550,,,47,,229
7791000073936,Femina Barbijo tricapa x50 x2,6700,,,47,,222
7791000073943,Femina Solución fisiológica 500ml x2,4100,6300,Oferta,47,,
7791000073950,Femina Solución fisiológica 500ml pack familiar,14300,16800,,47,,229
7791000073967,Farmax Solución fisiológica 500ml x2,35100,,,47,,139
7791000073974,Biofem Tensiómetro digital de brazo uso hospitalario,10800,,,47,,47
7791000073981,Kindel Gasas estériles 10x10 x10 uso hospitalario,24950,,,47,,8
7791000073998,Farmax Agua oxigenada 10 vol 500ml uso hospitalario,24350,37450,Oferta,47,,
7791000074001,Farmax Gasas estériles 10x10 x10,18450,,,47,,22
7791000074018,Kindel Cinta hipoalergénica 2.5cm x2,15650,,,47,,182
7791000074025,Farmax Solución fisiológica 500ml,17900,29850,,47,,216
7791000074032,Farmax Collarín cervical blando pack familiar,7550,,,47,/img/demo/prod-1.svg,32
7791000074049,Kindel Tensiómetro digital de brazo,38950,,,47,,32
7791000074056,Femina Venda elástica 10cm pack familiar,5550,,,47,,
7791000074063,Biofem Solución fisiológica 500ml x2,3900,,,47,,
7791000074070,Nutrimax Solución fisiológica 500ml x2,3250,,,48,,215
7791000074087,Serenol Botiquín primeros auxilios completo pack familiar,15500,,,48,/img/demo/prod-5.svg,
7791000074094,Serenol Tensiómetro digital de brazo pack familiar,1550,,,48,,
7791000074100,Biosol Gasas estériles 10x10 x10 pack familiar,42100,,,48,,3
7791000074117,Nutrimax Test de embarazo uso hospitalario,2200,,,48,,
7791000074124,Biosol Tensiómetro digital de brazo,7350,,,48,,17
7791000074131,Biosol Apósitos adhesivos x20,6150,,,48,,7
7791000074148,Serenol Oxímetro de pulso pack familiar,3000,,,48,,163
7791000074155,Genbio Guantes de nitrilo x100 pack familiar,23900,29900,,48,,
7791000074162,Serenol Antiséptico en spray 100ml x2,3450,,,48,,
7791000074179,Nutrimax Collarín cervical blando uso hospitalario,21450,,,48,,111
7791000074186,Serenol Barbijo tricapa x50 uso hospitalario,1200,,,48,,
7791000074193,Serenol Test de embarazo uso hospitalario,34950,,,48,,
7791000074209,Genbio Agua oxigenada 10 vol 500ml uso hospitalario,1250,2100,,48,,44
7791000074216,Biosol Guantes de nitrilo x100 uso hospitalario,26800,,,48,,96
7791000074223,Nutrimax Alcohol etílico 96% 500ml,4150,,,48,,
7791000074230,Nutrimax Solución fisiológica 500ml pack familiar,18250,,,48,,61
7791000074247,Nutrimax Oxímetro de pulso uso hospitalario,11450,,,48,,52
7791000074254,Genbio Férula inmovilizadora de dedo uso hospitalario,7700,,,48,,214
7791000074261,Nutrimax Férula inmovilizadora de dedo uso hospitalario,1250,,,48,,
7791000074278,Biosol Bolsa de agua caliente 2L uso hospitalario,6000,,,48,,241
7791000074285,Biosol Alcohol etílico 96% 500ml pack familiar,23600,,,48,,
7791000074292,Nutrimax Botiquín primeros auxilios completo,6050,,,48,,
7791000074308,Nutrimax Venda elástica 10cm uso hospitalario,1450,,,48,,229
7791000074315,Genbio Bolsa de agua caliente 2L pack familiar,3700,5300,Oferta,48,,192
7791000074322,Biosol Apósitos adhesivos x20 pack familiar,9400,10450,,48,,102
7791000074339,Nutrimax Jeringa descartable 5ml x10 uso hospitalario,11550,,Combo,48,,85
7791000074346,Genbio Gasas estériles 10x10 x10 pack familiar,13300,,,48,,
7791000074353,Serenol Barbijo tricapa x50,11550,,,48,,
7791000074360,Biosol Termómetro digital x2,7500,,,48,/img/demo/prod-2.svg,13
7791000074377,Biosol Férula inmovilizadora de dedo uso hospitalario,4950,,,48,,
7791000074384,Serenol Guantes de nitrilo x100,4000,,,48,,45
7791000074391,Biosol Tensiómetro digital de brazo x2,1650,,,48,,
7791000074407,Nutrimax Test de embarazo x2,21450,,,48,,
7791000074414,Nutrimax Bolsa de agua caliente 2L x2,20050,,,48,,
7791000074421,Biosol Algodón hidrófilo 200g x2,14450,,,48,,
7791000074438,Genbio Agua oxigenada 10 vol 500ml,15300,,,48,,
7791000074445,Genbio Botiquín primeros auxilios completo x2,42550,,2x1,48,,
7791000074452,Biosol Collarín cervical blando,16400,,,48,,
7791000074469,Genbio Termómetro digital,9350,,Lanzamiento,48,,
7791000074476,Nutrimax Bolsa de agua caliente 2L pack familiar,2350,,,48,,
7791000074483,Serenol Férula inmovilizadora de dedo uso hospitalario,32800,,,48,/img/demo/prod-8.svg,49
7791000074490,Genbio Venda elástica 10cm pack familiar,2250,,3x2,48,,
7791000074506,Serenol Agua oxigenada 10 vol 500ml x2,8850,,,48,,172
7791000074513,Serenol Antiséptico en spray 100ml,16100,,Lanzamiento,48,,0
7791000074520,Biosol Tensiómetro digital de brazo pack familiar,1600,,,48,,
7791000074537,Serenol Termómetro digital,13950,,,48,/img/demo/prod-1.svg,
7791000074544,Genbio Bolsa de agua caliente 2L,13300,,,48,,
7791000074551,Serenol Alcohol etílico 96% 500ml uso hospitalario,6700,7450,,48,,186
7791000074568,Serenol Cinta hipoalergénica 2.5cm uso hospitalario,26950,,,48,/img/demo/prod-4.svg,99
7791000074575,Biosol Férula inmovilizadora de dedo x2,1250,,,48,,
7791000074582,Biosol Agua oxigenada 10 vol 500ml,4700,,,48,,
7791000074599,Nutrimax Botiquín primeros auxilios completo x2,35000,,,48,,78
7791000074605,Genbio Apósitos adhesivos x20 uso hospitalario,10650,,,48,,
7791000074612,Nutrimax Test de embarazo,34000,,,48,,150
7791000074629,Biosol Collarín cervical blando x2,9000,,2x1,48,,
7791000074636,Nutrimax Tensiómetro digital de brazo uso hospitalario,19800,,,48,,
7791000074643,Nutrimax Gasas estériles 10x10 x10,5900,,,48,,212
7791000074650,Genbio Solución fisiológica 500ml,8500,,Lanzamiento,48,,
7791000074667,Biosol Solución fisiológica 500ml uso hospitalario,1550,2600,Oferta,48,,19
7791000074674,Genbio Oxímetro de pulso x2,2800,,,48,,
7791000074681,Genbio Agua oxigenada 10 vol 500ml pack familiar,11500,,,48,,225
7791000074698,Genbio Antiséptico en spray 100ml uso hospitalario,1950,,,48,,
7791000074704,Biosol Alcohol etílico 96% 500ml,4000,,,48,,
7791000074711,Biosol Apósitos adhesivos x20 uso hospitalario,3200,,,48,/img/demo/prod-6.svg,212
7791000074728,Biosol Antiséptico en spray 100ml pack familiar,30650,,,48,,81
7791000074735,Nutrimax Venda elástica 10cm x2,5550,,,48,,217
7791000074742,Genbio Algodón hidrófilo 200g,31550,,,48,,171
7791000074759,Biosol Apósitos adhesivos x20 x2,15950,,,48,,
7791000074766,Biosol Cinta hipoalergénica 2.5cm,5900,,,48,,
7791000074773,Serenol Férula inmovilizadora de dedo,2300,4600,,48,,0
7791000074780,Genbio Oxímetro de pulso,20300,22550,,48,/img/demo/prod-2.svg,
7791000074797,Biosol Venda elástica 10cm uso hospitalario,1350,,,48,,
7791000074803,Serenol Termómetro digital pack familiar,14250,,,48,,157
7791000074810,Serenol Collarín cervical blando uso hospitalario,4150,,,48,/img/demo/prod-4.svg,
7791000074827,Serenol Termómetro digital x2,19300,27550,,48,/img/demo/prod-5.svg,
7791000074834,Genbio Férula inmovilizadora de dedo pack familiar,8650,,,48,,118
7791000074841,Genbio Cinta hipoalergénica 2.5cm pack familiar,3600,,,48,,175
7791000074858,Serenol Botiquín primeros auxilios completo x2,25250,,,48,,66
7791000074865,Nutrimax Férula inmovilizadora de dedo x2,14500,,,48,,214
7791000074872,Genbio Alcohol etílico 96% 500ml,25850,,,48,,0
7791000074889,Biosol Guantes de nitrilo x100,41700,,,48,,
7791000074896,Genbio Solución fisiológica 500ml x2,4750,,,48,,
7791000074902,Nutrimax Alcohol etílico 96% 500ml x2,18550,,,48,,44
7791000074919,Nutrimax Oxímetro de pulso pack familiar,4250,,,48,,36
7791000074926,Serenol Jeringa descartable 5ml x10 uso hospitalario,2350,,,48,,99
7791000074933,Genbio Test de embarazo x2,1800,,Combo,48,,84
7791000074940,Nutrimax Gasas estériles 10x10 x10 uso hospitalario,10350,,,48,,18
7791000074957,Genbio Guantes de nitrilo x100,13650,,,48,,9
7791000074964,Serenol Oxímetro de pulso,5400,,,48,,
7791000074971,Nutrimax Férula inmovilizadora de dedo,17850,,,48,,37
7791000074988,Biosol Bolsa de agua caliente 2L,12100,,,48,,
7791000074995,Biosol Barbijo tricapa x50 pack familiar,16500,,,48,,
7791000075008,Biosol Cinta hipoalergénica 2.5cm uso hospitalario,1250,,,48,/img/demo/prod-1.svg,
7791000075015,Nutrimax Termómetro digital,9800,,,48,,
7791000075022,Nutrimax Venda elástica 10cm,12700,,,48,/img/demo/prod-1.svg,
7791000075039,Genbio Guantes de nitrilo x100 x2,5700,,,48,,
7791000075046,Genbio Antiséptico en spray 100ml x2,6400,,,48,,
7791000075053,Nutrimax Algodón hidrófilo 200g pack familiar,1600,1900,Oferta,48,,19
7791000075060,Biosol Férula inmovilizadora de dedo,25400,42350,,48,,242
7791000075077,Genbio Alcohol etílico 96% 500ml pack familiar,7850,,,48,,
7791000075084,Biosol Guantes de nitrilo x100 pack familiar,3300,,,48,,164
7791000075091,Nutrimax Test de embarazo pack familiar,8950,,,48,,
7791000075107,Genbio Tensiómetro digital de brazo,2200,2950,,48,,215
7791000075114,Serenol Botiquín primeros auxilios completo uso hospitalario,10500,,,48,,
7791000075121,Nutrimax Apósitos adhesivos x20 x2,12950,,Combo,48,,127
7791000075138,Genbio Test de embarazo pack familiar,1550,,2x1,48,,
7791000075145,Genbio Algodón hidrófilo 200g x2,13400,,,48,,
7791000075152,Serenol Férula inmovilizadora de dedo x2,31500,,,48,,
7791000075169,Biosol Gasas estériles 10x10 x10,18200,,,48,,
7791000075176,Serenol Férula inmovilizadora de dedo pack familiar,7700,12850,Oferta,48,,37
7791000075183,Biosol Oxímetro de pulso x2,11250,,,48,,
7791000075190,Nutrimax Barbijo tricapa x50 x2,7750,,,48,/img/demo/prod-7.svg,
7791000075206,Serenol Test de embarazo x2,3500,,,48,,
7791000075213,Nutrimax Antiséptico en spray 100ml,2650,,,48,,
7791000075220,Genbio Apósitos adhesivos x20 x2,6700,,,48,,82
7791000075237,Genbio Cinta hipoalergénica 2.5cm,2450,,,48,,0
7791000075244,Biosol Termómetro digital uso hospitalario,18150,,,48,,195
7791000075251,Biosol Férula inmovilizadora de dedo pack familiar,17750,,,48,,71
7791000075268,Serenol Venda elástica 10cm x2,9050,,,48,,0
7791000075275,Nutrimax Termómetro digital pack familiar,13150,,,48,,
7791000075282,Biosol Jeringa descartable 5ml x10 x2,16850,,,48,,0
7791000075299,Serenol Agua oxigenada 10 vol 500ml uso hospitalario,8450,13000,,48,/img/demo/prod-3.svg,
7791000075305,Nutrimax Tensiómetro digital de brazo x2,6200,8250,,48,,
7791000075312,Genbio Férula inmovilizadora de dedo,28900,,,48,,34
7791000075329,Serenol Gasas estériles 10x10 x10 uso hospitalario,8300,,,48,,
7791000075336,Nutrimax Solución fisiológica 500ml,23550,,,48,/img/demo/prod-4.svg,0
7791000075343,Genbio Termómetro digital x2,8300,,,48,/img/demo/prod-7.svg,
7791000075350,Nutrimax Collarín cervical blando x2,37200,,,48,,
7791000075367,Nutrimax Jeringa descartable 5ml x10 x2,8800,,,48,,
7791000075374,Serenol Collarín cervical blando,13800,,,48,,
7791000075381,Genbio Apósitos adhesivos x20 pack familiar,16950,,,48,,
7791000075398,Genbio Oxímetro de pulso uso hospitalario,28300,,,48,,89
7791000075404,Serenol Venda elástica 10cm,2050,,,48,,
7791000075411,Genbio Gasas estériles 10x10 x10 uso hospitalario,20300,,,48,,144
7791000075428,Genbio Collarín cervical blando pack familiar,3050,,,48,,
7791000075435,Serenol Algodón hidrófilo 200g x2,2750,,,48,,117
7791000075442,Serenol Bolsa de agua caliente 2L,2950,,,48,,6
7791000075459,Biosol Algodón hidrófilo 200g,15900,,,48,,134
7791000075466,Biosol Oxímetro de pulso,2300,,,48,,
7791000075473,Genbio Cinta hipoalergénica 2.5cm uso hospitalario,19400,32350,,48,,
7791000075480,Nutrimax Botiquín primeros auxilios completo uso hospitalario,22550,,,48,,
7791000075497,Serenol Alcohol etílico 96% 500ml x2,6450,,,48,,
7791000075503,Genbio Antiséptico en spray 100ml,34300,38100,,48,,43
7791000075510,Biosol Venda elástica 10cm x2,17500,19450,,48,,45
7791000075527,Genbio Barbijo tricapa x50,14850,,,48,,18
7791000075534,Serenol Test de embarazo pack familiar,1850,,,48,,
7791000075541,Nutrimax Cinta hipoalergénica 2.5cm x2,5450,,,48,,82
7791000075558,Genbio Venda elástica 10cm,4750,,,48,,
7791000075565,Serenol Guantes de nitrilo x100 pack familiar,1600,3200,Oferta,48,,
7791000075572,Genbio Jeringa descartable 5ml x10 x2,18950,,,48,,
7791000075589,Genbio Bolsa de agua caliente 2L uso hospitalario,14600,,,48,,68
7791000075596,Nutrimax Botiquín primeros auxilios completo pack familiar,31200,48000,,48,,63
7791000075602,Biosol Antiséptico en spray 100ml,15200,25350,,48,,
7791000075619,Nutrimax Barbijo tricapa x50 pack familiar,36300,,,48,,
7791000075626,Puravit Gasas estériles 10x10 x10 x2,21000,23350,,49,,
7791000075633,Pielsana Test de embarazo pack familiar,6700,,,49,,
7791000075640,Pielsana Guantes de nitrilo x100 uso hospitalario,28650,,,49,,118
7791000075657,Kindel Apósitos adhesivos x20 pack familiar,9250,,,49,,208
7791000075664,Pielsana Barbijo tricapa x50,9850,,Lanzamiento,49,,
7791000075671,Kindel Jeringa descartable 5ml x10 uso hospitalario,8200,,,49,,
7791000075688,Kindel Alcohol etílico 96% 500ml x2,1300,1450,,49,,
7791000075695,Pielsana Tensiómetro digital de brazo,10650,,,49,,0
7791000075701,Pielsana Algodón hidrófilo 200g pack familiar,38650,77300,,49,,197
7791000075718,Puravit Solución fisiológica 500ml uso hospitalario,4550,7600,,49,,
7791000075725,Puravit Botiquín primeros auxilios completo,2950,4900,,49,,
7791000075732,Puravit Test de embarazo x2,18950,,,49,,215
7791000075749,Kindel Guantes de nitrilo x100 pack familiar,3650,,,49,,95
7791000075756,Kindel Oxímetro de pulso uso hospitalario,24750,,,49,,145
7791000075763,Kindel Venda elástica 10cm,11900,,,49,,171
7791000075770,Pielsana Antiséptico en spray 100ml uso hospitalario,9400,,,49,,
7791000075787,Pielsana Férula inmovilizadora de dedo pack familiar,12750,,,49,,242
7791000075794,Kindel Venda elástica 10cm pack familiar,8550,,,49,,
7791000075800,Puravit Solución fisiológica 500ml x2,5000,,,49,,28
7791000075817,Kindel Test de embarazo uso hospitalario,6500,,,49,,
7791000075824,Puravit Férula inmovilizadora de dedo,23050,,,49,,124
7791000075831,Kindel Test de embarazo,9850,,,49,,
7791000075848,Pielsana Cinta hipoalergénica 2.5cm,11050,,,49,,5
7791000075855,Puravit Termómetro digital,10550,,Lanzamiento,49,,182
7791000075862,Kindel Agua oxigenada 10 vol 500ml,8650,9600,,49,,
7791000075879,Kindel Botiquín primeros auxilios completo,10450,,Lanzamiento,49,,0
7791000075886,Kindel Cinta hipoalergénica 2.5cm uso hospitalario,4300,,,49,/img/demo/prod-2.svg,151
7791000075893,Puravit Algodón hidrófilo 200g,19150,,,49,,
7791000075909,Puravit Tensiómetro digital de brazo x2,5900,,,49,,
7791000075916,Puravit Jeringa descartable 5ml x10 uso hospitalario,6600,,,49,,
7791000075923,Pielsana Botiquín primeros auxilios completo pack familiar,5050,,,49,,
7791000075930,Puravit Antiséptico en spray 100ml pack familiar,23500,,,49,,12
7791000075947,Kindel Gasas estériles 10x10 x10 x2,4500,,,49,,139
7791000075954,Pielsana Gasas estériles 10x10 x10 x2,3550,,,49,,
7791000075961,Puravit Barbijo tricapa x50 uso hospitalario,1750,,,49,,87
7791000075978,Puravit Agua oxigenada 10 vol 500ml x2,16300,,,49,,
7791000075985,Puravit Algodón hidrófilo 200g x2,11500,13550,Oferta,49,/img/demo/prod-1.svg,79
7791000075992,Kindel Tensiómetro digital de brazo x2,11200,,,49,,
7791000076005,Pielsana Solución fisiológica 500ml,9250,,,49,,
7791000076012,Puravit Apósitos adhesivos x20 pack familiar,15850,,,49,/img/demo/prod-5.svg,169
7791000076029,Kindel Apósitos adhesivos x20 x2,23950,,,49,,
7791000076036,Pielsana Alcohol etílico 96% 500ml,11650,,,49,,
7791000076043,Pielsana Jeringa descartable 5ml x10 x2,37850,,,49,,168
7791000076050,Puravit Tensiómetro digital de brazo uso hospitalario,1350,,,49,,64
7791000076067,Pielsana Oxímetro de pulso x2,6950,,,49,,
7791000076074,Pielsana Tensiómetro digital de brazo x2,12400,,,49,,
7791000076081,Kindel Botiquín primeros auxilios completo x2,3700,,,49,,
7791000076098,Puravit Alcohol etílico 96% 500ml pack familiar,2850,,,49,,
7791000076104,Kindel Tensiómetro digital de brazo pack familiar,5800,,,49,,
7791000076111,Puravit Algodón hidrófilo 200g pack familiar,7050,,,49,/img/demo/prod-1.svg,
7791000076128,Puravit Férula inmovilizadora de dedo x2,13950,,,49,,33
7791000076135,Puravit Apósitos adhesivos x20 uso hospitalario,4300,,Combo,49,,164
7791000076142,Puravit Oxímetro de pulso pack familiar,9650,,,49,,99
7791000076159,Puravit Test de embarazo pack familiar,12500,,,49,,0
7791000076166,Puravit Bolsa de agua caliente 2L x2,6250,,,49,,
7791000076173,Puravit Antiséptico en spray 100ml x2,26800,,,49,,72
7791000076180,Pielsana Antiséptico en spray 100ml pack familiar,15750,,,49,,
7791000076197,Kindel Antiséptico en spray 100ml pack familiar,15200,,,49,,0
7791000076203,Pielsana Botiquín primeros auxilios completo,2400,,,49,,
7791000076210,Puravit Cinta hipoalergénica 2.5cm pack familiar,7450,,,49,,
7791000076227,Pielsana Venda elástica 10cm,3350,,,49,/img/demo/prod-3.svg,51
7791000076234,Pielsana Alcohol etílico 96% 500ml uso hospitalario,12200,13550,Oferta,49,,
7791000076241,Kindel Venda elástica 10cm uso hospitalario,17750,,,49,,58
7791000076258,Puravit Venda elástica 10cm pack familiar,4450,,,49,,207
7791000076265,Kindel Gasas estériles 10x10 x10,2500,,,49,,
7791000076272,Kindel Cinta hipoalergénica 2.5cm,15900,,,49,,
7791000076289,Pielsana Botiquín primeros auxilios completo x2,5450,6800,Oferta,49,,
7791000076296,Pielsana Jeringa descartable 5ml x10,2850,,,49,,50
7791000076302,Pielsana Apósitos adhesivos x20 x2,8200,,,49,/img/demo/prod-1.svg,
7791000076319,Puravit Oxímetro de pulso uso hospitalario,3600,,,49,,
7791000076326,Puravit Gasas estériles 10x10 x10 uso hospitalario,38050,54350,,49,,121
7791000076333,Puravit Guantes de nitrilo x100 x2,15450,,,49,,69
7791000076340,Pielsana Cinta hipoalergénica 2.5cm uso hospitalario,6500,,2x1,49,,160
7791000076357,Puravit Test de embarazo,15050,,,49,/img/demo/prod-1.svg,227
7791000076364,Puravit Antiséptico en spray 100ml uso hospitalario,3650,,,49,,
7791000076371,Puravit Apósitos adhesivos x20 x2,1950,,,49,,0
7791000076388,Kindel Agua oxigenada 10 vol 500ml x2,33650,51750,,49,,68
7791000076395,Kindel Solución fisiológica 500ml,24250,,,49,,
7791000076401,Puravit Gasas estériles 10x10 x10,1900,,,49,,
7791000076418,Puravit Guantes de nitrilo x100 pack familiar,4550,,,49,,22
7791000076425,Pielsana Solución fisiológica 500ml pack familiar,8700,,,49,,
7791000076432,Puravit Termómetro digital pack familiar,14150,,,49,,88
7791000076449,Puravit Bolsa de agua caliente 2L uso hospitalario,23500,,,49,,
7791000076456,Puravit Venda elástica 10cm uso hospitalario,17750,,,49,,199
7791000076463,Kindel Gasas estériles 10x10 x10 uso hospitalario,8250,,,49,,177
7791000076470,Pielsana Férula inmovilizadora de dedo x2,6900,,,49,,83
7791000076487,Puravit Oxímetro de pulso x2,12400,,,49,/img/demo/prod-6.svg,
7791000076494,Pielsana Botiquín primeros auxilios completo uso hospitalario,29100,,,49,,
7791000076500,Pielsana Apósitos adhesivos x20 uso hospitalario,2600,,,49,,
7791000076517,Kindel Algodón hidrófilo 200g x2,2450,,,49,/img/demo/prod-1.svg,25
7791000076524,Pielsana Férula inmovilizadora de dedo,20500,,,49,/img/demo/prod-1.svg,22
7791000076531,Puravit Bolsa de agua caliente 2L pack familiar,34500,38350,,49,,6
7791000076548,Kindel Agua oxigenada 10 vol 500ml pack familiar,5000,,,49,,0
7791000076555,Puravit Cinta hipoalergénica 2.5cm uso hospitalario,24000,,,49,,206
7791000076562,Puravit Guantes de nitrilo x100 uso hospitalario,11350,,,49,,
7791000076579,Puravit Jeringa descartable 5ml x10,12800,,,49,/img/demo/prod-8.svg,166
7791000076586,Kindel Barbijo tricapa x50 pack familiar,2650,,,49,/img/demo/prod-5.svg,199
7791000076593,Puravit Apósitos adhesivos x20,1300,,,49,,0
7791000076609,Pielsana Barbijo tricapa x50 x2,6650,,,49,/img/demo/prod-4.svg,8
7791000076616,Pielsana Venda elástica 10cm pack familiar,3550,,,49,,
7791000076623,Pielsana Termómetro digital x2,22650,32350,,49,,79
7791000076630,Puravit Cinta hipoalergénica 2.5cm,11350,,,49,,
7791000076647,Pielsana Bolsa de agua caliente 2L pack familiar,20150,,,49,,167
7791000076654,Kindel Jeringa descartable 5ml x10,5550,,,49,,
7791000076661,Pielsana Termómetro digital uso hospitalario,9950,,,49,,
7791000076678,Kindel Tensiómetro digital de brazo,29950,46100,,49,,
7791000076685,Puravit Test de embarazo uso hospitalario,21100,,,49,,
7791000076692,Kindel Termómetro digital pack familiar,23650,,,49,,
7791000076708,Puravit Alcohol etílico 96% 500ml uso hospitalario,5150,,3x2,49,,203
7791000076715,Puravit Gasas estériles 10x10 x10 pack familiar,9950,,,49,,147
7791000076722,Kindel Barbijo tricapa x50,11800,,,49,/img/demo/prod-4.svg,
7791000076739,Kindel Termómetro digital,6150,,,49,,
7791000076746,Kindel Algodón hidrófilo 200g uso hospitalario,22200,34150,,49,/img/demo/prod-7.svg,4
7791000076753,Pielsana Oxímetro de pulso pack familiar,12200,18750,,49,,89
7791000076760,Pielsana Apósitos adhesivos x20,17650,,,49,,40
7791000076777,Kindel Férula inmovilizadora de dedo,17150,34300,,49,,0
7791000076784,Pielsana Antiséptico en spray 100ml,8100,,,49,,21
7791000076791,Kindel Solución fisiológica 500ml pack familiar,1400,,,49,,17
7791000076807,Pielsana Termómetro digital pack familiar,26750,38200,,49,,
7791000076814,Puravit Collarín cervical blando x2,16850,,,49,,106
7791000076821,Kindel Test de embarazo x2,5250,,,49,,76
7791000076838,Puravit Termómetro digital uso hospitalario,12200,,,49,,
7791000076845,Puravit Agua oxigenada 10 vol 500ml,1450,,,49,,115
7791000076852,Puravit Collarín cervical blando pack familiar,7700,,,49,,
7791000076869,Pielsana Antiséptico en spray 100ml x2,6600,,,49,,
7791000076876,Puravit Antiséptico en spray 100ml,22650,,,49,/img/demo/prod-8.svg,212
7791000076883,Pielsana Tensiómetro digital de brazo uso hospitalario,4900,,,49,,
7791000076890,Pielsana Agua oxigenada 10 vol 500ml,1750,,,49,,
7791000076906,Puravit Botiquín primeros auxilios completo pack familiar,28700,44150,,49,,150
7791000076913,Puravit Alcohol etílico 96% 500ml,13300,,,49,,
7791000076920,Kindel Alcohol etílico 96% 500ml uso hospitalario,12750,,,49,,
7791000076937,Pielsana Barbijo tricapa x50 pack familiar,17450,,,49,,204
7791000076944,Puravit Férula inmovilizadora de dedo pack familiar,26700,,3x2,49,,
7791000076951,Kindel Guantes de nitrilo x100,6200,,,49,,235
7791000076968,Puravit Botiquín primeros auxilios completo x2,10450,,,49,,63
7791000076975,Pielsana Cinta hipoalergénica 2.5cm x2,21250,26550,,49,,
7791000076982,Kindel Solución fisiológica 500ml x2,5900,,,49,,
7791000076999,Puravit Bolsa de agua caliente 2L,3450,5750,Oferta,49,,
7791000077002,Puravit Oxímetro de pulso,13750,16200,,49,,
7791000077019,Pielsana Gasas estériles 10x10 x10,19550,,,49,,
7791000077026,Pielsana Collarín cervical blando pack familiar,3350,,,49,,131
7791000077033,Kindel Cinta hipoalergénica 2.5cm pack familiar,20600,,,49,,201
7791000077040,Puravit Agua oxigenada 10 vol 500ml pack familiar,36650,,,49,,
7791000077057,Kindel Guantes de nitrilo x100 x2,6400,,,49,,130
7791000077064,Kindel Algodón hidrófilo 200g,34450,,,49,,
7791000077071,Puravit Solución fisiológica 500ml,11950,,,49,,
7791000077088,Puravit Tensiómetro digital de brazo,2400,,,49,,
7791000077095,Kindel Collarín cervical blando,9950,,,49,,
7791000077101,Kindel Bolsa de agua caliente 2L,10000,,,49,,
7791000077118,Puravit Termómetro digital x2,23450,,3x2,49,,
7791000077125,Pielsana Agua oxigenada 10 vol 500ml pack familiar,21000,,,49,/img/demo/prod-1.svg,
7791000077132,Kindel Oxímetro de pulso x2,2350,,,49,,
7791000077149,Pielsana Test de embarazo x2,7550,,,49,/img/demo/prod-1.svg,188
7791000077156,Kindel Oxímetro de pulso pack familiar,8000,,,49,,
7791000077163,Kindel Antiséptico en spray 100ml uso hospitalario,16850,,,49,,178
7791000077170,Kindel Apósitos adhesivos x20,1250,,,49,,227
7791000077187,Kindel Oxímetro de pulso,10500,,,49,,
7791000077194,Kindel Férula inmovilizadora de dedo uso hospitalario,29150,,,49,,
7791000077200,Pielsana Agua oxigenada 10 vol 500ml uso hospitalario,11100,,,49,,174
7791000077217,Puravit Collarín cervical blando,10400,,,49,,
7791000077224,Puravit Guantes de nitrilo x100,22000,,,49,,
7791000077231,Kindel Venda elástica 10cm x2,16250,27100,Oferta,49,/img/demo/prod-6.svg,138
7791000077248,Puravit Cinta hipoalergénica 2.5cm x2,14600,,,49,,20
7791000077255,Pielsana Férula inmovilizadora de dedo uso hospitalario,25000,,,49,,132
7791000077262,Kindel Algodón hidrófilo 200g pack familiar,1200,,,49,,
7791000077279,Puravit Barbijo tricapa x50 pack familiar,2800,,,49,,232
7791000077286,Puravit Agua oxigenada 10 vol 500ml uso hospitalario,6400,,,49,,
7791000077293,Kindel Termómetro digital x2,21300,,,49,,74
7791000077309,Puravit Collarín cervical blando uso hospitalario,22200,,,49,,234
7791000077316,Puravit Venda elástica 10cm x2,2850,,,49,,49
7791000077323,Pielsana Bolsa de agua caliente 2L uso hospitalario,3800,,,49,,
7791000077330,Pielsana Venda elástica 10cm uso hospitalario,2150,,,49,,220
7791000077347,Puravit Alcohol etílico 96% 500ml x2,36500,,,49,,
7791000077354,Farmax Anteojos de lectura +1.00 con estuche,17500,,,50,/img/demo/prod-1.svg,224
7791000077361,Farmax Alcohol etílico 96% 500ml pack familiar,13400,,,50,,96
7791000077378,Farmax Antiséptico en spray 100ml x2,10250,,,50,,
7791000077385,Serenol Tensiómetro digital de brazo x2,1350,,,50,,
7791000077392,Kindel Gotas descongestivas oculares 15ml,12750,,,50,,
7791000077408,Serenol Oxímetro de pulso pack familiar,13800,,,50,,
7791000077415,Kindel Spray limpiador de lentes 60ml,40650,,,50,,20
7791000077422,Serenol Parche ocular adhesivo x10,56750,,,50,,0
7791000077439,Serenol Spray limpiador de lentes 60ml,17650,,,50,,
7791000077446,Serenol Tensiómetro digital de brazo pack familiar,2750,,,50,/img/demo/prod-6.svg,
7791000077453,Serenol Algodón hidrófilo 200g pack familiar,5450,,,50,,
7791000077460,Serenol Anteojos de lectura +1.50 con estuche,24800,,,50,,110
7791000077477,Farmax Lágrimas artificiales 15ml premium,28750,,,50,,
7791000077484,Kindel Bolsa de agua caliente 2L uso hospitalario,5150,,,50,,
7791000077491,Kindel Férula inmovilizadora de dedo pack familiar,9650,,,50,,72
7791000077507,Farmax Agua oxigenada 10 vol 500ml x2,3350,,,50,,163
7791000077514,Kindel Venda elástica 10cm uso hospitalario,16600,,,50,/img/demo/prod-5.svg,
7791000077521,Farmax Barbijo tricapa x50 x2,2050,,,50,,
7791000077538,Serenol Estuche porta lentes de contacto,41750,,,50,,241
7791000077545,Farmax Barbijo tricapa x50 uso hospitalario,1650,2200,,50,/img/demo/prod-4.svg,120
7791000077552,Serenol Antiséptico en spray 100ml pack familiar,1650,,,50,,71
7791000077569,Serenol Anteojos de lectura +2.00 con estuche,13550,,,50,,28
7791000077576,Serenol Algodón hidrófilo 200g x2,10550,14050,,50,,142
7791000077583,Farmax Anteojos de lectura +2.00 con estuche,53450,,,50,,234
7791000077590,Serenol Paño de microfibra x3,46400,,,50,,219
7791000077606,Serenol Venda elástica 10cm uso hospitalario,7300,,,50,,
7791000077613,Serenol Botiquín primeros auxilios completo x2,13600,,,50,/img/demo/prod-6.svg,
7791000077620,Farmax Spray limpiador de lentes 60ml premium,10450,13950,,50,,172
7791000077637,Kindel Cordón porta anteojos x2,7300,,,50,,33
7791000077644,Farmax Estuche porta lentes de contacto con estuche,5400,,3x2,50,,230
7791000077651,Kindel Botiquín primeros auxilios completo pack familiar,10050,,,50,,
7791000077668,Serenol Barbijo tricapa x50 uso hospitalario,19400,,,50,/img/demo/prod-2.svg,
7791000077675,Kindel Paño de microfibra x3 premium,11850,14800,,50,,5
7791000077682,Serenol Gotas descongestivas oculares 15ml,33650,,,50,,203
7791000077699,Serenol Gasas estériles 10x10 x10 uso hospitalario,4650,,,50,,
7791000077705,Kindel Collarín cervical blando uso hospitalario,11700,,,50,,71
7791000077712,Serenol Lágrimas artificiales 15ml,8500,,,50,,33
7791000077729,Farmax Anteojos de lectura +1.50,19450,,,50,,
7791000077736,Serenol Anteojos de sol UV400 unisex premium,36500,,,50,,
7791000077743,Serenol Anteojos de lectura +1.50,6100,,,50,,0
7791000077750,Farmax Cordón porta anteojos x2 con estuche,16900,,,50,,166
7791000077767,Serenol Solución multipropósito 360ml premium,36500,,,50,/img/demo/prod-2.svg,
7791000077774,Farmax Lágrimas artificiales 15ml con estuche,6300,,,50,,
7791000077781,Serenol Algodón hidrófilo 200g uso hospitalario,6700,,2x1,50,,0
7791000077798,Serenol Tensiómetro digital de brazo,35100,,2x1,50,,
7791000077804,Serenol Agua oxigenada 10 vol 500ml x2,7200,10300,,50,,
7791000077811,Kindel Spray limpiador de lentes 60ml premium,10700,,,50,,
7791000077828,Kindel Anteojos de lectura +1.50 con estuche,18050,,,50,,0
7791000077835,Farmax Tensiómetro digital de brazo,19850,,,50,,
7791000077842,Serenol Paño de microfibra x3 premium,53050,,,50,/img/demo/prod-4.svg,79
7791000077859,Farmax Gotas descongestivas oculares 15ml premium,11550,17750,,50,,
7791000077866,Serenol Estuche porta lentes de contacto premium,5800,,,50,/img/demo/prod-3.svg,26
7791000077873,Farmax Termómetro digital uso hospitalario,21850,,,50,,
7791000077880,Serenol Solución fisiológica 500ml uso hospitalario,2200,3400,,50,,120
7791000077897,Farmax Gotas descongestivas oculares 15ml con estuche,8900,,,50,,168
7791000077903,Kindel Jeringa descartable 5ml x10 x2,14600,,,50,,
7791000077910,Serenol Test de embarazo uso hospitalario,19400,,,50,/img/demo/prod-6.svg,
7791000077927,Serenol Anteojos de sol UV400 unisex,16300,,,50,,
7791000077934,Farmax Tensiómetro digital de brazo uso hospitalario,36850,,,50,,
7791000077941,Farmax Venda elástica 10cm uso hospitalario,7500,,,50,,67
7791000077958,Serenol Venda elástica 10cm,5650,,,50,,
7791000077965,Kindel Alcohol etílico 96% 500ml,19900,,,50,/img/demo/prod-5.svg,
7791000077972,Kindel Tensiómetro digital de brazo,10550,,,50,,
7791000077989,Serenol Collarín cervical blando,21350,35600,Oferta,50,,
7791000077996,Kindel Estuche porta lentes de contacto premium,37450,,,50,,216
7791000078009,Serenol Test de embarazo,8650,14400,,50,,
7791000078016,Serenol Anteojos de lectura +1.50 premium,5450,,,50,,
7791000078023,Kindel Solución fisiológica 500ml x2,7850,,,50,,148
7791000078030,Kindel Estuche porta lentes de contacto con estuche,12400,,,50,,
7791000078047,Serenol Parche ocular adhesivo x10 con estuche,6450,,,50,,175
7791000078054,Serenol Algodón hidrófilo 200g,24200,,,50,,90
7791000078061,Kindel Agua oxigenada 10 vol 500ml pack familiar,6750,,,50,,181
7791000078078,Farmax Anteojos de sol UV400 unisex premium,9150,,,50,,0
7791000078085,Serenol Anteojos de lectura +1.00,30950,,,50,,
7791000078092,Farmax Cinta hipoalergénica 2.5cm,23350,,,50,,
7791000078108,Farmax Apósitos adhesivos x20,3450,,,50,,
7791000078115,Serenol Jeringa descartable 5ml x10 x2,23950,,,50,,22
7791000078122,Farmax Agua oxigenada 10 vol 500ml uso hospitalario,2200,,3x2,50,,236
7791000078139,Farmax Anteojos de lectura +1.00,13950,,,50,,
7791000078146,Serenol Solución multipropósito 360ml con estuche,18400,,,50,,
7791000078153,Serenol Anteojos de lectura +1.00 con estuche,15000,,,50,,20
7791000078160,Farmax Gasas estériles 10x10 x10,11550,,,50,,235
7791000078177,Kindel Anteojos de lectura +1.50 premium,8550,,,50,,32
7791000078184,Farmax Bolsa de agua caliente 2L pack familiar,11250,,,50,,174
7791000078191,Serenol Collarín cervical blando pack familiar,12250,,,50,,
7791000078207,Serenol Botiquín primeros auxilios completo pack familiar,34350,57250,,50,/img/demo/prod-2.svg,
7791000078214,Farmax Botiquín primeros auxilios completo pack familiar,33100,,,50,,
7791000078221,Serenol Antiséptico en spray 100ml,5050,,,50,,153
7791000078238,Kindel Gasas estériles 10x10 x10,3100,,,50,,166
7791000078245,Kindel Férula inmovilizadora de dedo x2,1850,3700,,50,,
7791000078252,Kindel Alcohol etílico 96% 500ml uso hospitalario,2000,,,50,,
7791000078269,Kindel Parche ocular adhesivo x10,12050,,,50,,0
7791000078276,Serenol Cordón porta anteojos x2 con estuche,27850,,,50,,
7791000078283,Farmax Gotas descongestivas oculares 15ml,7050,,,50,,230
7791000078290,Serenol Oxímetro de pulso,3650,,Combo,50,,171
7791000078306,Farmax Lágrimas artificiales 15ml,17150,,,50,,206
7791000078313,Kindel Venda elástica 10cm x2,25600,,,50,,
7791000078320,Serenol Botiquín primeros auxilios completo,28300,,,50,,
7791000078337,Kindel Guantes de nitrilo x100 pack familiar,23550,,,50,,127
7791000078344,Farmax Férula inmovilizadora de dedo x2,7550,,,50,/img/demo/prod-7.svg,
7791000078351,Farmax Bolsa de agua caliente 2L,32300,,Combo,50,/img/demo/prod-5.svg,
7791000078368,Farmax Spray limpiador de lentes 60ml con estuche,19750,,,50,,
7791000078375,Serenol Antiséptico en spray 100ml x2,7000,,,50,,0
7791000078382,Farmax Venda elástica 10cm,13800,,,50,,198
7791000078399,Serenol Guantes de nitrilo x100 x2,10500,,,50,,
7791000078405,Kindel Anteojos de lectura +2.00,9600,,,50,,
7791000078412,Serenol Gotas descongestivas oculares 15ml premium,20900,,,50,,221
7791000078429,Farmax Antiséptico en spray 100ml uso hospitalario,11750,,,50,,
7791000078436,Farmax Anteojos de sol UV400 unisex con estuche,5100,,,50,,
7791000078443,Serenol Parche ocular adhesivo x10 premium,27350,32200,,50,,
7791000078450,Serenol Anteojos de lectura +1.00 premium,7500,,,50,,
7791000078467,Serenol Termómetro digital x2,5200,,,50,/img/demo/prod-7.svg,
7791000078474,Serenol Jeringa descartable 5ml x10 uso hospitalario,30200,,Combo,50,,
7791000078481,Farmax Venda elástica 10cm x2,17850,,,50,,
7791000078498,Serenol Cordón porta anteojos x2,6800,10450,,50,,74
7791000078504,Farmax Anteojos de lectura +1.00 premium,5450,,2x1,50,,65
7791000078511,Serenol Férula inmovilizadora de dedo pack familiar,28450,,,50,,
7791000078528,Serenol Solución fisiológica 500ml,12650,,,50,,0
7791000078535,Kindel Barbijo tricapa x50 pack familiar,17050,,,50,,158
7791000078542,Kindel Gasas estériles 10x10 x10 pack familiar,1700,,3x2,50,,
7791000078559,Serenol Anteojos de lectura +2.00,18150,27900,,50,,
7791000078566,Kindel Anteojos de sol UV400 unisex con estuche,55100,84750,Oferta,50,,226
7791000078573,Serenol Cinta hipoalergénica 2.5cm,3750,7500,,50,/img/demo/prod-8.svg,167
7791000078580,Kindel Anteojos de lectura +1.00 premium,22050,,,50,,
7791000078597,Kindel Antiséptico en spray 100ml x2,16350,,,50,,
7791000078603,Farmax Cinta hipoalergénica 2.5cm x2,4350,,3x2,50,,207
7791000078610,Kindel Jeringa descartable 5ml x10 pack familiar,26100,,,50,,
7791000078627,Farmax Cinta hipoalergénica 2.5cm pack familiar,34800,,,50,,146
7791000078634,Kindel Cinta hipoalergénica 2.5cm,4200,,,50,,0
7791000078641,Serenol Estuche porta lentes de contacto con estuche,13400,,,50,,99
7791000078658,Serenol Lágrimas artificiales 15ml premium,12800,,,50,,
7791000078665,Serenol Apósitos adhesivos x20,35700,,,50,,169
7791000078672,Serenol Paño de microfibra x3 con estuche,29250,41800,Oferta,50,,
7791000078689,Kindel Solución multipropósito 360ml con estuche,31450,,,50,,0
7791000078696,Farmax Oxímetro de pulso,27300,,,50,,73
7791000078702,Farmax Paño de microfibra x3 premium,10150,,,50,/img/demo/prod-7.svg,87
7791000078719,Farmax Algodón hidrófilo 200g uso hospitalario,9600,,,50,,
7791000078726,Farmax Antiséptico en spray 100ml,13150,,,50,,105
7791000078733,Serenol Guantes de nitrilo x100 uso hospitalario,14850,,,50,,
7791000078740,Farmax Parche ocular adhesivo x10 con estuche,20550,,,50,,
7791000078757,Serenol Gasas estériles 10x10 x10 x2,36450,,,50,,
7791000078764,Farmax Paño de microfibra x3 con estuche,66550,73950,,50,,247
7791000078771,Serenol Agua oxigenada 10 vol 500ml uso hospitalario,2300,,,50,,73
7791000078788,Serenol Spray limpiador de lentes 60ml con estuche,21550,25350,,50,,
7791000078795,Serenol Jeringa descartable 5ml x10,6800,9050,,50,,32
7791000078801,Kindel Lágrimas artificiales 15ml premium,34100,,,50,,94
7791000078818,Serenol Barbijo tricapa x50 x2,5550,,,50,,194
7791000078825,Kindel Botiquín primeros auxilios completo uso hospitalario,24900,,,50,/img/demo/prod-3.svg,241
7791000078832,Serenol Botiquín primeros auxilios completo uso hospitalario,19550,,,50,,
7791000078849,Medifar Tensiómetro digital de brazo,11100,,,51,,17
7791000078856,Femina Algodón hidrófilo 200g,2250,,3x2,51,,
7791000078863,Medifar Paño de microfibra x3 premium,8150,,,51,,
7791000078870,Aquavital Bolsa de agua caliente 2L uso hospitalario,19700,,,51,,26
7791000078887,Femina Apósitos adhesivos x20 x2,5200,,,51,,
7791000078894,Aquavital Tensiómetro digital de brazo pack familiar,3000,,Combo,51,,78
7791000078900,Femina Cinta hipoalergénica 2.5cm x2,26400,,,51,,130
7791000078917,Aquavital Cordón porta anteojos x2,23550,,,51,,79
7791000078924,Femina Gotas descongestivas oculares 15ml premium,7700,15400,,51,,
7791000078931,Femina Anteojos de lectura +2.00 con estuche,5500,,,51,,66
7791000078948,Aquavital Anteojos de lectura +1.50,9900,,,51,,
7791000078955,Aquavital Algodón hidrófilo 200g,17400,,,51,/img/demo/prod-8.svg,99
7791000078962,Femina Bolsa de agua caliente 2L x2,12850,,,51,,
7791000078979,Femina Cinta hipoalergénica 2.5cm pack familiar,2450,,,51,,
7791000078986,Medifar Anteojos de sol UV400 unisex con estuche,26350,32950,,51,,145
7791000078993,Medifar Antiséptico en spray 100ml uso hospitalario,5100,,,51,,156
7791000079006,Aquavital Spray limpiador de lentes 60ml con estuche,8450,,,51,,
7791000079013,Femina Apósitos adhesivos x20 uso hospitalario,14500,,,51,,184
7791000079020,Medifar Guantes de nitrilo x100 pack familiar,1850,3700,Oferta,51,,29
7791000079037,Medifar Termómetro digital,25550,,,51,,215
7791000079044,Femina Anteojos de lectura +1.50,35550,,,51,,
7791000079051,Femina Anteojos de sol UV400 unisex con estuche,7000,10000,Oferta,51,,
7791000079068,Medifar Anteojos de sol UV400 unisex premium,33050,,,51,,
7791000079075,Femina Tensiómetro digital de brazo uso hospitalario,18800,,,51,,
7791000079082,Medifar Algodón hidrófilo 200g pack familiar,31800,,,51,,
7791000079099,Medifar Anteojos de lectura +1.00,16650,,,51,,37
7791000079105,Medifar Botiquín primeros auxilios completo pack familiar,14850,,,51,,7
7791000079112,Medifar Anteojos de lectura +2.00 con estuche,33000,,2x1,51,,
7791000079129,Femina Barbijo tricapa x50 uso hospitalario,9400,,,51,/img/demo/prod-5.svg,0
7791000079136,Aquavital Alcohol etílico 96% 500ml x2,23300,,,51,/img/demo/prod-6.svg,245
7791000079143,Femina Lágrimas artificiales 15ml premium,26700,,,51,,
7791000079150,Medifar Férula inmovilizadora de dedo x2,15550,,,51,,
7791000079167,Aquavital Termómetro digital,1500,,,51,,
7791000079174,Femina Alcohol etílico 96% 500ml pack familiar,5350,,,51,,16
7791000079181,Aquavital Botiquín primeros auxilios completo pack familiar,31300,,,51,,98
7791000079198,Femina Anteojos de lectura +2.00,12450,,Lanzamiento,51,/img/demo/prod-4.svg,176
7791000079204,Aquavital Gasas estériles 10x10 x10 uso hospitalario,10300,13750,,51,/img/demo/prod-6.svg,84
7791000079211,Aquavital Guantes de nitrilo x100,17450,,,51,,117
7791000079228,Femina Cinta hipoalergénica 2.5cm uso hospitalario,3600,,,51,,
7791000079235,Femina Paño de microfibra x3 premium,7750,,Lanzamiento,51,,89
7791000079242,Aquavital Botiquín primeros auxilios completo x2,14200,,,51,,21
7791000079259,Aquavital Férula inmovilizadora de dedo,1900,,,51,/img/demo/prod-1.svg,154
7791000079266,Femina Lágrimas artificiales 15ml,11300,,,51,,
7791000079273,Femina Gotas descongestivas oculares 15ml,6100,,2x1,51,,33
7791000079280,Femina Antiséptico en spray 100ml uso hospitalario,8550,10700,Oferta,51,,
7791000079297,Femina Bolsa de agua caliente 2L pack familiar,24550,,,51,,
7791000079303,Femina Estuche porta lentes de contacto,12000,,,51,,
7791000079310,Femina Guantes de nitrilo x100 x2,1600,,,51,,
7791000079327,Femina Solución multipropósito 360ml con estuche,12100,,,51,/img/demo/prod-7.svg,62
7791000079334,Aquavital Paño de microfibra x3 premium,12150,,,51,,184
7791000079341,Medifar Lágrimas artificiales 15ml con estuche,5250,8100,,51,,
7791000079358,Femina Gasas estériles 10x10 x10 x2,1600,,,51,,
7791000079365,Aquavital Gotas descongestivas oculares 15ml premium,31400,39250,,51,,
7791000079372,Aquavital Agua oxigenada 10 vol 500ml,5600,,,51,,42
7791000079389,Aquavital Spray limpiador de lentes 60ml,27050,,,51,,74
7791000079396,Femina Guantes de nitrilo x100,16500,,,51,,
7791000079402,Aquavital Paño de microfibra x3 con estuche,9550,13650,,51,,156
7791000079419,Medifar Spray limpiador de lentes 60ml con estuche,28350,,2x1,51,,
7791000079426,Aquavital Botiquín primeros auxilios completo uso hospitalario,17200,,Lanzamiento,51,,185
7791000079433,Medifar Solución multipropósito 360ml,24250,,,51,,
7791000079440,Femina Anteojos de lectura +1.00,14700,,,51,,85
7791000079457,Femina Anteojos de sol UV400 unisex,32100,,,51,,
7791000079464,Aquavital Estuche porta lentes de contacto,53350,,,51,,
7791000079471,Femina Solución multipropósito 360ml,12850,,,51,,232
7791000079488,Aquavital Venda elástica 10cm pack familiar,3850,,,51,,
7791000079495,Aquavital Venda elástica 10cm x2,2300,,,51,/img/demo/prod-5.svg,
7791000079501,Medifar Lágrimas artificiales 15ml premium,6300,,,51,,
7791000079518,Medifar Gotas descongestivas oculares 15ml con estuche,22700,,,51,/img/demo/prod-1.svg,124
7791000079525,Medifar Parche ocular adhesivo x10 con estuche,20900,,,51,,117
7791000079532,Medifar Test de embarazo,20200,,,51,,154
7791000079549,Aquavital Guantes de nitrilo x100 x2,11750,,,51,,224
7791000079556,Medifar Oxímetro de pulso pack familiar,11750,,Lanzamiento,51,,
7791000079563,Medifar Antiséptico en spray 100ml pack familiar,15350,,3x2,51,,
7791000079570,Femina Oxímetro de pulso,2550,3000,,51,/img/demo/prod-3.svg,97
7791000079587,Femina Solución fisiológica 500ml pack familiar,25550,,,51,,6
7791000079594,Femina Venda elástica 10cm,8200,9650,,51,,
7791000079600,Femina Parche ocular adhesivo x10,8500,,,51,,
7791000079617,Femina Anteojos de lectura +1.00 premium,12700,,,51,,0
7791000079624,Aquavital Jeringa descartable 5ml x10,10100,,,51,,117
7791000079631,Femina Estuche porta lentes de contacto premium,5650,,Lanzamiento,51,,
7791000079648,Femina Paño de microfibra x3 con estuche,47800,,,51,,
7791000079655,Medifar Agua oxigenada 10 vol 500ml pack familiar,20250,,,51,/img/demo/prod-4.svg,81
7791000079662,Aquavital Anteojos de lectura +1.50 con estuche,5100,,,51,,
7791000079679,Aquavital Termómetro digital x2,1200,,,51,,221
7791000079686,Femina Solución multipropósito 360ml premium,10800,,,51,,
7791000079693,Medifar Cordón porta anteojos x2 con estuche,6100,,,51,,
7791000079709,Aquavital Anteojos de sol UV400 unisex con estuche,38100,44800,Oferta,51,/img/demo/prod-5.svg,
7791000079716,Aquavital Collarín cervical blando uso hospitalario,1800,,,51,,51
7791000079723,Medifar Paño de microfibra x3,28450,,,51,,
7791000079730,Femina Cinta hipoalergénica 2.5cm,1400,,,51,,202
7791000079747,Aquavital Solución multipropósito 360ml premium,7700,,,51,,
7791000079754,Femina Estuche porta lentes de contacto con estuche,19600,,,51,,
7791000079761,Femina Spray limpiador de lentes 60ml,5600,7000,,51,,
7791000079778,Femina Botiquín primeros auxilios completo,8100,,,51,,49
7791000079785,Femina Anteojos de lectura +2.00 premium,5050,6300,,51,,177
7791000079792,Femina Gasas estériles 10x10 x10,6800,,,51,,194
7791000079808,Femina Termómetro digital uso hospitalario,15000,,,51,/img/demo/prod-1.svg,
7791000079815,Medifar Anteojos de lectura +1.50 con estuche,18250,,,51,,60
7791000079822,Medifar Solución multipropósito 360ml con estuche,12150,,,51,,
7791000079839,Aquavital Bolsa de agua caliente 2L,1200,,,51,,65
7791000079846,Aquavital Bolsa de agua caliente 2L pack familiar,10500,,,51,,
7791000079853,Medifar Cinta hipoalergénica 2.5cm x2,32000,,,51,,218
7791000079860,Femina Férula inmovilizadora de dedo pack familiar,9750,,,51,,
7791000079877,Femina Cordón porta anteojos x2 con estuche,8800,,,51,,149
7791000079884,Medifar Anteojos de lectura +2.00,23900,,,51,,183
7791000079891,Femina Gasas estériles 10x10 x10 uso hospitalario,6250,,2x1,51,,49
7791000079907,Medifar Bolsa de agua caliente 2L x2,10150,,,51,,118
7791000079914,Aquavital Férula inmovilizadora de dedo x2,5400,,,51,,
7791000079921,Medifar Anteojos de lectura +1.00 premium,34950,38850,,51,/img/demo/prod-7.svg,
7791000079938,Medifar Solución multipropósito 360ml premium,7200,,,51,,
7791000079945,Aquavital Guantes de nitrilo x100 uso hospitalario,19400,,,51,,
7791000079952,Aquavital Guantes de nitrilo x100 pack familiar,37300,57400,,51,,
7791000079969,Femina Barbijo tricapa x50 x2,1800,,,51,,129
7791000079976,Femina Paño de microfibra x3,15050,,,51,/img/demo/prod-3.svg,
7791000079983,Aquavital Anteojos de lectura +1.00 con estuche,8800,,,51,,120
7791000079990,Femina Férula inmovilizadora de dedo x2,22200,,,51,/img/demo/prod-2.svg,
7791000080002,Femina Agua oxigenada 10 vol 500ml pack familiar,2900,,,51,,133
7791000080019,Femina Termómetro digital pack familiar,12600,,,51,,0
7791000080026,Medifar Antiséptico en spray 100ml,3800,5450,,51,,217
7791000080033,Femina Spray limpiador de lentes 60ml con estuche,41750,,,51,,
7791000080040,Aquavital Antiséptico en spray 100ml pack familiar,10900,,,51,,86
7791000080057,Femina Cordón porta anteojos x2 premium,5400,,,51,,57
7791000080064,Aquavital Anteojos de sol UV400 unisex,17450,26850,,51,/img/demo/prod-4.svg,
7791000080071,Femina Oxímetro de pulso pack familiar,6850,,,51,,
7791000080088,Femina Anteojos de sol UV400 unisex premium,5200,,,51,,
7791000080095,Aquavital Barbijo tricapa x50 pack familiar,22600,,,51,,
7791000080101,Femina Test de embarazo pack familiar,37850,,,51,,
7791000080118,Aquavital Lágrimas artificiales 15ml,10600,,,51,,
7791000080125,Medifar Estuche porta lentes de contacto con estuche,45700,,,51,,23
7791000080132,Medifar Gotas descongestivas oculares 15ml,24800,,,51,,
7791000080149,Medifar Anteojos de sol UV400 unisex,9800,,,51,,166
7791000080156,Femina Anteojos de lectura +1.00 con estuche,7900,,,51,,249
7791000080163,Medifar Spray limpiador de lentes 60ml premium,36700,61150,,51,/img/demo/prod-4.svg,191
7791000080170,Aquavital Cinta hipoalergénica 2.5cm pack familiar,30600,47100,Oferta,51,,
7791000080187,Aquavital Agua oxigenada 10 vol 500ml pack familiar,9850,13150,,51,,239
7791000080194,Femina Anteojos de lectura +1.50 con estuche,14600,,,51,/img/demo/prod-3.svg,
7791000080200,Medifar Anteojos de lectura +1.00 con estuche,5350,6700,,51,,33
7791000080217,Femina Parche ocular adhesivo x10 premium,17600,,,51,,
7791000080224,Femina Tensiómetro digital de brazo pack familiar,4450,,,51,,
7791000080231,Aquavital Gasas estériles 10x10 x10,2450,,,51,,
7791000080248,Medifar Solución fisiológica 500ml uso hospitalario,4750,,,51,,112
7791000080255,Medifar Paño de microfibra x3 con estuche,66400,,,51,,
7791000080262,Medifar Botiquín primeros auxilios completo uso hospitalario,28650,,,51,,
7791000080279,Medifar Alcohol etílico 96% 500ml pack familiar,14750,,,51,/img/demo/prod-1.svg,
7791000080286,Femina Collarín cervical blando,17950,,,51,,72
7791000080293,Femina Test de embarazo x2,14100,,,51,/img/demo/prod-2.svg,
7791000080309,Medifar Cinta hipoalergénica 2.5cm uso hospitalario,10550,,,51,/img/demo/prod-3.svg,
7791000080316,Aquavital Estuche porta lentes de contacto premium,37800,,,51,,
7791000080323,Medifar Test de embarazo uso hospitalario,15650,,,51,,244
7791000080330,Medifar Férula inmovilizadora de dedo uso hospitalario,1200,,Combo,51,/img/demo/prod-8.svg,
7791000080347,Aquavital Lágrimas artificiales 15ml premium,11550,,,51,,167
7791000080354,Medifar Algodón hidrófilo 200g,20300,,,51,,97
7791000080361,Femina Alcohol etílico 96% 500ml x2,2050,2400,,51,,214
7791000080378,Medifar Apósitos adhesivos x20 uso hospitalario,24400,,,51,,
7791000080385,Aquavital Paño de microfibra x3,19350,,,51,/img/demo/prod-5.svg,52
7791000080392,Aquavital Solución multipropósito 360ml,10600,16300,,51,,
7791000080408,Medifar Guantes de nitrilo x100,39850,,,51,,142
7791000080415,Aquavital Solución fisiológica 500ml,15700,,,51,,
7791000080422,Femina Lágrimas artificiales 15ml con estuche,49700,,,51,/img/demo/prod-2.svg,
7791000080439,Femina Test de embarazo,18300,,,51,,
7791000080446,Aquavital Jeringa descartable 5ml x10 uso hospitalario,15100,,,51,,43
7791000080453,Medifar Anteojos de lectura +1.50,46700,58400,,51,,134
7791000080460,Femina Collarín cervical blando pack familiar,17900,,,51,,
7791000080477,Aquavital Anteojos de sol UV400 unisex premium,18300,,,51,,38
7791000080484,Medifar Spray limpiador de lentes 60ml,12000,,,51,,205
7791000080491,Aquavital Anteojos de lectura +2.00,17150,,,51,,0
7791000080507,Aquavital Cordón porta anteojos x2 premium,34500,,,51,,38
7791000080514,Aquavital Oxímetro de pulso uso hospitalario,2100,,,51,,
7791000080521,Aquavital Termómetro digital uso hospitalario,5850,,,51,,233
7791000080538,Medifar Cordón porta anteojos x2,19700,,,51,,103
7791000080545,Medifar Collarín cervical blando pack familiar,2950,,,51,,
7791000080552,Femina Collarín cervical blando uso hospitalario,7150,,,51,/img/demo/prod-6.svg,241
7791000080569,Aquavital Anteojos de lectura +2.00 con estuche,33200,,,51,,79
7791000080576,Medifar Gasas estériles 10x10 x10 uso hospitalario,5700,,,51,,97
7791000080583,Femina Collarín cervical blando x2,6200,8850,,51,,15
7791000080590,Femina Anteojos de lectura +1.50 premium,14200,,,51,,
7791000080606,Aquavital Gasas estériles 10x10 x10 x2,15250,,,51,,
7791000080613,Femina Férula inmovilizadora de dedo uso hospitalario,3850,,,51,,
7791000080620,Medifar Lágrimas artificiales 15ml,9600,,,51,,
7791000080637,Femina Jeringa descartable 5ml x10 uso hospitalario,3200,3550,Oferta,51,,
7791000080644,Medifar Estuche porta lentes de contacto premium,24400,,,51,,
7791000080651,Femina Alcohol etílico 96% 500ml,3850,,,51,,
7791000080668,Femina Tensiómetro digital de brazo x2,7700,,,51,,
7791000080675,Femina Gotas descongestivas oculares 15ml con estuche,10750,,,51,,143
7791000080682,Femina Agua oxigenada 10 vol 500ml uso hospitalario,22300,,,51,,90
7791000080699,Femina Cordón porta anteojos x2,47000,,,51,,91
7791000080705,Femina Tensiómetro digital de brazo,21850,,,51,,
7791000080712,Medifar Barbijo tricapa x50 x2,9800,,,51,,243
7791000080729,Medifar Bolsa de agua caliente 2L,14200,,,51,,177
7791000080736,Aquavital Cordón porta anteojos x2 con estuche,25450,,,51,,
7791000080743,Nutrivida Alcohol etílico 96% 500ml x2,13000,,,52,,236
7791000080750,Dermaqua Guantes de nitrilo x100,5750,,,52,,
7791000080767,Nutrivida Paño de microfibra x3 premium,5250,,,52,,34
7791000080774,Dermaqua Anteojos de sol UV400 unisex premium,28650,,,52,,212
7791000080781,Genbio Anteojos de lectura +1.50,19700,,,52,,
7791000080798,Nutrivida Barbijo tricapa x50 x2,4750,7300,,52,,
7791000080804,Dermaqua Barbijo tricapa x50,11350,,,52,,54
7791000080811,Genbio Anteojos de lectura +1.00 premium,8200,,,52,,
7791000080828,Nutrivida Collarín cervical blando uso hospitalario,21500,30700,Oferta,52,,66
7791000080835,Dermaqua Anteojos de sol UV400 unisex,8550,,,52,,26
7791000080842,Nutrivida Paño de microfibra x3,16850,21050,,52,,37
7791000080859,Nutrivida Oxímetro de pulso pack familiar,30900,51500,,52,,0
7791000080866,Dermaqua Cinta hipoalergénica 2.5cm x2,2050,,,52,/img/demo/prod-5.svg,42
7791000080873,Dermaqua Paño de microfibra x3,37900,,,52,,
7791000080880,Nutrivida Férula inmovilizadora de dedo x2,1300,1750,,52,,124
7791000080897,Nutrivida Parche ocular adhesivo x10 con estuche,19950,24950,,52,,
7791000080903,Dermaqua Spray limpiador de lentes 60ml,17450,,,52,,
7791000080910,Nutrivida Anteojos de lectura +1.00,6900,11500,,52,,236
7791000080927,Dermaqua Paño de microfibra x3 con estuche,11500,,,52,,0
7791000080934,Nutrivida Spray limpiador de lentes 60ml con estuche,25200,,,52,,
7791000080941,Nutrivida Test de embarazo uso hospitalario,1300,,,52,,123
7791000080958,Nutrivida Apósitos adhesivos x20 pack familiar,30000,,,52,,180
7791000080965,Nutrivida Anteojos de lectura +1.50 premium,10550,,,52,,
7791000080972,Dermaqua Gotas descongestivas oculares 15ml premium,27050,,,52,,0
7791000080989,Nutrivida Cinta hipoalergénica 2.5cm uso hospitalario,1600,,,52,,
7791000080996,Nutrivida Paño de microfibra x3 con estuche,12900,,,52,/img/demo/prod-7.svg,223
7791000081009,Dermaqua Termómetro digital uso hospitalario,7600,,,52,,132
7791000081016,Nutrivida Estuche porta lentes de contacto,15350,,,52,,98
7791000081023,Nutrivida Jeringa descartable 5ml x10 pack familiar,12650,,,52,,28
7791000081030,Dermaqua Solución fisiológica 500ml uso hospitalario,19900,,Combo,52,,128
7791000081047,Nutrivida Parche ocular adhesivo x10 premium,29600,,,52,,144
7791000081054,Nutrivida Anteojos de sol UV400 unisex,5800,8300,Oferta,52,,
7791000081061,Nutrivida Solución multipropósito 360ml premium,7600,,,52,,129
7791000081078,Dermaqua Antiséptico en spray 100ml,7400,,,52,,229
7791000081085,Nutrivida Bolsa de agua caliente 2L uso hospitalario,25950,28850,,52,,218
7791000081092,Nutrivida Bolsa de agua caliente 2L,14400,16950,Oferta,52,/img/demo/prod-6.svg,3
7791000081108,Dermaqua Parche ocular adhesivo x10,15500,17200,,52,,31
7791000081115,Dermaqua Anteojos de lectura +2.00 con estuche,17850,27450,Oferta,52,,140
7791000081122,Dermaqua Bolsa de agua caliente 2L x2,3200,,,52,,
7791000081139,Dermaqua Jeringa descartable 5ml x10 uso hospitalario,38200,,,52,,220
7791000081146,Nutrivida Agua oxigenada 10 vol 500ml,6650,,,52,/img/demo/prod-4.svg,170
7791000081153,Genbio Anteojos de lectura +1.00 con estuche,37350,,,52,,143
7791000081160,Nutrivida Anteojos de lectura +1.50,60350,,3x2,52,,
7791000081177,Nutrivida Algodón hidrófilo 200g uso hospitalario,23300,,,52,,
7791000081184,Genbio Anteojos de sol UV400 unisex,32400,,,52,,
7791000081191,Dermaqua Agua oxigenada 10 vol 500ml uso hospitalario,10300,13750,,52,,218
7791000081207,Nutrivida Tensiómetro digital de brazo x2,3050,3400,,52,,162
7791000081214,Genbio Solución fisiológica 500ml pack familiar,7750,,,52,,
7791000081221,Nutrivida Anteojos de lectura +1.50 con estuche,31250,,3x2,52,/img/demo/prod-6.svg,239
7791000081238,Nutrivida Cordón porta anteojos x2 con estuche,51800,,,52,/img/demo/prod-3.svg,
7791000081245,Dermaqua Anteojos de lectura +2.00 premium,23100,,Combo,52,,135
7791000081252,Nutrivida Solución multipropósito 360ml con estuche,5150,,,52,,224
7791000081269,Genbio Parche ocular adhesivo x10,17650,,,52,,
7791000081276,Genbio Spray limpiador de lentes 60ml con estuche,10700,,,52,,
7791000081283,Dermaqua Tensiómetro digital de brazo x2,28750,38350,,52,,
7791000081290,Genbio Férula inmovilizadora de dedo,7500,,,52,,
7791000081306,Genbio Férula inmovilizadora de dedo uso hospitalario,12100,,,52,/img/demo/prod-7.svg,
7791000081313,Genbio Gotas descongestivas oculares 15ml,6950,,,52,,
7791000081320,Nutrivida Férula inmovilizadora de dedo pack familiar,6700,,,52,,
7791000081337,Nutrivida Lágrimas artificiales 15ml,18950,,,52,,
7791000081344,Nutrivida Estuche porta lentes de contacto con estuche,19200,,,52,,
7791000081351,Nutrivida Estuche porta lentes de contacto premium,20500,,,52,,
7791000081368,Dermaqua Collarín cervical blando uso hospitalario,42400,70650,,52,,
7791000081375,Nutrivida Anteojos de sol UV400 unisex con estuche,18500,,,52,,40
7791000081382,Dermaqua Anteojos de lectura +1.50 premium,50600,,,52,,
7791000081399,Nutrivida Anteojos de lectura +1.00 premium,42800,,,52,,194
7791000081405,Nutrivida Oxímetro de pulso uso hospitalario,13850,,,52,,54
7791000081412,Nutrivida Venda elástica 10cm,17150,,,52,,
7791000081429,Nutrivida Termómetro digital x2,8950,,,52,,108
7791000081436,Genbio Test de embarazo uso hospitalario,5250,,,52,/img/demo/prod-1.svg,
7791000081443,Nutrivida Solución fisiológica 500ml x2,6700,,,52,,
7791000081450,Dermaqua Barbijo tricapa x50 x2,7550,,,52,,59
7791000081467,Nutrivida Botiquín primeros auxilios completo,10450,,,52,,
7791000081474,Dermaqua Anteojos de lectura +1.00 con estuche,9750,15000,,52,,23
7791000081481,Nutrivida Collarín cervical blando,10950,,,52,,
7791000081498,Genbio Alcohol etílico 96% 500ml,6950,,,52,,
7791000081504,Nutrivida Solución fisiológica 500ml pack familiar,37200,,,52,,
7791000081511,Nutrivida Termómetro digital,17900,,,52,,
7791000081528,Genbio Collarín cervical blando x2,18650,,,52,/img/demo/prod-8.svg,
7791000081535,Genbio Lágrimas artificiales 15ml premium,30350,,,52,/img/demo/prod-1.svg,151
7791000081542,Genbio Guantes de nitrilo x100 uso hospitalario,12100,,,52,,94
7791000081559,Dermaqua Guantes de nitrilo x100 x2,8200,9650,,52,,
7791000081566,Nutrivida Venda elástica 10cm uso hospitalario,10100,,,52,,0
7791000081573,Dermaqua Venda elástica 10cm pack familiar,8700,,,52,,
7791000081580,Nutrivida Anteojos de lectura +2.00,21700,,,52,,60
7791000081597,Genbio Gotas descongestivas oculares 15ml con estuche,53950,,,52,,
7791000081603,Dermaqua Gotas descongestivas oculares 15ml con estuche,58100,,,52,,64
7791000081610,Dermaqua Botiquín primeros auxilios completo pack familiar,32200,,,52,,
7791000081627,Nutrivida Guantes de nitrilo x100,5650,11300,,52,,63
7791000081634,Nutrivida Lágrimas artificiales 15ml con estuche,14350,,,52,,
7791000081641,Nutrivida Solución fisiológica 500ml,10650,,,52,,26
7791000081658,Nutrivida Antiséptico en spray 100ml x2,20850,,,52,,
7791000081665,Dermaqua Parche ocular adhesivo x10 con estuche,44650,,,52,,29
7791000081672,Nutrivida Guantes de nitrilo x100 pack familiar,10700,17850,,52,,30
7791000081689,Nutrivida Parche ocular adhesivo x10,30850,41150,,52,/img/demo/prod-7.svg,39
7791000081696,Genbio Anteojos de sol UV400 unisex premium,9700,,,52,,105
7791000081702,Genbio Apósitos adhesivos x20,17650,,,52,,
7791000081719,Nutrivida Anteojos de lectura +2.00 con estuche,62700,,,52,,28
7791000081726,Nutrivida Oxímetro de pulso,5300,,,52,,195
7791000081733,Genbio Jeringa descartable 5ml x10 pack familiar,10200,20400,,52,,0
7791000081740,Dermaqua Estuche porta lentes de contacto,8450,,,52,,203
7791000081757,Dermaqua Cordón porta anteojos x2,49400,,,52,,
7791000081764,Dermaqua Gasas estériles 10x10 x10,8550,,Combo,52,/img/demo/prod-7.svg,140
7791000081771,Nutrivida Agua oxigenada 10 vol 500ml uso hospitalario,22050,,,52,,38
7791000081788,Nutrivida Solución fisiológica 500ml uso hospitalario,16250,,,52,,
7791000081795,Nutrivida Gotas descongestivas oculares 15ml,14900,17550,,52,,26
7791000081801,Nutrivida Algodón hidrófilo 200g,7650,,,52,,
7791000081818,Nutrivida Alcohol etílico 96% 500ml pack familiar,18850,,,52,,
7791000081825,Genbio Paño de microfibra x3 con estuche,30000,,,52,,
7791000081832,Dermaqua Gasas estériles 10x10 x10 x2,23900,,,52,,
7791000081849,Dermaqua Anteojos de lectura +2.00,10850,,,52,,
7791000081856,Nutrivida Botiquín primeros auxilios completo uso hospitalario,2250,,,52,,
7791000081863,Nutrivida Gotas descongestivas oculares 15ml premium,20350,,,52,,
7791000081870,Nutrivida Anteojos de sol UV400 unisex premium,14400,,,52,,88
7791000081887,Dermaqua Cordón porta anteojos x2 premium,15400,,,52,,179
7791000081894,Dermaqua Spray limpiador de lentes 60ml premium,21200,,,52,/img/demo/prod-4.svg,
7791000081900,Dermaqua Férula inmovilizadora de dedo uso hospitalario,26650,,,52,,
7791000081917,Nutrivida Anteojos de lectura +2.00 premium,7500,10000,,52,,243
7791000081924,Nutrivida Lágrimas artificiales 15ml premium,5850,,,52,,0
7791000081931,Dermaqua Collarín cervical blando,17800,25450,,52,,
7791000081948,Genbio Gasas estériles 10x10 x10 pack familiar,5700,,,52,,0
7791000081955,Nutrivida Spray limpiador de lentes 60ml,62800,104650,,52,,
7791000081962,Dermaqua Anteojos de lectura +1.50,8850,14750,,52,,18
7791000081979,Nutrivida Venda elástica 10cm pack familiar,13700,,,52,/img/demo/prod-1.svg,
7791000081986,Genbio Bolsa de agua caliente 2L uso hospitalario,20900,,,52,,24
7791000081993,Nutrivida Test de embarazo,10950,,,52,,205
7791000082006,Nutrivida Guantes de nitrilo x100 uso hospitalario,8700,,,52,/img/demo/prod-6.svg,
7791000082013,Genbio Apósitos adhesivos x20 x2,3200,4250,,52,,
7791000082020,Dermaqua Lágrimas artificiales 15ml,39350,,,52,,31
7791000082037,Nutrivida Tensiómetro digital de brazo uso hospitalario,4450,,,52,/img/demo/prod-6.svg,
7791000082044,Genbio Anteojos de sol UV400 unisex con estuche,31700,,,52,,42
7791000082051,Dermaqua Anteojos de lectura +1.00,26050,,,52,,18
7791000082068,Femina Tensiómetro digital de brazo uso hospitalario,2450,,,53,,0
7791000082075,Solarmed Cetirizina 10mg,22450,,,53,,100
7791000082082,Vitalfar Collarín cervical blando pack familiar,18400,36800,,53,/img/demo/prod-7.svg,197
7791000082099,Femina Ibuprofeno 400mg,3000,,,53,,37
7791000082105,Vitalfar Solución fisiológica 500ml,7950,,,53,,34
7791000082112,Vitalfar Agua oxigenada 10 vol 500ml x2,15800,,,53,,
7791000082129,Femina Aspirina 500mg x30 comp,2700,,,53,/img/demo/prod-1.svg,101
7791000082136,Solarmed Diclofenac gel 60g x10 comp,4000,,,53,,
7791000082143,Femina Agua oxigenada 10 vol 500ml uso hospitalario,15850,,,53,,204
7791000082150,Femina Diclofenac gel 60g,26400,,,53,,15
7791000082167,Vitalfar Tensiómetro digital de brazo pack familiar,5250,,Lanzamiento,53,,144
7791000082174,Kindel Ibuprofeno 600mg x30 comp,3150,,,53,,
7791000082181,Femina Test de embarazo uso hospitalario,8950,,,53,,40
7791000082198,Solarmed Paracetamol 500mg x50 comp,6700,,,53,,
7791000082204,Femina Diclofenac gel 60g x20 comp,8650,,2x1,53,,17
7791000082211,Kindel Férula inmovilizadora de dedo pack familiar,2050,,,53,,
7791000082228,Kindel Venda elástica 10cm,27550,,,53,,
7791000082235,Kindel Solución fisiológica 500ml,6550,,,53,,122
7791000082242,Kindel Bolsa de agua caliente 2L,1550,,,53,,198
7791000082259,Kindel Carbón activado x20 comp,12050,,,53,,21
7791000082266,Kindel Hierro + ácido fólico,4650,,Combo,53,,
7791000082273,Femina Melatonina 3mg x20 comp,19550,,,53,,137
7791000082280,Femina Omeprazol 20mg,2600,,,53,/img/demo/prod-7.svg,190
7791000082297,Kindel Cinta hipoalergénica 2.5cm uso hospitalario,3250,,,53,,104
7791000082303,Vitalfar Solución fisiológica 500ml pack familiar,3400,,,53,,236
7791000082310,Kindel Spray nasal descongestivo 20ml x20 comp,15100,,,53,,233
7791000082327,Kindel Jarabe expectorante infantil 120ml x20 comp,2400,,,53,,
7791000082334,Femina Carbón activado x30 comp,15250,,,53,,
7791000082341,Vitalfar Magnesio 400mg,7350,,,53,,184
7791000082358,Vitalfar Paracetamol 500mg x50 comp,5000,10000,,53,,
7791000082365,Solarmed Loratadina 10mg x30 comp,2250,,,53,,
7791000082372,Femina Collarín cervical blando,27600,34500,Oferta,53,,234
7791000082389,Kindel Vitamina C 500mg efervescente x30 comp,3250,,,53,,
7791000082396,Kindel Gotas oftálmicas lubricantes 15ml x20 comp,8850,,,53,,
7791000082402,Vitalfar Agua oxigenada 10 vol 500ml uso hospitalario,9700,,,53,,
7791000082419,Femina Termómetro digital x2,3250,,,53,,
7791000082426,Solarmed Vitamina C 500mg efervescente,11050,,,53,,
7791000082433,Kindel Vitamina C 500mg efervescente,18950,,,53,,
7791000082440,Vitalfar Oxímetro de pulso pack familiar,4100,,,53,,
7791000082457,Solarmed Paracetamol 1g x50 comp,7600,12650,,53,,0
7791000082464,Solarmed Ibuprofeno 600mg x10 comp,9850,,,53,,
7791000082471,Vitalfar Gasas estériles 10x10 x10 uso hospitalario,1300,,,53,,62
7791000082488,Femina Magnesio 400mg x30 comp,2850,,,53,,
7791000082495,Vitalfar Caramelos de propóleo x30 comp,11400,,,53,,
7791000082501,Kindel Ibuprofeno 600mg x20 comp,4700,5200,Oferta,53,,
7791000082518,Femina Caramelos de propóleo x30 comp,1800,,,53,,
7791000082525,Vitalfar Paracetamol 1g x50 comp,2900,,,53,,123
7791000082532,Solarmed Oxímetro de pulso pack familiar,21300,32750,,53,,15
7791000082549,Vitalfar Collarín cervical blando uso hospitalario,19700,30300,Oferta,53,,
7791000082556,Vitalfar Botiquín primeros auxilios completo,14750,,,53,,
7791000082563,Solarmed Diclofenac gel 60g x20 comp,4800,,,53,,220
7791000082570,Femina Guantes de nitrilo x100 pack familiar,16450,,,53,,85
7791000082587,Solarmed Test de embarazo pack familiar,4100,,,53,,220
7791000082594,Femina Loratadina 10mg x10 comp,22000,,,53,,118
7791000082600,Kindel Jarabe para la tos adultos 120ml x30 comp,11250,15000,,53,,246
7791000082617,Vitalfar Lansoprazol 30mg,6700,,,53,,95
7791000082624,Kindel Jeringa descartable 5ml x10 x2,17950,,,53,/img/demo/prod-5.svg,
7791000082631,Vitalfar Té digestivo hierbas serranas x10 comp,11850,,,53,,236
7791000082648,Solarmed Melatonina 3mg x30 comp,9300,,Lanzamiento,53,,220
7791000082655,Vitalfar Antiacido masticable x20 comp,2400,,,53,,
7791000082662,Femina Botiquín primeros auxilios completo uso hospitalario,5700,,3x2,53,,
7791000082679,Femina Antiséptico en spray 100ml x2,1350,,,53,,
7791000082686,Femina Solución fisiológica 500ml uso hospitalario,16250,,,53,,129
7791000082693,Femina Vitamina C 500mg efervescente x30 comp,4750,,,53,,
7791000082709,Femina Té digestivo hierbas serranas,1900,,,53,,
7791000082716,Kindel Botiquín primeros auxilios completo pack familiar,4850,,,53,,80
7791000082723,Femina Test de embarazo,6650,,,53,,0
7791000082730,Femina Bolsa de agua caliente 2L x2,9850,,,53,/img/demo/prod-3.svg,
7791000082747,Femina Paracetamol 1g x20 comp,6650,,,53,,10
7791000082754,Solarmed Antiacido masticable x50 comp,17450,,,53,,122
7791000082761,Femina Bolsa de agua caliente 2L,22450,,,53,,191
7791000082778,Femina Jarabe expectorante infantil 120ml,6300,,,53,,171
7791000082785,Solarmed Lansoprazol 30mg x20 comp,5550,,,53,/img/demo/prod-8.svg,33
7791000082792,Femina Venda elástica 10cm uso hospitalario,24300,,,53,,98
7791000082808,Vitalfar Guantes de nitrilo x100 x2,18150,,,53,,
7791000082815,Kindel Jarabe para la tos adultos 120ml,8450,16900,,53,,
7791000082822,Vitalfar Férula inmovilizadora de dedo,23400,,,53,,0
7791000082839,Vitalfar Melatonina 3mg,2750,,,53,,
7791000082846,Vitalfar Vitamina C 500mg efervescente x20 comp,3050,,,53,,
7791000082853,Solarmed Gasas estériles 10x10 x10 uso hospitalario,14150,,,53,,72
7791000082860,Vitalfar Cetirizina 10mg x30 comp,4350,,,53,,194
7791000082877,Solarmed Cinta hipoalergénica 2.5cm pack familiar,14800,,,53,,
7791000082884,Solarmed Jarabe para la tos adultos 120ml,15200,,,53,,63
7791000082891,Solarmed Sales de rehidratación oral x30 comp,8850,9850,,53,,199
7791000082907,Vitalfar Paracetamol 500mg x30 comp,13200,,,53,,
7791000082914,Solarmed Gotas oftálmicas lubricantes 15ml,6700,,,53,,
7791000082921,Kindel Cetirizina 10mg x20 comp,19900,,,53,,
7791000082938,Femina Hierro + ácido fólico x20 comp,8400,,,53,/img/demo/prod-5.svg,
7791000082945,Solarmed Cetirizina 10mg x10 comp,14600,,3x2,53,,
7791000082952,Vitalfar Jeringa descartable 5ml x10 pack familiar,4900,6550,,53,,
7791000082969,Kindel Bolsa de agua caliente 2L uso hospitalario,33750,,,53,,
7791000082976,Femina Oxímetro de pulso uso hospitalario,12700,,,53,,
7791000082983,Femina Paracetamol 500mg x10 comp,15300,,3x2,53,,
7791000082990,Vitalfar Barbijo tricapa x50 uso hospitalario,21150,,,53,,46
7791000083003,Kindel Gasas estériles 10x10 x10 x2,10200,,,53,,
7791000083010,Kindel Paracetamol 500mg x20 comp,9000,18000,,53,,
7791000083027,Vitalfar Carbón activado x30 comp,4900,5450,,53,,43
7791000083034,Femina Omeprazol 20mg x30 comp,3850,,,53,,0
7791000083041,Vitalfar Crema para dolores musculares 100g x50 comp,3200,,,53,,242
7791000083058,Vitalfar Bolsa de agua caliente 2L uso hospitalario,20700,,,53,,130
7791000083065,Vitalfar Cinta hipoalergénica 2.5cm x2,25500,,,53,,167
7791000083072,Kindel Guantes de nitrilo x100 pack familiar,3150,,,53,,202
7791000083089,Vitalfar Venda elástica 10cm pack familiar,7100,,,53,,
7791000083096,Kindel Cinta hipoalergénica 2.5cm x2,28850,,,53,,
7791000083102,Femina Jarabe expectorante infantil 120ml x20 comp,11100,,,53,,
7791000083119,Kindel Guantes de nitrilo x100,1350,,,53,,206
7791000083126,Vitalfar Complejo B x30 comp,5100,,,53,,80
7791000083133,Solarmed Complejo B x10 comp,4800,,,53,,
7791000083140,Vitalfar Ibuprofeno 400mg,2700,,,53,/img/demo/prod-4.svg,71
7791000083157,Femina Botiquín primeros auxilios completo,3200,,,53,,
7791000083164,Solarmed Barbijo tricapa x50 x2,35250,44050,,53,,
7791000083171,Vitalfar Oxímetro de pulso,15900,,,53,,14
7791000083188,Vitalfar Caramelos de propóleo x50 comp,12400,,,53,/img/demo/prod-5.svg,
7791000083195,Vitalfar Omeprazol 20mg x20 comp,11150,18600,,53,,
7791000083201,Kindel Tensiómetro digital de brazo,20450,,,53,,
7791000083218,Solarmed Antiséptico en spray 100ml uso hospitalario,9700,,,53,,244
7791000083225,Vitalfar Paracetamol 1g x10 comp,3300,,3x2,53,,
7791000083232,Vitalfar Alcohol etílico 96% 500ml x2,4250,,Lanzamiento,53,,
7791000083249,Solarmed Guantes de nitrilo x100 uso hospitalario,2700,,,53,,158
7791000083256,Femina Antiséptico en spray 100ml,6500,,,53,,
7791000083263,Femina Tensiómetro digital de brazo pack familiar,1450,,,53,/img/demo/prod-2.svg,
7791000083270,Vitalfar Apósitos adhesivos x20 x2,6850,,,53,,
7791000083287,Vitalfar Cinta hipoalergénica 2.5cm,3450,,,53,,171
7791000083294,Kindel Diclofenac gel 60g x20 comp,10250,,,53,,
7791000083300,Femina Paracetamol 1g x50 comp,7300,,,53,,156
7791000083317,Kindel Gasas estériles 10x10 x10,13700,,,53,,81
7791000083324,Solarmed Jeringa descartable 5ml x10 uso hospitalario,23200,,,53,,58
7791000083331,Vitalfar Botiquín primeros auxilios completo x2,5800,,,53,,
7791000083348,Kindel Cetirizina 10mg,7050,,,53,,
7791000083355,Vitalfar Alcohol etílico 96% 500ml,18850,,,53,,
7791000083362,Kindel Oxímetro de pulso,1500,1900,Oferta,53,,
7791000083379,Solarmed Diclofenac gel 60g x30 comp,10800,,,53,,
7791000083386,Vitalfar Gotas oftálmicas lubricantes 15ml,17900,,,53,,241
7791000083393,Kindel Botiquín primeros auxilios completo,7900,9900,,53,,188
7791000083409,Kindel Termómetro digital pack familiar,10100,13450,Oferta,53,,
7791000083416,Femina Té digestivo hierbas serranas x50 comp,2900,,,53,,
7791000083423,Kindel Oxímetro de pulso uso hospitalario,13600,,2x1,53,,
7791000083430,Kindel Termómetro digital x2,13150,,,53,,
7791000083447,Vitalfar Agua oxigenada 10 vol 500ml pack familiar,4600,,,53,,130
7791000083454,Vitalfar Crema para dolores musculares 100g,5950,,,53,,
7791000083461,Solarmed Antiacido masticable x30 comp,5250,,,53,/img/demo/prod-4.svg,
7791000083478,Solarmed Barbijo tricapa x50 pack familiar,11600,,,53,,
7791000083485,Solarmed Barbijo tricapa x50 uso hospitalario,14150,20200,Oferta,53,,
7791000083492,Solarmed Antiacido masticable,2150,,,53,/img/demo/prod-1.svg,108
7791000083508,Solarmed Aspirina 500mg x20 comp,5600,,,53,,
7791000083515,Femina Gasas estériles 10x10 x10 uso hospitalario,19050,,3x2,53,,121
7791000083522,Femina Cinta hipoalergénica 2.5cm uso hospitalario,2950,,,53,,18
7791000083539,Solarmed Test de embarazo uso hospitalario,6400,,Lanzamiento,53,,
7791000083546,Femina Botiquín primeros auxilios completo pack familiar,17200,,,53,,239
7791000083553,Solarmed Cinta hipoalergénica 2.5cm uso hospitalario,24350,,,53,,
7791000083560,Serenol Paracetamol 1g x30 comp,5400,,,54,,
7791000083577,Femina Gasas estériles 10x10 x10 uso hospitalario,12850,,,54,,
7791000083584,Dermalia Paracetamol 1g x20 comp,6150,,,54,/img/demo/prod-4.svg,
7791000083591,Femina Vitamina C 500mg efervescente,6650,,,54,,176
7791000083607,Dermalia Apósitos adhesivos x20 pack familiar,17200,,,54,,
7791000083614,Dermalia Carbón activado x20 comp,5700,,,54,,134
7791000083621,Femina Férula inmovilizadora de dedo,25350,,,54,/img/demo/prod-7.svg,
7791000083638,Serenol Omeprazol 20mg,9950,,,54,,
7791000083645,Femina Apósitos adhesivos x20 uso hospitalario,30650,,,54,/img/demo/prod-5.svg,
7791000083652,Dermalia Diclofenac gel 60g,4550,,,54,,56
7791000083669,Femina Spray nasal descongestivo 20ml x10 comp,7400,,Combo,54,,
7791000083676,Dermalia Botiquín primeros auxilios completo x2,17200,34400,,54,/img/demo/prod-6.svg,
7791000083683,Serenol Solución fisiológica 500ml,5850,9750,,54,,116
7791000083690,Dermalia Carbón activado,2950,,,54,,
7791000083706,Dermalia Melatonina 3mg,5100,,3x2,54,,206
7791000083713,Serenol Diclofenac gel 60g x30 comp,20500,25650,,54,,62
7791000083720,Femina Cinta hipoalergénica 2.5cm uso hospitalario,1500,1650,,54,,
7791000083737,Serenol Test de embarazo pack familiar,2500,2800,Oferta,54,,185
7791000083744,Dermalia Oxímetro de pulso,3450,,,54,,0
7791000083751,Femina Jeringa descartable 5ml x10 uso hospitalario,3600,,,54,/img/demo/prod-6.svg,
7791000083768,Serenol Termómetro digital x2,10700,,,54,,81
7791000083775,Dermalia Oxímetro de pulso x2,20500,,,54,,
7791000083782,Serenol Algodón hidrófilo 200g pack familiar,19100,,,54,,
7791000083799,Dermalia Ibuprofeno 600mg,5700,,,54,/img/demo/prod-6.svg,
7791000083805,Dermalia Gotas oftálmicas lubricantes 15ml x50 comp,2200,,,54,,
7791000083812,Dermalia Guantes de nitrilo x100 pack familiar,26100,37300,,54,,
7791000083829,Serenol Loratadina 10mg x20 comp,8450,,,54,,
7791000083836,Dermalia Gotas oftálmicas lubricantes 15ml x30 comp,6400,,,54,,221
7791000083843,Dermalia Cetirizina 10mg x10 comp,2500,,,54,,
7791000083850,Dermalia Ibuprofeno 600mg x50 comp,9650,,,54,,55
7791000083867,Femina Magnesio 400mg x50 comp,17350,,3x2,54,,195
7791000083874,Dermalia Algodón hidrófilo 200g pack familiar,1700,,,54,,122
7791000083881,Dermalia Barbijo tricapa x50 uso hospitalario,17450,,,54,,38
7791000083898,Femina Solución fisiológica 500ml x2,2650,,,54,,
7791000083904,Serenol Jarabe para la tos adultos 120ml x20 comp,1900,,,54,,
7791000083911,Serenol Paracetamol 500mg x50 comp,8100,,,54,,
7791000083928,Femina Collarín cervical blando uso hospitalario,10850,,,54,,0
7791000083935,Femina Barbijo tricapa x50 uso hospitalario,6450,,3x2,54,,169
7791000083942,Dermalia Guantes de nitrilo x100 uso hospitalario,40050,,,54,,
7791000083959,Serenol Magnesio 400mg x10 comp,22700,,,54,,0
7791000083966,Dermalia Botiquín primeros auxilios completo pack familiar,2950,,,54,,229
7791000083973,Dermalia Collarín cervical blando x2,4500,,,54,,
7791000083980,Dermalia Complejo B x30 comp,18250,,Combo,54,/img/demo/prod-7.svg,
7791000083997,Femina Omeprazol 20mg x10 comp,19000,,,54,,175
7791000084000,Femina Bolsa de agua caliente 2L pack familiar,2500,2800,,54,,72
7791000084017,Dermalia Magnesio 400mg x50 comp,26100,,,54,,173
7791000084024,Serenol Cetirizina 10mg x20 comp,2750,,,54,,
7791000084031,Dermalia Férula inmovilizadora de dedo uso hospitalario,1900,,,54,,224
7791000084048,Dermalia Melatonina 3mg x30 comp,3450,,,54,,225
7791000084055,Femina Botiquín primeros auxilios completo uso hospitalario,2300,4600,,54,,0
7791000084062,Dermalia Bolsa de agua caliente 2L uso hospitalario,13950,,,54,,214
7791000084079,Femina Aspirina 500mg x10 comp,4050,,,54,,0
7791000084086,Serenol Paracetamol 1g x20 comp,3400,,,54,,56
7791000084093,Dermalia Lansoprazol 30mg x20 comp,13100,14550,,54,,38
7791000084109,Serenol Solución fisiológica 500ml x2,16250,,,54,,136
7791000084116,Serenol Gasas estériles 10x10 x10,4850,,Combo,54,/img/demo/prod-2.svg,54
7791000084123,Dermalia Loratadina 10mg x50 comp,5950,,,54,,249
7791000084130,Femina Termómetro digital,23300,,,54,,47
7791000084147,Dermalia Té digestivo hierbas serranas x20 comp,7150,,,54,,0
7791000084154,Femina Alcohol etílico 96% 500ml x2,35600,,,54,/img/demo/prod-4.svg,
7791000084161,Dermalia Antiacido masticable x30 comp,4650,5150,,54,,
7791000084178,Serenol Vitamina C 500mg efervescente x30 comp,1850,,,54,,0
7791000084185,Dermalia Solución fisiológica 500ml x2,30350,,,54,,
7791000084192,Dermalia Collarín cervical blando uso hospitalario,3700,,,54,,
7791000084208,Dermalia Jeringa descartable 5ml x10 pack familiar,8100,,,54,,35
7791000084215,Dermalia Caramelos de propóleo x20 comp,6750,,,54,,
7791000084222,Femina Cetirizina 10mg x30 comp,14450,,Lanzamiento,54,/img/demo/prod-1.svg,
7791000084239,Femina Alcohol etílico 96% 500ml uso hospitalario,3650,,,54,,
7791000084246,Serenol Venda elástica 10cm,1350,,2x1,54,,
7791000084253,Femina Jarabe expectorante infantil 120ml,5800,,2x1,54,,123
7791000084260,Serenol Guantes de nitrilo x100 uso hospitalario,1250,,,54,,
7791000084277,Serenol Caramelos de propóleo x50 comp,3100,,,54,,249
7791000084284,Dermalia Oxímetro de pulso pack familiar,14450,,,54,,53
7791000084291,Serenol Carbón activado,11450,22900,,54,/img/demo/prod-4.svg,0
7791000084307,Femina Paracetamol 500mg x20 comp,2400,,,54,/img/demo/prod-2.svg,245
7791000084314,Dermalia Melatonina 3mg x50 comp,5400,,,54,,
7791000084321,Femina Cetirizina 10mg x50 comp,16200,,,54,,142
7791000084338,Femina Agua oxigenada 10 vol 500ml uso hospitalario,26300,,,54,,
7791000084345,Dermalia Antiséptico en spray 100ml pack familiar,12300,14450,Oferta,54,,
7791000084352,Serenol Algodón hidrófilo 200g,3550,,,54,,198
7791000084369,Femina Cinta hipoalergénica 2.5cm x2,13750,,,54,,
7791000084376,Serenol Botiquín primeros auxilios completo pack familiar,11050,13800,,54,,73
7791000084383,Dermalia Cinta hipoalergénica 2.5cm x2,9300,14300,,54,,
7791000084390,Dermalia Jarabe para la tos adultos 120ml x20 comp,3300,,,54,/img/demo/prod-6.svg,32
7791000084406,Dermalia Venda elástica 10cm x2,4000,,,54,,
7791000084413,Femina Ibuprofeno 600mg x10 comp,7150,,,54,,
7791000084420,Dermalia Agua oxigenada 10 vol 500ml x2,3400,,,54,,39
7791000084437,Dermalia Test de embarazo,7650,,,54,,
7791000084444,Femina Venda elástica 10cm x2,3650,,,54,,
7791000084451,Dermalia Botiquín primeros auxilios completo uso hospitalario,2550,,,54,,
7791000084468,Dermalia Agua oxigenada 10 vol 500ml uso hospitalario,25850,,,54,,
7791000084475,Dermalia Tensiómetro digital de brazo x2,20300,,,54,,
7791000084482,Serenol Antiséptico en spray 100ml pack familiar,19550,,,54,,
7791000084499,Femina Oxímetro de pulso uso hospitalario,14950,,,54,,178
7791000084505,Serenol Spray nasal descongestivo 20ml x30 comp,15950,,,54,/img/demo/prod-5.svg,
7791000084512,Dermalia Tensiómetro digital de brazo pack familiar,12450,,,54,,123
7791000084529,Serenol Loratadina 10mg x30 comp,3850,4550,,54,,
7791000084536,Femina Jeringa descartable 5ml x10,37150,,Combo,54,,243
7791000084543,Serenol Lansoprazol 30mg,8450,,,54,,205
7791000084550,Femina Crema para dolores musculares 100g x20 comp,2200,,,54,,203
7791000084567,Femina Lansoprazol 30mg,1950,3000,,54,/img/demo/prod-4.svg,
7791000084574,Serenol Agua oxigenada 10 vol 500ml pack familiar,13700,,,54,,
7791000084581,Dermalia Magnesio 400mg x30 comp,8650,,,54,,
7791000084598,Serenol Hierro + ácido fólico x10 comp,18250,,,54,,147
7791000084604,Femina Collarín cervical blando pack familiar,17700,,,54,,
7791000084611,Dermalia Paracetamol 500mg x10 comp,13500,20750,,54,,86
7791000084628,Femina Paracetamol 1g,3300,,,54,,
7791000084635,Dermalia Termómetro digital pack familiar,10600,,,54,,
7791000084642,Serenol Ibuprofeno 600mg x10 comp,1900,,,54,,178
7791000084659,Dermalia Barbijo tricapa x50 x2,24150,,,54,/img/demo/prod-4.svg,64
7791000084666,Dermalia Vitamina C 500mg efervescente,7250,,,54,,
7791000084673,Serenol Termómetro digital,6800,,,54,,47
7791000084680,Dermalia Diclofenac gel 60g x30 comp,4050,,,54,,
7791000084697,Dermalia Cinta hipoalergénica 2.5cm uso hospitalario,26850,35800,,54,,39
7791000084703,Dermalia Cinta hipoalergénica 2.5cm pack familiar,2500,,,54,,210
7791000084710,Dermalia Algodón hidrófilo 200g,12400,,,54,,5
7791000084727,Dermalia Jarabe expectorante infantil 120ml,4050,,,54,/img/demo/prod-4.svg,
7791000084734,Femina Algodón hidrófilo 200g,17100,,,54,,
7791000084741,Dermalia Omeprazol 20mg x10 comp,6700,,,54,,
7791000084758,Femina Gasas estériles 10x10 x10 x2,23550,,,54,,45
7791000084765,Serenol Bolsa de agua caliente 2L uso hospitalario,11600,,,54,,200
7791000084772,Dermalia Ibuprofeno 600mg x20 comp,7950,,,54,,40
7791000084789,Femina Ibuprofeno 600mg x50 comp,2900,,,54,,195
7791000084796,Dermalia Antiacido masticable x50 comp,2400,,,54,,
7791000084802,Serenol Algodón hidrófilo 200g uso hospitalario,3100,,,54,/img/demo/prod-4.svg,
7791000084819,Dermalia Spray nasal descongestivo 20ml,18800,,,54,,
7791000084826,Serenol Agua oxigenada 10 vol 500ml,17950,,,54,,120
7791000084833,Femina Ibuprofeno 600mg x30 comp,14450,,,54,,219
7791000084840,Femina Carbón activado,3650,5200,,54,,
7791000084857,Serenol Omeprazol 20mg x50 comp,20050,,,54,,
7791000084864,Dermalia Crema para dolores musculares 100g x30 comp,4250,,,54,,65
7791000084871,Femina Oxímetro de pulso pack familiar,3600,,,54,,
7791000084888,Dermalia Sales de rehidratación oral x10 comp,4000,5000,Oferta,54,,186
7791000084895,Dermalia Aspirina 500mg x20 comp,5900,,,54,,172
7791000084901,Femina Omeprazol 20mg x50 comp,2600,,,54,,
7791000084918,Femina Apósitos adhesivos x20 pack familiar,19850,,,54,,46
7791000084925,Serenol Omeprazol 20mg x10 comp,8650,,,54,,162
7791000084932,Femina Tensiómetro digital de brazo,20400,,,54,,
7791000084949,Femina Botiquín primeros auxilios completo pack familiar,14000,,,54,,69
7791000084956,Femina Test de embarazo pack familiar,13300,,,54,,
7791000084963,Femina Collarín cervical blando x2,5850,,,54,,58
7791000084970,Femina Vitamina C 500mg efervescente x10 comp,3150,,,54,,
7791000084987,Femina Collarín cervical blando,10250,,,54,,88
7791000084994,Dermalia Vitamina C 500mg efervescente x20 comp,8600,,,54,,176
7791000085007,Dermalia Jarabe expectorante infantil 120ml x50 comp,23450,,,54,,
7791000085014,Serenol Jarabe para la tos adultos 120ml x30 comp,22850,,,54,,
7791000085021,Femina Complejo B x10 comp,19650,,,54,,
7791000085038,Femina Termómetro digital uso hospitalario,28800,,,54,,
7791000085045,Dermalia Ibuprofeno 400mg x20 comp,10050,,,54,/img/demo/prod-3.svg,
7791000085052,Dermalia Sales de rehidratación oral x50 comp,20300,,,54,/img/demo/prod-7.svg,
7791000085069,Dermalia Cetirizina 10mg x30 comp,2000,4000,,54,,232
7791000085076,Dermalia Paracetamol 1g,17400,,,54,,245
7791000085083,Dermalia Termómetro digital x2,24600,,,54,,
7791000085090,Dermalia Barbijo tricapa x50,35500,,,54,,200
7791000085106,Femina Cinta hipoalergénica 2.5cm,13450,,,54,/img/demo/prod-4.svg,
7791000085113,Femina Agua oxigenada 10 vol 500ml pack familiar,5750,,,54,,45
7791000085120,Femina Termómetro digital x2,1350,1950,,54,,233
7791000085137,Dermalia Solución fisiológica 500ml,23900,,,54,/img/demo/prod-1.svg,45
7791000085144,Dermalia Hierro + ácido fólico x10 comp,7450,,,54,,0
7791000085151,Dermalia Apósitos adhesivos x20,16300,,,54,,
7791000085168,Dermalia Solución fisiológica 500ml pack familiar,15500,,,54,,
7791000085175,Dermalia Tensiómetro digital de brazo uso hospitalario,4350,,,54,,3
7791000085182,Dermalia Jarabe para la tos adultos 120ml,8600,,,54,,
7791000085199,Serenol Cinta hipoalergénica 2.5cm pack familiar,2800,5600,,54,,228
7791000085205,Dermalia Complejo B,7450,,,54,,209
7791000085212,Femina Té digestivo hierbas serranas x20 comp,2500,2950,,54,,
7791000085229,Serenol Magnesio 400mg x30 comp,8700,,,54,,80
7791000085236,Aquavital Aceite esencial de lavanda 15ml kit x2,36050,55450,,55,,143
7791000085243,Naturalis Jabón artesanal de caléndula edición limitada,44550,,,55,,
7791000085250,Dermalia Crema de manos perfumada 75ml edición limitada,15300,,,55,,
7791000085267,Dermalia Espuma de afeitar 200ml,4100,5450,,55,/img/demo/prod-6.svg,
7791000085274,Activlife Pasta dental blanqueadora 90g,4650,,,55,/img/demo/prod-7.svg,152
7791000085281,Aquavital Jabón artesanal de caléndula,14650,,,55,,
7791000085298,Dermalia Eau de toilette mujer 100ml kit x2,61550,87950,,55,,
7791000085304,Dermalia Kit de regalo perfume + crema kit x2,72500,,,55,,
7791000085311,Dermalia Toallas femeninas x16 manzanilla,10400,,,55,,
7791000085328,Dermalia Vela aromática vainilla kit x2,11400,,,55,,
7791000085335,Activlife Crema de manos perfumada 75ml kit x2,26850,,,55,,19
7791000085342,Naturalis Bruma para almohada 100ml edición limitada,41950,,,55,,
7791000085359,Dermalia Body splash frutal 250ml edición limitada,70250,,,55,,63
7791000085366,Activlife Protectores diarios x20 sin perfume,6500,,,55,,126
7791000085373,Aquavital Talco corporal 100g,8650,,,55,,
7791000085380,Naturalis Shampoo nutrición 400ml manzanilla,6950,,,55,,
7791000085397,Dermalia Pasta dental blanqueadora 90g,4050,,,55,/img/demo/prod-8.svg,234
7791000085403,Activlife Shampoo nutrición 400ml aloe vera,7800,11150,,55,,3
7791000085410,Activlife Shampoo nutrición 400ml,2600,,2x1,55,,125
7791000085427,Dermalia Alcohol en gel 250ml aloe vera,6700,,,55,,203
7791000085434,Aquavital Cepillo dental medio x2 aloe vera,3050,,,55,,
7791000085441,Dermalia Jabón artesanal de caléndula,8750,,,55,,35
7791000085458,Aquavital Talco corporal 100g aloe vera,12900,21500,,55,,
7791000085465,Aquavital Protectores diarios x20 manzanilla,6100,,,55,,
7791000085472,Naturalis Aceite esencial de lavanda 15ml kit x2,38650,,,55,,
7791000085489,Activlife Sales de baño relajantes 500g kit x2,48100,,,55,,
7791000085496,Naturalis Desodorante roll-on 50ml,5000,,,55,,222
7791000085502,Naturalis Jabón de tocador x3 sin perfume,7100,14200,,55,,69
7791000085519,Activlife Cepillo dental medio x2,7650,,,55,,
7791000085526,Naturalis Crema corporal perfumada 300ml,34100,,,55,/img/demo/prod-6.svg,48
7791000085533,Dermalia Crema de manos perfumada 75ml,29950,,,55,,
7791000085540,Dermalia Pasta dental encías 90g,3900,,,55,,
7791000085557,Aquavital Crema de manos perfumada 75ml,12650,,,55,,239
7791000085564,Aquavital Body splash frutal 250ml,60400,,,55,,
7791000085571,Naturalis Enjuague bucal 500ml manzanilla,7250,,,55,/img/demo/prod-6.svg,
7791000085588,Dermalia Kit de regalo perfume + crema edición limitada,64000,,,55,,
7791000085595,Naturalis Eau de toilette hombre 100ml,12000,,,55,/img/demo/prod-8.svg,245
7791000085601,Naturalis Desodorante roll-on 50ml aloe vera,9100,,,55,,221
7791000085618,Aquavital Espuma de baño 400ml edición limitada,36300,,,55,,
7791000085625,Aquavital Alcohol en gel 250ml sin perfume,4300,,,55,,238
7791000085632,Activlife Alcohol en gel 250ml,3100,,,55,,
7791000085649,Activlife Desodorante aerosol 150ml manzanilla,4950,,,55,,
7791000085656,Dermalia Bruma para almohada 100ml kit x2,14000,,,55,,
7791000085663,Naturalis Sales de baño relajantes 500g kit x2,32550,,Combo,55,,
7791000085670,Naturalis Desodorante roll-on 50ml manzanilla,3550,,,55,,65
7791000085687,Activlife Máquina de afeitar x3 sin perfume,4100,5450,Oferta,55,,
7791000085694,Dermalia Espuma de afeitar 200ml manzanilla,17600,,,55,,
7791000085700,Naturalis Pasta dental encías 90g manzanilla,5350,,,55,,29
7791000085717,Aquavital Eau de toilette hombre 100ml kit x2,42850,,,55,,
7791000085724,Dermalia Enjuague bucal 500ml sin perfume,7050,10050,,55,,145
7791000085731,Activlife Shampoo nutrición 400ml manzanilla,3250,,,55,,
7791000085748,Dermalia Vela aromática vainilla,8950,,,55,,
7791000085755,Dermalia Aceite esencial de lavanda 15ml kit x2,8050,,Lanzamiento,55,,122
7791000085762,Activlife Pasta dental blanqueadora 90g sin perfume,3100,,,55,,35
7791000085779,Aquavital Vela aromática vainilla kit x2,34200,,,55,,
7791000085786,Aquavital Difusor de aromas + varillas edición limitada,42050,,3x2,55,,
7791000085793,Activlife Eau de toilette hombre 100ml kit x2,9700,,,55,,60
7791000085809,Dermalia Toallas femeninas x16 sin perfume,3100,,,55,,
7791000085816,Aquavital Aceite esencial de lavanda 15ml edición limitada,58650,97750,,55,,137
7791000085823,Aquavital Crema corporal perfumada 300ml,75250,,,55,,
7791000085830,Naturalis Cepillo dental suave,6500,,,55,,
7791000085847,Dermalia Jabón líquido 250ml manzanilla,20250,,,55,/img/demo/prod-6.svg,210
7791000085854,Activlife Eau de parfum floral 50ml,13450,,,55,,26
7791000085861,Aquavital Eau de toilette mujer 100ml edición limitada,25200,,,55,,83
7791000085878,Dermalia Alcohol en gel 250ml manzanilla,11400,,,55,,
7791000085885,Naturalis Jabón de tocador x3,4800,7400,Oferta,55,,49
7791000085892,Aquavital Body splash frutal 250ml edición limitada,12450,,,55,,236
7791000085908,Dermalia Crema corporal perfumada 300ml kit x2,20900,,,55,,15
7791000085915,Naturalis Shampoo anticaspa 400ml manzanilla,7450,,,55,/img/demo/prod-2.svg,78
7791000085922,Aquavital Jabón artesanal de caléndula kit x2,22550,28200,,55,/img/demo/prod-3.svg,98
7791000085939,Activlife Pasta dental blanqueadora 90g aloe vera,3550,,,55,,50
7791000085946,Naturalis Cepillo dental suave sin perfume,9050,,,55,/img/demo/prod-6.svg,
7791000085953,Aquavital Vela aromática vainilla,13000,,,55,,164
7791000085960,Activlife Espuma de baño 400ml kit x2,25550,,,55,,140
7791000085977,Dermalia Jabón artesanal de caléndula edición limitada,18900,,,55,,197
7791000085984,Activlife Desodorante aerosol 150ml sin perfume,2750,,,55,,
7791000085991,Aquavital Toallas femeninas x16 aloe vera,4500,,,55,/img/demo/prod-6.svg,
7791000086004,Naturalis Espuma de afeitar 200ml sin perfume,19400,,,55,,211
7791000086011,Naturalis Jabón artesanal de caléndula kit x2,15600,19500,Oferta,55,,26
7791000086028,Aquavital Desodorante roll-on 50ml manzanilla,3250,,2x1,55,,
7791000086035,Aquavital Eau de parfum floral 50ml edición limitada,56650,87150,,55,,198
7791000086042,Dermalia Máquina de afeitar x3 aloe vera,6400,,,55,,222
7791000086059,Activlife Pasta dental blanqueadora 90g manzanilla,10750,,,55,/img/demo/prod-2.svg,
7791000086066,Aquavital Sales de baño relajantes 500g,21100,,,55,,
7791000086073,Dermalia Alcohol en gel 250ml sin perfume,5100,,,55,,
7791000086080,Naturalis Máquina de afeitar x3,2600,,,55,,
7791000086097,Dermalia Eau de parfum floral 50ml kit x2,21550,,,55,,219
7791000086103,Activlife Talco corporal 100g aloe vera,9250,,,55,,198
7791000086110,Dermalia Espuma de baño 400ml kit x2,40250,,,55,,160
7791000086127,Activlife Enjuague bucal 500ml aloe vera,3250,,,55,,42
7791000086134,Dermalia Shampoo anticaspa 400ml manzanilla,5450,6050,,55,,106
7791000086141,Naturalis Shampoo anticaspa 400ml,11750,,,55,,24
7791000086158,Naturalis Toallas femeninas x16,4850,,,55,/img/demo/prod-5.svg,
7791000086165,Naturalis Protectores diarios x20 aloe vera,2550,,,55,,117
7791000086172,Aquavital Kit de regalo perfume + crema edición limitada,8400,,,55,,
7791000086189,Aquavital Jabón de tocador x3 manzanilla,9200,,,55,,
7791000086196,Activlife Crema corporal perfumada 300ml edición limitada,24250,,,55,,
7791000086202,Aquavital Máquina de afeitar x3 sin perfume,3150,,,55,,172
7791000086219,Activlife Sales de baño relajantes 500g edición limitada,25550,42600,,55,,
7791000086226,Activlife Shampoo anticaspa 400ml,6350,,,55,,0
7791000086233,Naturalis Pasta dental encías 90g sin perfume,4450,,,55,,
7791000086240,Aquavital Eau de toilette hombre 100ml edición limitada,20450,31450,Oferta,55,,
7791000086257,Dermalia Pasta dental encías 90g sin perfume,5900,,Combo,55,,197
7791000086264,Naturalis Sales de baño relajantes 500g,46650,,Lanzamiento,55,,
7791000086271,Aquavital Eau de parfum floral 50ml,8850,,,55,,220
7791000086288,Activlife Shampoo anticaspa 400ml sin perfume,3300,,,55,,209
7791000086295,Aquavital Hilo dental 50m manzanilla,4300,,,55,,136
7791000086301,Dermalia Sales de baño relajantes 500g edición limitada,33550,,,55,,
7791000086318,Naturalis Desodorante aerosol 150ml sin perfume,5500,,,55,,0
7791000086325,Aquavital Eau de toilette hombre 100ml,8950,,,55,,90
7791000086332,Activlife Bruma para almohada 100ml edición limitada,9900,,,55,,
7791000086349,Aquavital Shampoo anticaspa 400ml aloe vera,10450,,,55,,
7791000086356,Dermalia Eau de toilette hombre 100ml,80750,124250,Oferta,55,,
7791000086363,Aquavital Acondicionador 400ml aloe vera,6650,,,55,,
7791000086370,Activlife Cepillo dental suave sin perfume,10000,,,55,,
7791000086387,Activlife Espuma de baño 400ml,41950,,,55,/img/demo/prod-1.svg,
7791000086394,Naturalis Eau de toilette mujer 100ml,28200,40300,,55,,219
7791000086400,Dermalia Talco corporal 100g manzanilla,9100,,,55,,9
7791000086417,Aquavital Aceite esencial de lavanda 15ml,15000,23100,,55,,135
7791000086424,Dermalia Sales de baño relajantes 500g kit x2,33800,37550,,55,,0
7791000086431,Naturalis Crema de manos perfumada 75ml kit x2,33150,,,55,,
7791000086448,Aquavital Difusor de aromas + varillas,70950,,,55,,23
7791000086455,Aquavital Desodorante aerosol 150ml aloe vera,14350,,,55,,249
7791000086462,Dermalia Eau de toilette hombre 100ml kit x2,17000,,,55,,17
7791000086479,Aquavital Jabón de tocador x3 sin perfume,4250,,,55,,223
7791000086486,Naturalis Pasta dental blanqueadora 90g sin perfume,6450,7150,,55,,
7791000086493,Activlife Eau de toilette hombre 100ml,44000,67700,,55,,
7791000086509,Naturalis Pasta dental blanqueadora 90g manzanilla,3050,,,55,,189
7791000086516,Activlife Protectores diarios x20,7200,10300,,55,,80
7791000086523,Aquavital Jabón líquido 250ml,2500,,,55,,79
7791000086530,Dermalia Shampoo anticaspa 400ml sin perfume,6000,,,55,,
7791000086547,Aquavital Bruma para almohada 100ml,27250,,,55,,
7791000086554,Dermalia Difusor de aromas + varillas,28650,,,55,,
7791000086561,Aquavital Espuma de afeitar 200ml sin perfume,3250,,,55,,
7791000086578,Aquavital Enjuague bucal 500ml manzanilla,9300,,,55,,
7791000086585,Aquavital Cepillo dental medio x2 manzanilla,15750,,,56,,33
7791000086592,Kindel Jabón de tocador x3 sin perfume,10100,,,56,,68
7791000086608,Vigorplus Jabón de tocador x3 manzanilla,6000,,,56,,
7791000086615,Nutrivida Shampoo anticaspa 400ml aloe vera,7900,,2x1,56,,142
7791000086622,Nutrivida Desodorante roll-on 50ml manzanilla,3800,,,56,/img/demo/prod-8.svg,
7791000086639,Aquavital Protectores diarios x20 aloe vera,19800,,,56,,31
7791000086646,Kindel Kit de regalo perfume + crema kit x2,53350,,,56,,67
7791000086653,Nutrivida Máquina de afeitar x3 sin perfume,3900,,,56,/img/demo/prod-2.svg,
7791000086660,Kindel Cepillo dental medio x2 aloe vera,4000,,,56,,
7791000086677,Vigorplus Aceite esencial de lavanda 15ml,23600,39350,,56,,215
7791000086684,Aquavital Eau de toilette hombre 100ml,48550,,,56,,
7791000086691,Kindel Toallitas húmedas x50,11850,,,56,,204
7791000086707,Vigorplus Pasta dental encías 90g manzanilla,14400,,,56,,
7791000086714,Nutrivida Acondicionador 400ml aloe vera,6450,,,56,,0
7791000086721,Kindel Vela aromática vainilla edición limitada,8100,,,56,,
7791000086738,Nutrivida Pasta dental encías 90g manzanilla,3250,4350,,56,,7
7791000086745,Nutrivida Desodorante roll-on 50ml,3800,,,56,,31
7791000086752,Vigorplus Jabón artesanal de caléndula edición limitada,27300,,,56,,
7791000086769,Vigorplus Cepillo dental suave sin perfume,5950,,,56,,69
7791000086776,Nutrivida Pasta dental encías 90g,5100,,,56,,7
7791000086783,Kindel Desodorante aerosol 150ml,2700,,,56,,
7791000086790,Vigorplus Cepillo dental medio x2 aloe vera,6450,,3x2,56,/img/demo/prod-1.svg,245
7791000086806,Kindel Jabón artesanal de caléndula edición limitada,33800,,,56,,231
7791000086813,Nutrivida Enjuague bucal 500ml,3450,4950,,56,,
7791000086820,Nutrivida Eau de parfum floral 50ml,46000,,,56,,
7791000086837,Aquavital Shampoo nutrición 400ml,9750,,,56,/img/demo/prod-3.svg,
7791000086844,Nutrivida Espuma de baño 400ml,47000,,,56,,51
7791000086851,Aquavital Desodorante aerosol 150ml,12600,,,56,,
7791000086868,Kindel Bruma para almohada 100ml edición limitada,10250,,,56,,3
7791000086875,Kindel Crema corporal perfumada 300ml edición limitada,48950,,,56,/img/demo/prod-1.svg,62
7791000086882,Aquavital Cepillo dental suave,3400,,,56,,84
7791000086899,Vigorplus Eau de toilette mujer 100ml,18150,,,56,,
7791000086905,Aquavital Acondicionador 400ml sin perfume,15750,,,56,,
7791000086912,Aquavital Hilo dental 50m sin perfume,3750,,,56,,0
7791000086929,Vigorplus Jabón de tocador x3 sin perfume,8000,12300,,56,,
7791000086936,Aquavital Pasta dental encías 90g,9800,,,56,,184
7791000086943,Vigorplus Desodorante roll-on 50ml manzanilla,19750,,Combo,56,,
7791000086950,Kindel Enjuague bucal 500ml,7600,,,56,,235
7791000086967,Nutrivida Protectores diarios x20 manzanilla,6500,,,56,,
7791000086974,Nutrivida Aceite esencial de lavanda 15ml edición limitada,42800,,,56,/img/demo/prod-5.svg,76
7791000086981,Kindel Protectores diarios x20 sin perfume,7900,,,56,/img/demo/prod-3.svg,
7791000086998,Kindel Difusor de aromas + varillas kit x2,18350,22950,,56,,
7791000087001,Aquavital Toallitas húmedas x50 aloe vera,13500,,,56,,
7791000087018,Kindel Difusor de aromas + varillas,22850,,,56,,177
7791000087025,Vigorplus Toallas femeninas x16 sin perfume,13300,,,56,,
7791000087032,Kindel Desodorante roll-on 50ml,4700,,,56,,20
7791000087049,Nutrivida Shampoo nutrición 400ml sin perfume,18550,,,56,,
7791000087056,Kindel Espuma de afeitar 200ml sin perfume,12400,,Combo,56,,
7791000087063,Nutrivida Crema de manos perfumada 75ml edición limitada,15200,,,56,,207
7791000087070,Kindel Desodorante roll-on 50ml aloe vera,5200,,,56,,
7791000087087,Vigorplus Desodorante aerosol 150ml aloe vera,9850,,,56,,
7791000087094,Nutrivida Jabón líquido 250ml manzanilla,6300,,,56,,
7791000087100,Aquavital Jabón líquido 250ml manzanilla,9450,,,56,,
7791000087117,Nutrivida Eau de toilette mujer 100ml edición limitada,85950,,,56,,
7791000087124,Aquavital Crema de manos perfumada 75ml,38550,,,56,,182
7791000087131,Aquavital Jabón de tocador x3 sin perfume,9500,,,56,,225
7791000087148,Kindel Desodorante roll-on 50ml manzanilla,2650,,,56,,102
7791000087155,Kindel Shampoo nutrición 400ml sin perfume,3400,3800,,56,,
7791000087162,Nutrivida Espuma de afeitar 200ml sin perfume,5050,,,56,,
7791000087179,Nutrivida Vela aromática vainilla kit x2,13500,15000,,56,,35
7791000087186,Nutrivida Vela aromática vainilla,55850,69800,,56,,10
7791000087193,Nutrivida Difusor de aromas + varillas edición limitada,30500,46900,,56,,214
7791000087209,Vigorplus Crema de manos perfumada 75ml,48600,,,56,,229
7791000087216,Vigorplus Alcohol en gel 250ml manzanilla,11700,,,56,,
7791000087223,Nutrivida Espuma de baño 400ml kit x2,9450,,3x2,56,,
7791000087230,Kindel Crema de manos perfumada 75ml,56700,113400,,56,,
7791000087247,Vigorplus Alcohol en gel 250ml sin perfume,3350,6700,,56,,
7791000087254,Vigorplus Cepillo dental medio x2 sin perfume,9950,16600,Oferta,56,,
7791000087261,Aquavital Shampoo nutrición 400ml sin perfume,8400,16800,Oferta,56,,36
7791000087278,Aquavital Jabón de tocador x3 aloe vera,4800,,,56,,
7791000087285,Nutrivida Cepillo dental suave manzanilla,9000,,,56,,
7791000087292,Vigorplus Difusor de aromas + varillas edición limitada,47550,67950,,56,,90
7791000087308,Aquavital Sales de baño relajantes 500g,46250,51400,,56,/img/demo/prod-5.svg,
7791000087315,Nutrivida Sales de baño relajantes 500g kit x2,32750,,,56,,199
7791000087322,Kindel Pasta dental encías 90g,11800,,,56,,
7791000087339,Kindel Cepillo dental suave manzanilla,9000,,,56,,
7791000087346,Nutrivida Kit de regalo perfume + crema edición limitada,12100,,,56,,
7791000087353,Aquavital Bruma para almohada 100ml,65600,,,56,,171
7791000087360,Kindel Pasta dental blanqueadora 90g manzanilla,3350,,3x2,56,,76
7791000087377,Kindel Bruma para almohada 100ml,10250,,,56,,207
7791000087384,Vigorplus Sales de baño relajantes 500g edición limitada,14950,,,56,,0
7791000087391,Vigorplus Crema corporal perfumada 300ml,30550,,,56,,69
7791000087407,Nutrivida Desodorante aerosol 150ml,4500,,,56,,
7791000087414,Aquavital Espuma de baño 400ml kit x2,16650,,,56,,20
7791000087421,Vigorplus Crema corporal perfumada 300ml edición limitada,17550,,,56,,
7791000087438,Kindel Desodorante aerosol 150ml aloe vera,2650,4400,,56,,244
7791000087445,Nutrivida Enjuague bucal 500ml manzanilla,4450,,,56,,1
7791000087452,Nutrivida Jabón artesanal de caléndula kit x2,87600,,,56,,219
7791000087469,Aquavital Difusor de aromas + varillas edición limitada,64550,,,56,,133
7791000087476,Vigorplus Talco corporal 100g,8450,,,56,,
7791000087483,Kindel Jabón líquido 250ml sin perfume,6050,,,56,,
7791000087490,Nutrivida Crema corporal perfumada 300ml kit x2,54650,,,56,/img/demo/prod-8.svg,
7791000087506,Nutrivida Crema de manos perfumada 75ml,19700,,,56,,
7791000087513,Aquavital Espuma de baño 400ml edición limitada,38450,,,56,,214
7791000087520,Vigorplus Toallitas húmedas x50 aloe vera,5100,,,56,,
7791000087537,Nutrivida Jabón artesanal de caléndula edición limitada,30700,,2x1,56,,
7791000087544,Vigorplus Eau de toilette hombre 100ml,53650,,,56,,
7791000087551,Nutrivida Eau de toilette mujer 100ml,8950,,,56,,109
7791000087568,Nutrivida Cepillo dental medio x2 sin perfume,4850,,,56,,150
7791000087575,Vigorplus Jabón artesanal de caléndula,29750,35000,,56,,
7791000087582,Aquavital Acondicionador 400ml,9600,12800,,56,,108
7791000087599,Kindel Kit de regalo perfume + crema edición limitada,22600,,,56,/img/demo/prod-2.svg,244
7791000087605,Nutrivida Cepillo dental medio x2 manzanilla,9500,11200,,56,,
7791000087612,Vigorplus Protectores diarios x20 sin perfume,8500,,,56,,
7791000087629,Nutrivida Shampoo anticaspa 400ml sin perfume,11700,,,56,,
7791000087636,Kindel Body splash frutal 250ml,22450,29950,Oferta,56,,
7791000087643,Aquavital Pasta dental blanqueadora 90g sin perfume,16850,,,56,,196
7791000087650,Kindel Body splash frutal 250ml edición limitada,9400,,,56,,112
7791000087667,Nutrivida Body splash frutal 250ml edición limitada,56750,,,56,,219
7791000087674,Aquavital Body splash frutal 250ml,50450,,,56,,
7791000087681,Nutrivida Difusor de aromas + varillas kit x2,10850,,,56,,234
7791000087698,Nutrivida Talco corporal 100g aloe vera,5300,,,56,,
7791000087704,Kindel Cepillo dental suave aloe vera,3050,,,56,,
7791000087711,Kindel Eau de toilette hombre 100ml edición limitada,45050,,,56,,187
7791000087728,Nutrivida Kit de regalo perfume + crema,8600,,,56,,72
7791000087735,Vigorplus Shampoo anticaspa 400ml aloe vera,3250,,,56,,
7791000087742,Kindel Eau de parfum floral 50ml kit x2,14200,,,56,,64
7791000087759,Aquavital Talco corporal 100g sin perfume,2550,5100,,56,,86
7791000087766,Kindel Jabón de tocador x3,8350,,3x2,56,,
7791000087773,Vigorplus Shampoo nutrición 400ml sin perfume,7750,,,56,/img/demo/prod-4.svg,
7791000087780,Aquavital Aceite esencial de lavanda 15ml edición limitada,16050,,,56,,179
7791000087797,Vigorplus Eau de toilette hombre 100ml edición limitada,32550,,,56,,
7791000087803,Vigorplus Protectores diarios x20 aloe vera,2650,3300,,56,/img/demo/prod-8.svg,237
7791000087810,Nutrivida Toallitas húmedas x50 sin perfume,8250,,,56,,58
7791000087827,Vigorplus Eau de parfum floral 50ml,17700,,,56,/img/demo/prod-8.svg,
7791000087834,Vigorplus Acondicionador 400ml manzanilla,3050,,,56,,
7791000087841,Aquavital Desodorante roll-on 50ml sin perfume,2600,,,56,,
7791000087858,Kindel Máquina de afeitar x3 manzanilla,4250,,,56,,
7791000087865,Kindel Sales de baño relajantes 500g kit x2,22800,,,56,,
7791000087872,Nutrivida Crema de manos perfumada 75ml kit x2,11500,,,56,,
7791000087889,Vigorplus Eau de toilette mujer 100ml kit x2,10100,,,56,,192
7791000087896,Vigorplus Pasta dental encías 90g sin perfume,10350,,,56,,
7791000087902,Aquavital Cepillo dental suave sin perfume,3700,,,56,,13
7791000087919,Nutrivida Pasta dental blanqueadora 90g aloe vera,7600,,,56,,11
7791000087926,Aquavital Alcohol en gel 250ml aloe vera,6850,,,56,/img/demo/prod-8.svg,
7791000087933,Nutrivida Desodorante aerosol 150ml sin perfume,4650,,2x1,56,/img/demo/prod-6.svg,21
7791000087940,Aquavital Shampoo anticaspa 400ml sin perfume,10100,15550,,56,/img/demo/prod-4.svg,209
7791000087957,Kindel Hilo dental 50m,15350,,,56,,
7791000087964,Nutrivida Crema corporal perfumada 300ml,56600,,,56,,223
7791000087971,Nutrivida Kit de regalo perfume + crema kit x2,9450,,,56,,
7791000087988,Kindel Cepillo dental suave,8650,,,56,,203
7791000087995,Vigorplus Talco corporal 100g manzanilla,4250,,,56,/img/demo/prod-4.svg,46
7791000088008,Aquavital Máquina de afeitar x3 sin perfume,3400,3800,,56,/img/demo/prod-4.svg,226
7791000088015,Vigorplus Crema de manos perfumada 75ml edición limitada,10100,,3x2,56,/img/demo/prod-4.svg,203
7791000088022,Vigorplus Pasta dental blanqueadora 90g sin perfume,3300,,,56,,
7791000088039,Vigorplus Jabón de tocador x3,3250,,,56,,60
7791000088046,Aquavital Vela aromática vainilla,12650,,,56,,231
7791000088053,Kindel Jabón artesanal de caléndula kit x2,8850,,,56,,
7791000088060,Vigorplus Máquina de afeitar x3 aloe vera,7600,,,56,,
7791000088077,Vigorplus Body splash frutal 250ml kit x2,10600,,,56,,
7791000088084,Kindel Aceite esencial de lavanda 15ml edición limitada,12650,,3x2,56,,
7791000088091,Vigorplus Aceite esencial de lavanda 15ml edición limitada,62300,,,56,,250
7791000088107,Kindel Pasta dental encías 90g aloe vera,5400,,2x1,56,,
7791000088114,Aquavital Pasta dental blanqueadora 90g aloe vera,15600,,,56,,
7791000088121,Vigorplus Cepillo dental medio x2,6250,,Lanzamiento,56,,238
7791000088138,Aquavital Jabón líquido 250ml sin perfume,9450,,,56,,10
7791000088145,Vigorplus Sales de baño relajantes 500g kit x2,75400,88700,Oferta,56,,56
7791000088152,Nutrivida Protectores diarios x20 aloe vera,9550,,,57,/img/demo/prod-4.svg,
7791000088169,Activlife Vela aromática vainilla kit x2,14950,,,57,,
7791000088176,Nutrivida Talco corporal 100g sin perfume,5450,,,57,,
7791000088183,Nutrivida Vela aromática vainilla edición limitada,19950,,,57,,
7791000088190,Sanix Shampoo nutrición 400ml aloe vera,2550,3400,,57,,
7791000088206,Activlife Shampoo anticaspa 400ml sin perfume,13900,,,57,,132
7791000088213,Nutrivida Jabón de tocador x3,7100,11850,,57,,147
7791000088220,Sanix Protectores diarios x20 sin perfume,2850,,,57,,87
7791000088237,Activlife Difusor de aromas + varillas edición limitada,22750,,,57,,106
7791000088244,Nutrivida Eau de toilette hombre 100ml kit x2,10450,,Combo,57,/img/demo/prod-5.svg,69
7791000088251,Nutrivida Cepillo dental suave aloe vera,2600,,,57,,
7791000088268,Activlife Pasta dental blanqueadora 90g aloe vera,5700,,,57,,
7791000088275,Nutrivida Talco corporal 100g,7200,,,57,,
7791000088282,Nutrivida Espuma de baño 400ml,42550,60800,Oferta,57,,
7791000088299,Activlife Jabón líquido 250ml manzanilla,9550,10600,Oferta,57,,48
7791000088305,Nutrivida Máquina de afeitar x3 aloe vera,4300,,,57,,138
7791000088312,Nutrivida Shampoo nutrición 400ml aloe vera,12650,,,57,,73
7791000088329,Activlife Espuma de afeitar 200ml manzanilla,6900,,,57,,
7791000088336,Activlife Jabón líquido 250ml aloe vera,7050,,,57,,
7791000088343,Nutrivida Shampoo anticaspa 400ml manzanilla,18700,,,57,,
7791000088350,Nutrivida Jabón de tocador x3 aloe vera,2550,,,57,,201
7791000088367,Activlife Body splash frutal 250ml,19250,,,57,/img/demo/prod-3.svg,
7791000088374,Sanix Cepillo dental suave sin perfume,11800,,3x2,57,,
7791000088381,Activlife Toallas femeninas x16,3000,,,57,,140
7791000088398,Nutrivida Jabón artesanal de caléndula,38350,,,57,,237
7791000088404,Activlife Crema corporal perfumada 300ml kit x2,38700,,,57,,
7791000088411,Sanix Eau de toilette hombre 100ml edición limitada,17250,,,57,,2
7791000088428,Nutrivida Aceite esencial de lavanda 15ml,19350,,,57,,
7791000088435,Nutrivida Protectores diarios x20 sin perfume,3200,,,57,,
7791000088442,Nutrivida Shampoo nutrición 400ml,10300,,,57,,
7791000088459,Nutrivida Desodorante aerosol 150ml aloe vera,8000,,,57,,
7791000088466,Nutrivida Espuma de baño 400ml edición limitada,42450,,,57,,
7791000088473,Activlife Eau de toilette mujer 100ml,15400,,,57,,225
7791000088480,Nutrivida Bruma para almohada 100ml,49750,,,57,,171
7791000088497,Activlife Eau de toilette hombre 100ml,32300,35900,,57,,193
7791000088503,Nutrivida Jabón artesanal de caléndula kit x2,25350,31700,,57,,
7791000088510,Sanix Toallitas húmedas x50 aloe vera,3150,,,57,,98
7791000088527,Nutrivida Crema de manos perfumada 75ml edición limitada,18650,,,57,,208
7791000088534,Nutrivida Acondicionador 400ml,2800,,3x2,57,,0
7791000088541,Activlife Desodorante roll-on 50ml manzanilla,4700,,,57,,42
7791000088558,Nutrivida Cepillo dental medio x2 sin perfume,9100,,2x1,57,,76
7791000088565,Sanix Toallas femeninas x16 manzanilla,2750,4250,,57,,
7791000088572,Nutrivida Crema de manos perfumada 75ml kit x2,23850,,,57,,0
7791000088589,Nutrivida Enjuague bucal 500ml aloe vera,11600,,,57,,78
7791000088596,Activlife Jabón de tocador x3,11600,,,57,,212
7791000088602,Nutrivida Toallitas húmedas x50 manzanilla,2750,,,57,/img/demo/prod-3.svg,
7791000088619,Nutrivida Cepillo dental medio x2 aloe vera,10300,,,57,,
7791000088626,Activlife Acondicionador 400ml,4500,,,57,,105
7791000088633,Sanix Hilo dental 50m sin perfume,5800,8900,,57,,216
7791000088640,Sanix Pasta dental encías 90g sin perfume,5750,,,57,,
7791000088657,Sanix Pasta dental encías 90g,18150,,,57,,
7791000088664,Sanix Aceite esencial de lavanda 15ml edición limitada,26950,,,57,/img/demo/prod-8.svg,173
7791000088671,Activlife Enjuague bucal 500ml sin perfume,2900,3400,,57,/img/demo/prod-8.svg,
7791000088688,Activlife Alcohol en gel 250ml sin perfume,6750,,,57,,201
7791000088695,Sanix Enjuague bucal 500ml,4450,,,57,,
7791000088701,Nutrivida Acondicionador 400ml aloe vera,9900,,,57,,
7791000088718,Nutrivida Sales de baño relajantes 500g,21650,,,57,/img/demo/prod-1.svg,
7791000088725,Nutrivida Kit de regalo perfume + crema kit x2,15700,24150,Oferta,57,,
7791000088732,Nutrivida Bruma para almohada 100ml edición limitada,52450,,,57,,
7791000088749,Sanix Body splash frutal 250ml edición limitada,59600,,,57,,220
7791000088756,Activlife Máquina de afeitar x3 sin perfume,3400,,,57,,
7791000088763,Nutrivida Toallas femeninas x16,3600,,,57,/img/demo/prod-4.svg,5
7791000088770,Nutrivida Cepillo dental medio x2 manzanilla,7450,,,57,,13
7791000088787,Sanix Desodorante roll-on 50ml,7150,,,57,,0
7791000088794,Nutrivida Crema corporal perfumada 300ml,16100,,,57,,
7791000088800,Nutrivida Bruma para almohada 100ml kit x2,25450,,,57,,195
7791000088817,Activlife Eau de toilette hombre 100ml kit x2,48650,,,57,,147
7791000088824,Nutrivida Protectores diarios x20 manzanilla,7300,,,57,,
7791000088831,Nutrivida Máquina de afeitar x3 sin perfume,2550,,,57,,
7791000088848,Activlife Crema corporal perfumada 300ml,53600,,,57,,
7791000088855,Sanix Desodorante roll-on 50ml sin perfume,9750,,Combo,57,,
7791000088862,Activlife Aceite esencial de lavanda 15ml edición limitada,39750,,,57,,
7791000088879,Nutrivida Desodorante roll-on 50ml,3250,,,57,,
7791000088886,Nutrivida Aceite esencial de lavanda 15ml edición limitada,18050,,,57,,23
7791000088893,Sanix Pasta dental blanqueadora 90g,8550,,,57,,
7791000088909,Nutrivida Espuma de afeitar 200ml manzanilla,4400,6300,,57,,
7791000088916,Nutrivida Alcohol en gel 250ml,14050,,,57,,93
7791000088923,Sanix Jabón artesanal de caléndula kit x2,24300,,,57,/img/demo/prod-1.svg,
7791000088930,Sanix Eau de toilette mujer 100ml edición limitada,45100,,,57,,
7791000088947,Sanix Sales de baño relajantes 500g,8150,,,57,/img/demo/prod-4.svg,123
7791000088954,Sanix Espuma de baño 400ml edición limitada,10300,,,57,/img/demo/prod-7.svg,
7791000088961,Nutrivida Hilo dental 50m aloe vera,12050,17200,,57,,
7791000088978,Activlife Jabón artesanal de caléndula edición limitada,10050,,,57,,
7791000088985,Activlife Protectores diarios x20 aloe vera,9250,14250,,57,,114
7791000088992,Nutrivida Shampoo anticaspa 400ml aloe vera,3100,,2x1,57,/img/demo/prod-3.svg,
7791000089005,Nutrivida Acondicionador 400ml manzanilla,2500,,,57,,86
7791000089012,Sanix Espuma de baño 400ml,16500,,,57,,
7791000089029,Activlife Alcohol en gel 250ml manzanilla,3800,6350,Oferta,57,,
7791000089036,Nutrivida Eau de toilette hombre 100ml,33950,,,57,,201
7791000089043,Nutrivida Desodorante aerosol 150ml manzanilla,13250,,,57,,
7791000089050,Nutrivida Eau de toilette mujer 100ml kit x2,23050,30750,Oferta,57,,
7791000089067,Activlife Máquina de afeitar x3 aloe vera,3250,,,57,/img/demo/prod-2.svg,
7791000089074,Activlife Difusor de aromas + varillas,17600,,,57,,78
7791000089081,Sanix Difusor de aromas + varillas edición limitada,30700,36100,,57,,202
7791000089098,Activlife Cepillo dental suave manzanilla,3150,,,57,,
7791000089104,Nutrivida Toallas femeninas x16 aloe vera,12600,,,57,/img/demo/prod-5.svg,
7791000089111,Activlife Vela aromática vainilla edición limitada,17000,,,57,,155
7791000089128,Nutrivida Enjuague bucal 500ml sin perfume,15100,,,57,,
7791000089135,Activlife Acondicionador 400ml aloe vera,18750,23450,,57,,
7791000089142,Sanix Crema de manos perfumada 75ml kit x2,8150,,,57,,
7791000089159,Nutrivida Talco corporal 100g manzanilla,10350,,,57,,161
7791000089166,Activlife Espuma de baño 400ml,19300,,,57,,60
7791000089173,Sanix Jabón líquido 250ml aloe vera,3450,,,57,,
7791000089180,Nutrivida Espuma de baño 400ml kit x2,66550,,,57,,
7791000089197,Activlife Acondicionador 400ml manzanilla,17250,,,57,,112
7791000089203,Nutrivida Desodorante roll-on 50ml sin perfume,2650,,2x1,57,/img/demo/prod-1.svg,238
7791000089210,Sanix Acondicionador 400ml manzanilla,3150,,,57,/img/demo/prod-7.svg,
7791000089227,Sanix Shampoo anticaspa 400ml manzanilla,9500,,,57,,
7791000089234,Nutrivida Enjuague bucal 500ml manzanilla,13600,,,57,,182
7791000089241,Nutrivida Sales de baño relajantes 500g edición limitada,45950,,,57,,
7791000089258,Activlife Desodorante roll-on 50ml,6350,,,57,,121
7791000089265,Activlife Shampoo anticaspa 400ml aloe vera,4450,8900,,57,,27
7791000089272,Nutrivida Eau de parfum floral 50ml kit x2,39150,,,57,,36
7791000089289,Nutrivida Eau de toilette hombre 100ml edición limitada,43200,,,57,/img/demo/prod-8.svg,
7791000089296,Activlife Desodorante roll-on 50ml sin perfume,12450,,,57,,
7791000089302,Sanix Acondicionador 400ml aloe vera,8150,10200,,57,,
7791000089319,Nutrivida Body splash frutal 250ml edición limitada,10300,,,57,,178
7791000089326,Sanix Eau de parfum floral 50ml kit x2,12500,,,57,/img/demo/prod-8.svg,137
7791000089333,Sanix Kit de regalo perfume + crema edición limitada,23600,,,57,,148
7791000089340,Sanix Eau de parfum floral 50ml,15000,,,57,,
7791000089357,Nutrivida Crema corporal perfumada 300ml edición limitada,10200,,,57,,234
7791000089364,Sanix Vela aromática vainilla edición limitada,87950,,,57,/img/demo/prod-1.svg,7
7791000089371,Activlife Vela aromática vainilla,17200,,Combo,57,,
7791000089388,Activlife Toallas femeninas x16 manzanilla,3350,,,57,,
7791000089395,Sanix Toallitas húmedas x50 manzanilla,9900,11650,,57,/img/demo/prod-7.svg,167
7791000089401,Nutrivida Vela aromática vainilla,24000,40000,Oferta,57,,
7791000089418,Sanix Vela aromática vainilla kit x2,32650,,,57,,
7791000089425,Sanix Body splash frutal 250ml kit x2,38250,,,57,,
7791000089432,Nutrivida Jabón líquido 250ml,4350,,,57,/img/demo/prod-7.svg,
7791000089449,Activlife Sales de baño relajantes 500g kit x2,39300,,,57,,119
7791000089456,Activlife Desodorante aerosol 150ml aloe vera,5300,10600,,57,,147
7791000089463,Activlife Enjuague bucal 500ml,7800,,,57,/img/demo/prod-6.svg,178
7791000089470,Activlife Espuma de baño 400ml edición limitada,14350,17950,,57,,8
7791000089487,Activlife Body splash frutal 250ml edición limitada,14650,,,57,,
7791000089494,Activlife Shampoo anticaspa 400ml,4900,,,57,/img/demo/prod-3.svg,216
7791000089500,Activlife Enjuague bucal 500ml manzanilla,5450,,,57,,7
7791000089517,Sanix Hilo dental 50m,3900,4600,Oferta,57,,18
7791000089524,Activlife Jabón líquido 250ml,4900,,,57,,156
7791000089531,Activlife Eau de toilette hombre 100ml edición limitada,12050,24100,Oferta,57,,
7791000089548,Sanix Cepillo dental medio x2 sin perfume,6650,,,57,,
7791000089555,Nutrivida Desodorante aerosol 150ml sin perfume,2950,5900,,57,,
7791000089562,Activlife Toallitas húmedas x50 sin perfume,16950,,,57,,128
7791000089579,Activlife Toallitas húmedas x50 manzanilla,16100,,,57,,
7791000089586,Sanix Cepillo dental suave manzanilla,3450,4050,,57,,148
7791000089593,Nutrivida Talco corporal 100g aloe vera,8850,,,57,,
7791000089609,Nutrivida Alcohol en gel 250ml aloe vera,3000,,,57,,
7791000089616,Activlife Bruma para almohada 100ml,44450,,,57,,
7791000089623,Nutrivida Cepillo dental medio x2,5100,,,57,,73
7791000089630,Activlife Pasta dental blanqueadora 90g,4450,,,57,/img/demo/prod-7.svg,90
7791000089647,Nutrivida Difusor de aromas + varillas,16950,,,57,,110
7791000089654,Nutrivida Cepillo dental suave sin perfume,3350,,,57,,
7791000089661,Nutrivida Pasta dental blanqueadora 90g manzanilla,5400,6000,Oferta,57,,
7791000089678,Sanix Desodorante aerosol 150ml aloe vera,2800,,,57,/img/demo/prod-3.svg,
7791000089685,Nutrivida Jabón artesanal de caléndula edición limitada,8300,,2x1,57,,
7791000089692,Nutrivida Jabón líquido 250ml aloe vera,3400,,,57,,233
7791000089708,Activlife Jabón de tocador x3 aloe vera,9000,,,57,/img/demo/prod-3.svg,235
7791000089715,Activlife Eau de parfum floral 50ml kit x2,17400,26750,,57,,19
7791000089722,Sanix Kit de regalo perfume + crema kit x2,19900,,,57,,174
7791000089739,Sanix Body splash frutal 250ml,9750,,,57,,203
7791000089746,Activlife Enjuague bucal 500ml aloe vera,2550,,,57,,227
7791000089753,Nutrivida Pasta dental blanqueadora 90g sin perfume,2550,,,57,,145
7791000089760,Nutrivida Hilo dental 50m sin perfume,3400,,,57,,70
7791000089777,Sanix Pasta dental encías 90g manzanilla,6100,8150,Oferta,57,,
7791000089784,Sanix Jabón líquido 250ml sin perfume,7250,,,57,,
7791000089791,Sanix Shampoo anticaspa 400ml aloe vera,2800,,,57,/img/demo/prod-3.svg,
7791000089807,Activlife Kit de regalo perfume + crema,8250,12700,Oferta,57,,
7791000089814,Nutrivida Eau de toilette mujer 100ml edición limitada,11050,,,57,,147
7791000089821,Activlife Aceite esencial de lavanda 15ml kit x2,14300,,,57,,153
7791000089838,Activlife Toallitas húmedas x50 aloe vera,4350,,,57,,
7791000089845,Nutrivida Pasta dental encías 90g aloe vera,17000,21250,,57,,
7791000089852,Activlife Cepillo dental medio x2 manzanilla,7600,,,57,,
7791000089869,Sanix Desodorante aerosol 150ml,5400,10800,,57,,
7791000089876,Nutrivida Kit de regalo perfume + crema edición limitada,74200,,,57,,
7791000089883,Sanix Protectores diarios x20 manzanilla,10300,,,57,,177
7791000089890,Nutrivida Body splash frutal 250ml,33800,,,57,/img/demo/prod-8.svg,
7791000089906,Activlife Shampoo nutrición 400ml,15950,,,57,,
7791000089913,Sanix Shampoo anticaspa 400ml,12000,24000,,57,,0
7791000089920,Sanix Hilo dental 50m manzanilla,3500,,,57,,
7791000089937,Activlife Hilo dental 50m manzanilla,5200,,,57,,210
7791000089944,Nutrivida Máquina de afeitar x3 manzanilla,4500,,,57,,220
7791000089951,Activlife Difusor de aromas + varillas kit x2,14100,,,57,,
7791000089968,Nutrivida Body splash frutal 250ml kit x2,27350,,,57,,
7791000089975,Naturalis Colágeno hidrolizado 300g pack x2,9800,,,58,,25
7791000089982,Naturalis ZMA x90 caps,59350,,,58,,80
7791000089999,Medifar Levadura de cerveza 500g pack x2,20650,,,58,,50
7791000090001,Kindel Glutamina 300g premium,19850,,,58,,
7791000090018,Activlife Ibuprofeno 400mg x30 comp,10700,,,58,,249
7791000090025,Kindel Maca andina en polvo 250g pack x2,34050,,,58,,
7791000090032,Kindel BCAA 2:1:1 x120 caps sabor neutro,52800,,,58,,188
7791000090049,Activlife Proteína whey chocolate 1kg premium,45750,,,58,,
7791000090056,Kindel Paracetamol 500mg x20 comp,14700,,,58,/img/demo/prod-8.svg,237
7791000090063,Medifar Jarabe expectorante infantil 120ml,6650,13300,,58,,
7791000090070,Naturalis Omeprazol 20mg x10 comp,9550,,,58,/img/demo/prod-8.svg,
7791000090087,Kindel Creatina monohidrato 300g premium,34500,57500,Oferta,58,,
7791000090094,Medifar Cetirizina 10mg,1900,,,58,,
7791000090100,Activlife Creatina monohidrato 300g,9200,18400,,58,,19
7791000090117,Kindel Ibuprofeno 600mg x30 comp,9250,10300,Oferta,58,,126
7791000090124,Medifar Proteína vegetal 750g pack x2,73200,,,58,,
7791000090131,Activlife Antiacido masticable x50 comp,4550,,,58,,78
7791000090148,Kindel Omega 3 1000mg x60 caps sabor neutro,18000,,,58,,196
7791000090155,Kindel Antiacido masticable x10 comp,5450,,,58,,61
7791000090162,Naturalis Creatina monohidrato 300g,46300,,,58,,205
7791000090179,Kindel ZMA x90 caps pack x2,62100,88700,,58,,
7791000090186,Kindel Maca andina en polvo 250g premium,25550,,,58,,69
7791000090193,Kindel Diclofenac gel 60g x30 comp,5300,,,58,,41
7791000090209,Activlife Jarabe expectorante infantil 120ml x50 comp,4800,,,58,/img/demo/prod-2.svg,193
7791000090216,Medifar Magnesio 400mg x50 comp,20150,,,58,,53
7791000090223,Medifar Coenzima Q10 x30 caps pack x2,23550,,,58,,
7791000090230,Naturalis Jarabe para la tos adultos 120ml x50 comp,7200,,,58,/img/demo/prod-4.svg,223
7791000090247,Kindel Spray nasal descongestivo 20ml x20 comp,8000,,,58,,0
7791000090254,Kindel Crema para dolores musculares 100g x50 comp,8350,10450,Oferta,58,,67
7791000090261,Activlife Caseína micelar 900g,9800,,,58,,
7791000090278,Kindel Antiacido masticable x50 comp,4900,,,58,/img/demo/prod-1.svg,
7791000090285,Medifar Ginseng coreano x30 caps premium,21250,,,58,,168
7791000090292,Medifar Omega 3 1000mg x60 caps,69900,,,58,,
7791000090308,Activlife Proteína whey vainilla 1kg pack x2,56850,87450,,58,,
7791000090315,Naturalis Ibuprofeno 400mg x10 comp,12450,,,58,,105
7791000090322,Kindel Pre-entreno frutos rojos 300g,53750,,,58,,
7791000090339,Naturalis Paracetamol 500mg,6150,,,58,,
7791000090346,Medifar Proteína whey chocolate 1kg pack x2,15000,,,58,,
7791000090353,Activlife Paracetamol 500mg x10 comp,2250,3450,Oferta,58,,213
7791000090360,Kindel Cetirizina 10mg x20 comp,3900,7800,,58,,19
7791000090377,Medifar Omega 3 1000mg x60 caps sabor neutro,9900,,,58,,227
7791000090384,Kindel Levadura de cerveza 500g,32600,,,58,/img/demo/prod-1.svg,175
7791000090391,Medifar Omega 3 1000mg x60 caps premium,52000,,,58,,133
7791000090407,Activlife Ibuprofeno 400mg x10 comp,6500,,,58,,
7791000090414,Kindel Crema para dolores musculares 100g x10 comp,6150,,,58,,
7791000090421,Naturalis Té digestivo hierbas serranas x10 comp,9900,,,58,/img/demo/prod-3.svg,
7791000090438,Medifar Gotas oftálmicas lubricantes 15ml x10 comp,6150,,,58,,181
7791000090445,Medifar Antiacido masticable x50 comp,22600,,,58,,
7791000090452,Medifar Crema para dolores musculares 100g x30 comp,4200,,,58,,23
7791000090469,Activlife Carbón activado x30 comp,16800,,,58,/img/demo/prod-6.svg,233
7791000090476,Naturalis Proteína vegetal 750g pack x2,17750,,,58,,130
7791000090483,Medifar Magnesio 400mg x30 comp,7100,,3x2,58,,153
7791000090490,Medifar Spray nasal descongestivo 20ml,19950,,,58,,229
7791000090506,Medifar Lansoprazol 30mg x50 comp,16800,19750,,58,/img/demo/prod-2.svg,68
7791000090513,Kindel Magnesio 400mg x50 comp,5750,,,58,,68
7791000090520,Medifar Loratadina 10mg,8450,,,58,,0
7791000090537,Medifar Sales de rehidratación oral,7700,,,58,,131
7791000090544,Medifar Sales de rehidratación oral x20 comp,2300,,,58,,
7791000090551,Activlife Caseína micelar 900g premium,16800,,,58,,
7791000090568,Naturalis Proteína whey vainilla 1kg pack x2,59450,,3x2,58,,199
7791000090575,Medifar Maca andina en polvo 250g pack x2,31500,,,58,,0
7791000090582,Naturalis Té digestivo hierbas serranas x50 comp,2000,,,58,/img/demo/prod-7.svg,73
7791000090599,Kindel Proteína whey chocolate 1kg pack x2,28550,47600,Oferta,58,,
7791000090605,Activlife Paracetamol 1g x10 comp,4700,7850,Oferta,58,,3
7791000090612,Kindel Ibuprofeno 600mg,3650,,,58,/img/demo/prod-2.svg,
7791000090629,Naturalis Omega 3 1000mg x60 caps premium,30900,,,58,,192
7791000090636,Activlife Multivitamínico adultos x60 premium,20900,,,58,,203
7791000090643,Kindel Cetirizina 10mg x50 comp,6500,,,58,/img/demo/prod-2.svg,0
7791000090650,Kindel Hierro + ácido fólico,5850,,,58,,
7791000090667,Naturalis Sales de rehidratación oral x10 comp,10200,,,58,,
7791000090674,Medifar Multivitamínico 50+ x60 sabor neutro,25450,,,58,,140
7791000090681,Medifar Ginkgo biloba x60 comp,20950,,Combo,58,,
7791000090698,Kindel Diclofenac gel 60g,5250,,,58,,
7791000090704,Kindel Té digestivo hierbas serranas x30 comp,2050,,,58,,34
7791000090711,Naturalis Espirulina x90 comp sabor neutro,84000,,,58,,
7791000090728,Activlife Ginkgo biloba x60 comp premium,10150,,,58,,
7791000090735,Kindel Colágeno hidrolizado 300g,68400,,,58,,8
7791000090742,Medifar Maca andina en polvo 250g,10650,21300,,58,,37
7791000090759,Naturalis Proteína whey vainilla 1kg premium,21950,31350,Oferta,58,,
7791000090766,Kindel Jarabe para la tos adultos 120ml x10 comp,3250,,,58,/img/demo/prod-2.svg,
7791000090773,Activlife Jarabe expectorante infantil 120ml x10 comp,17950,,,58,,210
7791000090780,Naturalis Coenzima Q10 x30 caps premium,15950,,Lanzamiento,58,,239
7791000090797,Activlife Multivitamínico 50+ x60 pack x2,13350,,,58,,201
7791000090803,Naturalis Caseína micelar 900g pack x2,11550,,,58,,160
7791000090810,Kindel Paracetamol 1g x30 comp,9600,,,58,,
7791000090827,Activlife Ibuprofeno 600mg,8200,11700,Oferta,58,,
7791000090834,Kindel Barritas proteicas caja x12 premium,43050,86100,,58,,
7791000090841,Naturalis Cetirizina 10mg x50 comp,14650,,,58,,
7791000090858,Naturalis Aspirina 500mg x30 comp,4950,,,58,,
7791000090865,Naturalis Gotas oftálmicas lubricantes 15ml x20 comp,3300,,,58,,
7791000090872,Naturalis Omeprazol 20mg,1800,2250,,58,,208
7791000090889,Medifar Té digestivo hierbas serranas,5200,,,58,,250
7791000090896,Medifar Aspirina 500mg,2100,,,58,,
7791000090902,Naturalis Caseína micelar 900g,24700,,,58,,196
7791000090919,Activlife Ibuprofeno 400mg,6950,,,58,/img/demo/prod-4.svg,
7791000090926,Activlife Spray nasal descongestivo 20ml x10 comp,11600,,Combo,58,,
7791000090933,Activlife Proteína vegetal 750g sabor neutro,64700,,,58,,
7791000090940,Kindel Melatonina 3mg x30 comp,8900,,,58,,180
7791000090957,Naturalis Omeprazol 20mg x50 comp,14350,,,58,/img/demo/prod-2.svg,
7791000090964,Medifar Lansoprazol 30mg,2100,,3x2,58,,165
7791000090971,Kindel Coenzima Q10 x30 caps premium,45350,,,58,,120
7791000090988,Naturalis Glutamina 300g pack x2,49800,,2x1,58,,
7791000090995,Kindel Multivitamínico adultos x60,13550,15050,,58,,220
7791000091008,Kindel Proteína whey chocolate 1kg premium,59750,91900,Oferta,58,,
7791000091015,Kindel Carbón activado x20 comp,3100,,,58,,
7791000091022,Activlife Gotas oftálmicas lubricantes 15ml,8350,,3x2,58,/img/demo/prod-3.svg,
7791000091039,Naturalis Loratadina 10mg x20 comp,3050,,,58,,
7791000091046,Kindel Spray nasal descongestivo 20ml x10 comp,5250,,,58,,73
7791000091053,Kindel Caramelos de propóleo x20 comp,12850,,,58,,
7791000091060,Activlife Barritas proteicas caja x12 premium,11450,,,58,,
7791000091077,Activlife Ginkgo biloba x60 comp sabor neutro,9250,,,58,,
7791000091084,Activlife Ibuprofeno 400mg x20 comp,14900,,,58,,
7791000091091,Naturalis Ginkgo biloba x60 comp sabor neutro,72500,,,58,,
7791000091107,Kindel Pre-entreno frutos rojos 300g premium,54500,,,58,,18
7791000091114,Naturalis Diclofenac gel 60g,2850,,,58,,95
7791000091121,Naturalis Aspirina 500mg x20 comp,11350,,,58,,
7791000091138,Kindel Barritas proteicas caja x12 pack x2,66650,,,58,,
7791000091145,Kindel Coenzima Q10 x30 caps sabor neutro,34500,,,58,,
7791000091152,Activlife Levadura de cerveza 500g sabor neutro,21700,,,58,,
7791000091169,Activlife Complejo B,7450,,,58,,
7791000091176,Kindel Té digestivo hierbas serranas x20 comp,19400,,,58,,
7791000091183,Naturalis Creatina monohidrato 300g pack x2,13350,,,58,,
7791000091190,Kindel Espirulina x90 comp pack x2,15800,17550,,58,,198
7791000091206,Medifar Proteína whey chocolate 1kg premium,28450,,,58,,
7791000091213,Activlife Melatonina 3mg x10 comp,6900,,,58,,221
7791000091220,Kindel Ibuprofeno 400mg,7650,10200,,58,,171
7791000091237,Kindel Ginseng coreano x30 caps sabor neutro,70450,,,58,,
7791000091244,Medifar Omeprazol 20mg,9900,,,58,,76
7791000091251,Medifar Paracetamol 500mg,1800,,,58,/img/demo/prod-5.svg,
7791000091268,Naturalis Pre-entreno frutos rojos 300g,27350,,,58,,
7791000091275,Medifar Loratadina 10mg x30 comp,2800,,3x2,58,,0
7791000091282,Kindel Ginkgo biloba x60 comp,20200,,,58,/img/demo/prod-2.svg,5
7791000091299,Kindel Paracetamol 1g x10 comp,21600,,,58,,
7791000091305,Medifar Proteína whey vainilla 1kg,21600,24000,,58,/img/demo/prod-4.svg,
7791000091312,Activlife Glutamina 300g premium,46300,,,58,,
7791000091329,Kindel Coenzima Q10 x30 caps,20550,25700,,58,,154
7791000091336,Naturalis BCAA 2:1:1 x120 caps premium,17000,,,58,,65
7791000091343,Naturalis Ibuprofeno 600mg x30 comp,3950,,,58,/img/demo/prod-8.svg,
7791000091350,Kindel Gotas oftálmicas lubricantes 15ml,3150,4850,,58,,42
7791000091367,Kindel Crema para dolores musculares 100g x20 comp,2650,,,58,,
7791000091374,Activlife Ginseng coreano x30 caps premium,61250,,,58,,
7791000091381,Nutrimax Gel de limpieza facial 150ml,51350,,,59,,
7791000091398,Vitalfar Cetirizina 10mg,4300,,,59,,
7791000091404,Nutrimax Proteína whey vainilla 1kg pack x2,76550,,,59,,
7791000091411,Curapel Serum vitamina C 30ml,14950,,,59,,
7791000091428,Nutrimax Exfoliante facial 100g piel mixta,12000,,,59,,
7791000091435,Vitalfar Crema facial hidratante 50g piel sensible,16050,,,59,,173
7791000091442,Curapel Ibuprofeno 400mg,6200,,,59,,
7791000091459,Curapel Proteína vegetal 750g,17850,,,59,,
7791000091466,Nutrimax ZMA x90 caps,38650,,,59,/img/demo/prod-5.svg,11
7791000091473,Nutrimax Vitamina C 500mg efervescente x50 comp,12050,,2x1,59,,65
7791000091480,Curapel Protector solar FPS 30 200ml piel mixta,49800,99600,,59,,
7791000091497,Vidaplen Levadura de cerveza 500g pack x2,12300,16400,,59,,0
7791000091503,Vidaplen Ginkgo biloba x60 comp pack x2,39400,,,59,,
7791000091510,Vidaplen Caramelos de propóleo x30 comp,7150,,,59,,156
7791000091527,Nutrimax Barritas proteicas caja x12 pack x2,36350,,,59,,
7791000091534,Curapel Exfoliante facial 100g piel seca,6100,,,59,,0
7791000091541,Vidaplen Ginseng coreano x30 caps,16350,18150,,59,,
7791000091558,Vidaplen Glutamina 300g premium,25150,,,59,/img/demo/prod-3.svg,
7791000091565,Vidaplen Creatina monohidrato 300g,41100,,,59,,
7791000091572,Vitalfar Gel de limpieza facial 150ml,42500,,,59,,17
7791000091589,Vitalfar Omeprazol 20mg x10 comp,4900,,,59,,221
7791000091596,Nutrimax Omega 3 1000mg x60 caps premium,9250,10900,,59,,
7791000091602,Vitalfar Jarabe para la tos adultos 120ml x30 comp,3100,,,59,,
7791000091619,Vidaplen Exfoliante facial 100g,62300,,,59,,20
7791000091626,Nutrimax Paracetamol 500mg,3100,,,59,,
7791000091633,Vidaplen Ibuprofeno 600mg x20 comp,1950,,,59,,
7791000091640,Vitalfar Glutamina 300g pack x2,36300,60500,,59,/img/demo/prod-4.svg,
7791000091657,Nutrimax Gel anticelulítico 200ml piel sensible,13300,,,59,,55
7791000091664,Vidaplen Protector solar FPS 50 200ml piel mixta,22200,,,59,,191
7791000091671,Vidaplen Multivitamínico 50+ x60 pack x2,13150,,,59,/img/demo/prod-5.svg,225
7791000091688,Vidaplen Serum ácido hialurónico 30ml piel mixta,11700,13750,,59,,
7791000091695,Vidaplen Ibuprofeno 400mg x30 comp,1850,,,59,,155
7791000091701,Curapel Glutamina 300g premium,42850,,,59,,132
7791000091718,Vidaplen Sales de rehidratación oral x10 comp,2450,,,59,,
7791000091725,Curapel Cetirizina 10mg x30 comp,3700,4100,,59,,50
7791000091732,Vidaplen Paracetamol 1g x10 comp,6450,,,59,/img/demo/prod-4.svg,
7791000091749,Curapel Agua micelar 400ml piel mixta,54100,67650,,59,,244
7791000091756,Nutrimax Aceite corporal nutritivo 125ml piel seca,48550,,,59,,122
7791000091763,Vidaplen Glutamina 300g sabor neutro,13400,,,59,,0
7791000091770,Nutrimax Multivitamínico adultos x60 sabor neutro,36050,,,59,,0
7791000091787,Nutrimax Sales de rehidratación oral x50 comp,2000,,,59,,200
7791000091794,Vidaplen Aspirina 500mg x50 comp,14450,,,59,,
7791000091800,Vitalfar Hierro + ácido fólico x10 comp,2050,,,59,,137
7791000091817,Nutrimax Agua micelar 400ml piel seca,7550,15100,Oferta,59,,
7791000091824,Vitalfar Caseína micelar 900g sabor neutro,52050,,,59,,236
7791000091831,Vitalfar Jarabe para la tos adultos 120ml x20 comp,9300,,,59,,
7791000091848,Vitalfar BCAA 2:1:1 x120 caps premium,18100,,,59,,99
7791000091855,Vitalfar Aceite corporal nutritivo 125ml piel seca,8800,,,59,,105
7791000091862,Vidaplen Complejo B,23500,27650,,59,,
7791000091879,Vitalfar Protector solar FPS 50 200ml,7350,,3x2,59,,
7791000091886,Vitalfar Ginseng coreano x30 caps sabor neutro,29600,42300,,59,,
7791000091893,Vitalfar Spray nasal descongestivo 20ml,1950,,,59,,61
7791000091909,Vidaplen Hierro + ácido fólico x30 comp,9050,,3x2,59,,60
7791000091916,Vidaplen Lansoprazol 30mg x30 comp,8400,,,59,,97
7791000091923,Vitalfar Ginkgo biloba x60 comp,16150,,,59,/img/demo/prod-7.svg,
7791000091930,Vidaplen Spray nasal descongestivo 20ml x10 comp,7700,,,59,,146
7791000091947,Nutrimax Crema despigmentante 30g piel seca,62450,,,59,,81
7791000091954,Vidaplen Caseína micelar 900g pack x2,28750,,Combo,59,,25
7791000091961,Nutrimax Protector solar FPS 30 200ml piel seca,9300,12400,,59,,45
7791000091978,Nutrimax Lansoprazol 30mg x20 comp,4800,,,59,,
7791000091985,Vitalfar Serum ácido hialurónico 30ml piel mixta,11550,,,59,,59
7791000091992,Curapel Exfoliante facial 100g piel sensible,23400,,Combo,59,,
7791000092005,Nutrimax Contorno de ojos 15ml piel seca,51500,,,59,,
7791000092012,Vitalfar Omega 3 1000mg x60 caps pack x2,48550,,,59,,88
7791000092029,Nutrimax Crema para manos 75ml piel seca,30800,,,59,,176
7791000092036,Vitalfar Espirulina x90 comp,66400,,,59,,
7791000092043,Vidaplen Ginseng coreano x30 caps sabor neutro,43100,,,59,,134
7791000092050,Vidaplen Protector solar facial FPS 50 50ml piel sensible,6000,,,59,,87
7791000092067,Vidaplen Coenzima Q10 x30 caps pack x2,102500,,,59,,112
7791000092074,Vitalfar Spray nasal descongestivo 20ml x10 comp,10400,,,59,,10
7791000092081,Curapel Melatonina 3mg x20 comp,2500,,,59,,
7791000092098,Vidaplen Proteína whey chocolate 1kg pack x2,66550,,,59,,213
7791000092104,Nutrimax Loratadina 10mg x10 comp,11950,,,59,,219
7791000092111,Vitalfar Omega 3 1000mg x60 caps premium,25150,,,59,/img/demo/prod-4.svg,151
7791000092128,Vidaplen Crema para manos 75ml,56650,,,59,,
7791000092135,Curapel Protector solar FPS 30 200ml piel sensible,19400,,,59,,203
7791000092142,Vidaplen Proteína whey vainilla 1kg sabor neutro,39200,,,59,,
7791000092159,Curapel Agua micelar 400ml piel sensible,6850,,,59,,
7791000092166,Vitalfar Proteína vegetal 750g pack x2,29450,,,59,,124
7791000092173,Vitalfar Serum vitamina C 30ml piel seca,12950,,,59,,
7791000092180,Nutrimax Locion post solar 200ml piel mixta,59650,,,59,,233
7791000092197,Curapel Roll-on ojeras 15ml,10500,,,59,/img/demo/prod-3.svg,
7791000092203,Curapel Serum ácido hialurónico 30ml,27400,,,59,,
7791000092210,Curapel ZMA x90 caps,104050,,,59,,86
7791000092227,Vitalfar Serum vitamina C 30ml,28950,,,59,,118
7791000092234,Vitalfar Jarabe para la tos adultos 120ml x10 comp,17200,,,59,/img/demo/prod-4.svg,126
7791000092241,Vitalfar Gel de limpieza facial 150ml piel seca,6850,,,59,,
7791000092258,Vitalfar Barritas proteicas caja x12 pack x2,72900,97200,,59,,
7791000092265,Vitalfar Multivitamínico adultos x60 premium,37700,75400,,59,,
7791000092272,Curapel Loratadina 10mg x30 comp,12950,,,59,,149
7791000092289,Curapel Exfoliante facial 100g piel mixta,7650,,,59,,
7791000092296,Curapel Aspirina 500mg x20 comp,3700,4350,,59,,188
7791000092302,Vidaplen Roll-on ojeras 15ml piel seca,24400,34850,Oferta,59,,
7791000092319,Vidaplen Colágeno hidrolizado 300g sabor neutro,12800,,,59,,
7791000092326,Curapel Proteína vegetal 750g pack x2,39700,,,59,/img/demo/prod-5.svg,5
7791000092333,Vidaplen Levadura de cerveza 500g,24550,,,59,,
7791000092340,Vidaplen Ibuprofeno 400mg,6750,,,59,,20
7791000092357,Nutrimax Omega 3 1000mg x60 caps sabor neutro,18850,,,59,,89
7791000092364,Vidaplen Crema facial hidratante 50g piel seca,14100,,,59,,
7791000092371,Vidaplen Ginkgo biloba x60 comp sabor neutro,37250,53200,Oferta,59,,203
7791000092388,Curapel Contorno de ojos 15ml piel mixta,13850,,,59,,
7791000092395,Vitalfar BCAA 2:1:1 x120 caps,82150,,,59,/img/demo/prod-1.svg,
7791000092401,Vitalfar Ibuprofeno 400mg,3750,,,59,/img/demo/prod-2.svg,27
7791000092418,Vidaplen Jarabe expectorante infantil 120ml x20 comp,10450,13050,Oferta,59,,
7791000092425,Nutrimax Ibuprofeno 400mg x50 comp,10250,14650,,59,,
7791000092432,Vidaplen Ibuprofeno 600mg x10 comp,4550,6500,,59,,213
7791000092449,Nutrimax Proteína whey vainilla 1kg,14700,,,59,,
7791000092456,Vidaplen Crema despigmentante 30g piel seca,50100,,,59,,
7791000092463,Vitalfar Gotas oftálmicas lubricantes 15ml x10 comp,7550,,,59,,
7791000092470,Curapel Protector solar FPS 50 200ml piel sensible,21900,,,59,,237
7791000092487,Nutrimax Agua micelar 400ml piel mixta,48150,74100,,59,,35
7791000092494,Vidaplen Diclofenac gel 60g x20 comp,3900,,3x2,59,,0
7791000092500,Vidaplen Proteína vegetal 750g premium,45200,75350,Oferta,59,,197
7791000092517,Vidaplen BCAA 2:1:1 x120 caps premium,14400,,,59,,134
7791000092524,Curapel Sales de rehidratación oral x20 comp,3150,,,59,,71
7791000092531,Vidaplen Máscara facial hidratante 75ml piel sensible,15000,,,59,,187
7791000092548,Curapel Aceite corporal nutritivo 125ml piel mixta,22100,36850,,59,,
7791000092555,Vidaplen Locion post solar 200ml piel sensible,42550,,,59,,
7791000092562,Vitalfar Glutamina 300g,13750,,,59,,127
7791000092579,Curapel Crema facial hidratante 50g piel sensible,7700,,,59,/img/demo/prod-3.svg,
7791000092586,Vidaplen Lansoprazol 30mg x50 comp,2450,,,59,,
7791000092593,Nutrimax Bálsamo labial FPS 30 piel mixta,10300,15850,,59,,189
7791000092609,Curapel Lansoprazol 30mg x50 comp,11450,,,59,/img/demo/prod-8.svg,
7791000092616,Nutrimax Barritas proteicas caja x12,9200,,,59,/img/demo/prod-5.svg,139
7791000092623,Curapel Diclofenac gel 60g x30 comp,9600,,,59,,
7791000092630,Vidaplen Crema para dolores musculares 100g x10 comp,1850,,,59,,
7791000092647,Vidaplen Té digestivo hierbas serranas x30 comp,2950,3300,,59,,109
7791000092654,Vitalfar Protector solar FPS 50 200ml piel sensible,21800,,,59,,207
7791000092661,Vidaplen Protector solar facial FPS 50 50ml piel mixta,79750,106350,,59,,
7791000092678,Vitalfar Pre-entreno frutos rojos 300g premium,46300,,,59,,
7791000092685,Vitalfar Carbón activado x20 comp,16350,,,59,,
7791000092692,Nutrimax Ibuprofeno 400mg x20 comp,5850,,,59,,200
7791000092708,Curapel Crema corporal reparadora 300ml piel mixta,51550,,,59,/img/demo/prod-8.svg,78
7791000092715,Curapel Paracetamol 1g x30 comp,6750,,,59,/img/demo/prod-5.svg,
7791000092722,Vitalfar Crema despigmentante 30g piel mixta,6000,,,59,,179
7791000092739,Nutrimax Roll-on ojeras 15ml piel sensible,40250,,,59,,
7791000092746,Nutrimax Paracetamol 500mg x30 comp,10300,,,59,,128
7791000092753,Curapel Caseína micelar 900g pack x2,10000,,,59,,
7791000092760,Vidaplen Barritas proteicas caja x12 premium,45700,,,59,,
7791000092777,Vitalfar Locion post solar 200ml piel sensible,21500,28650,,59,,
7791000092784,Nutrimax Crema facial hidratante 50g piel sensible,30800,,,59,,224
7791000092791,Curapel Espirulina x90 comp pack x2,26000,,Lanzamiento,59,,235
7791000092807,Nutrimax Carbón activado,2850,,,59,,237
7791000092814,Curapel Gotas oftálmicas lubricantes 15ml x20 comp,18000,,,59,,
7791000092821,Curapel Proteína whey vainilla 1kg pack x2,20100,,,59,,131
7791000092838,Curapel Pre-entreno frutos rojos 300g pack x2,15000,,Combo,59,,
7791000092845,Curapel Bálsamo labial FPS 30 piel seca,24800,,,59,,
7791000092852,Curapel Paracetamol 500mg x30 comp,6050,,,59,,
7791000092869,Curapel Carbón activado x20 comp,4350,,,59,,120
7791000092876,Vidaplen Agua micelar 400ml piel mixta,6250,,,59,,
7791000092883,Vitalfar Pre-entreno frutos rojos 300g pack x2,82550,,,59,,97
7791000092890,Vitalfar Gotas oftálmicas lubricantes 15ml,14550,16150,,59,,
7791000092906,Vidaplen Locion post solar 200ml piel mixta,6150,,,59,,
7791000092913,Curapel Omeprazol 20mg x50 comp,15150,,,59,,
7791000092920,Curapel Proteína whey vainilla 1kg sabor neutro,32150,,,59,,
7791000092937,Vitalfar Lansoprazol 30mg x30 comp,11650,,,59,,
7791000092944,Curapel Magnesio 400mg x20 comp,10250,,,59,,
7791000092951,Nutrimax Carbón activado x10 comp,1800,,,59,,
7791000092968,Curapel Omega 3 1000mg x60 caps premium,59300,,,59,,193
7791000092975,Curapel Maca andina en polvo 250g premium,50650,,,59,,
7791000092982,Vitalfar Proteína vegetal 750g premium,93300,,,59,,104
7791000092999,Curapel Caramelos de propóleo x20 comp,2050,,,59,,
7791000093002,Vidaplen Crema para dolores musculares 100g x50 comp,11200,,,59,,
7791000093019,Nutrimax Proteína vegetal 750g pack x2,26000,,,59,,
7791000093026,Curapel Colágeno hidrolizado 300g premium,20450,,,59,,
7791000093033,Curapel Ginseng coreano x30 caps premium,21350,42700,Oferta,59,,113
7791000093040,Curapel Antiacido masticable x50 comp,9100,,,59,,
7791000093057,Vidaplen Colágeno hidrolizado 300g pack x2,25400,,,59,,227
7791000093064,Nutrimax Crema despigmentante 30g piel sensible,26750,38200,,59,,0
7791000093071,Nutrimax Té digestivo hierbas serranas x30 comp,6500,,,59,,
7791000093088,Nutrimax Protector solar facial FPS 50 50ml piel mixta,7600,,,59,,23
7791000093095,Vidaplen Agua micelar 400ml,23350,46700,,59,,113
7791000093101,Vitalfar Serum vitamina C 30ml piel sensible,30400,,,59,/img/demo/prod-8.svg,
7791000093118,Vidaplen Locion post solar 200ml piel seca,21950,,,59,,
7791000093125,Curapel BCAA 2:1:1 x120 caps pack x2,34950,,,59,,
7791000093132,Curapel Ibuprofeno 400mg x50 comp,16150,,,59,,
7791000093149,Vitalfar Gel anticelulítico 200ml,27950,,Lanzamiento,59,/img/demo/prod-8.svg,
7791000093156,Vitalfar Crema corporal reparadora 300ml piel sensible,18800,28900,,59,,205
7791000093163,Vidaplen Protector solar FPS 30 200ml,41400,,,59,,56
7791000093170,Vitalfar Roll-on ojeras 15ml piel seca,38500,,,59,,
7791000093187,Curapel Paracetamol 1g x50 comp,7300,,,59,,53
7791000093194,Nutrimax Maca andina en polvo 250g sabor neutro,36850,,,59,,
7791000093200,Vitalfar Levadura de cerveza 500g,9600,,,59,,
7791000093217,Vitalfar Proteína whey vainilla 1kg premium,42400,,,59,,171
7791000093224,Vitalfar Caramelos de propóleo x20 comp,19100,,Combo,59,,
7791000093231,Curapel Aspirina 500mg x50 comp,12850,25700,Oferta,59,,142
7791000093248,Vitalfar Locion post solar 200ml piel mixta,15250,,,59,,
7791000093255,Nutrimax Complejo B x20 comp,5500,,Combo,59,,
7791000093262,Curapel Creatina monohidrato 300g premium,69850,,,59,,34
7791000093279,Curapel Spray nasal descongestivo 20ml x10 comp,9350,,,59,,
7791000093286,Puravit Aceite corporal nutritivo 125ml piel sensible,39400,,,60,,154
7791000093293,Aquavital Serum ácido hialurónico 30ml piel sensible,56150,,,60,/img/demo/prod-1.svg,
7791000093309,Puravit Crema para manos 75ml,9200,,,60,/img/demo/prod-2.svg,75
7791000093316,Naturalis Jabón líquido 250ml aloe vera,11700,,,60,,103
7791000093323,Activlife Aceite corporal nutritivo 125ml piel mixta,34200,,,60,/img/demo/prod-7.svg,244
7791000093330,Activlife Enjuague bucal 500ml,17650,22050,,60,,
7791000093347,Puravit Pasta dental encías 90g,7100,,,60,,
7791000093354,Activlife Desodorante aerosol 150ml aloe vera,5100,,,60,,
7791000093361,Naturalis Protectores diarios x20 aloe vera,3950,,,60,,48
7791000093378,Aquavital Agua micelar 400ml piel mixta,33600,,,60,/img/demo/prod-5.svg,37
7791000093385,Naturalis Protectores diarios x20,8850,,,60,,
7791000093392,Naturalis Jabón líquido 250ml sin perfume,8900,,,60,,
7791000093408,Activlife Protector solar facial FPS 50 50ml piel seca,8050,,,60,,0
7791000093415,Aquavital Protector solar facial FPS 50 50ml piel sensible,39700,,3x2,60,,66
7791000093422,Puravit Gel anticelulítico 200ml piel sensible,43350,,,60,,
7791000093439,Aquavital Espuma de afeitar 200ml,5000,,,60,,11
7791000093446,Naturalis Aceite corporal nutritivo 125ml piel sensible,6750,,,60,,117
7791000093453,Activlife Crema despigmentante 30g piel seca,43400,,,60,,233
7791000093460,Naturalis Shampoo nutrición 400ml sin perfume,5150,,2x1,60,,
7791000093477,Activlife Cepillo dental suave aloe vera,6750,,,60,,76
7791000093484,Activlife Gel de limpieza facial 150ml piel mixta,10050,,,60,,
7791000093491,Activlife Locion post solar 200ml piel seca,12650,21100,,60,,
7791000093507,Activlife Máscara facial hidratante 75ml,37550,,,60,/img/demo/prod-3.svg,
7791000093514,Activlife Roll-on ojeras 15ml,6350,,,60,,79
7791000093521,Activlife Toallitas húmedas x50 sin perfume,2900,,,60,,
7791000093538,Activlife Enjuague bucal 500ml manzanilla,2950,,,60,,89
7791000093545,Puravit Crema corporal reparadora 300ml piel seca,46550,,,60,,
7791000093552,Puravit Crema antiage noche 50g piel sensible,48650,,,60,,
7791000093569,Naturalis Crema antiage noche 50g piel mixta,30650,38300,Oferta,60,,195
7791000093576,Activlife Crema corporal reparadora 300ml piel sensible,31100,,Combo,60,,
7791000093583,Aquavital Jabón de tocador x3 aloe vera,2750,3250,,60,,229
7791000093590,Naturalis Máscara facial hidratante 75ml piel mixta,29300,32550,,60,,47
7791000093606,Activlife Exfoliante facial 100g piel mixta,53250,,,60,,
7791000093613,Puravit Jabón líquido 250ml,11900,,,60,,189
7791000093620,Puravit Protector solar facial FPS 50 50ml piel seca,37000,,,60,,209
7791000093637,Naturalis Contorno de ojos 15ml piel sensible,29700,,,60,,93
7791000093644,Aquavital Serum ácido hialurónico 30ml,14500,20700,,60,,
7791000093651,Aquavital Pasta dental encías 90g manzanilla,5950,,,60,,71
7791000093668,Naturalis Crema despigmentante 30g piel seca,32000,,,60,,112
7791000093675,Puravit Protectores diarios x20 sin perfume,5200,8000,,60,,238
7791000093682,Activlife Serum vitamina C 30ml piel mixta,16050,,,60,,88
7791000093699,Naturalis Cepillo dental medio x2,2650,,,60,,
7791000093705,Aquavital Protector solar FPS 50 200ml piel seca,29300,32550,,60,,163
7791000093712,Puravit Protectores diarios x20,2950,,,60,,
7791000093729,Puravit Pasta dental encías 90g manzanilla,16000,,,60,,
7791000093736,Activlife Talco corporal 100g,4650,,,60,/img/demo/prod-2.svg,49
7791000093743,Aquavital Acondicionador 400ml sin perfume,16300,20400,,60,,137
7791000093750,Puravit Jabón de tocador x3,11650,,,60,,
7791000093767,Naturalis Shampoo anticaspa 400ml sin perfume,4500,,,60,,
7791000093774,Aquavital Crema antiage noche 50g piel mixta,9150,,Lanzamiento,60,,
7791000093781,Aquavital Shampoo nutrición 400ml manzanilla,8050,,,60,,87
7791000093798,Naturalis Hilo dental 50m manzanilla,6200,,,60,,
7791000093804,Activlife Serum ácido hialurónico 30ml,39250,,,60,,
7791000093811,Puravit Crema facial hidratante 50g,31100,,,60,,
7791000093828,Activlife Protector solar facial FPS 50 50ml piel mixta,16100,18950,,60,,
7791000093835,Aquavital Locion post solar 200ml piel seca,9100,,,60,,
7791000093842,Naturalis Shampoo anticaspa 400ml manzanilla,12150,,,60,,17
7791000093859,Puravit Protector solar FPS 30 200ml piel seca,15500,,,60,,113
7791000093866,Puravit Desodorante aerosol 150ml,15750,22500,Oferta,60,,186
7791000093873,Activlife Toallas femeninas x16,15200,21700,,60,,
7791000093880,Naturalis Toallitas húmedas x50,2950,,,60,,
7791000093897,Puravit Toallas femeninas x16 manzanilla,16500,,,60,,
7791000093903,Puravit Locion post solar 200ml piel seca,7900,,,60,,
7791000093910,Puravit Crema corporal reparadora 300ml,11700,,,60,,
7791000093927,Aquavital Talco corporal 100g sin perfume,7750,,,60,/img/demo/prod-7.svg,
7791000093934,Naturalis Crema facial hidratante 50g piel mixta,36800,,,60,,
7791000093941,Activlife Crema para manos 75ml piel seca,7500,10000,Oferta,60,,239
7791000093958,Naturalis Protector solar facial FPS 50 50ml piel sensible,13600,,,60,,77
7791000093965,Naturalis Agua micelar 400ml,41050,,,60,,
7791000093972,Aquavital Contorno de ojos 15ml piel sensible,6650,,,60,,
7791000093989,Puravit Locion post solar 200ml piel sensible,28900,,,60,,
7791000093996,Naturalis Crema para manos 75ml piel mixta,9650,,,60,,146
7791000094009,Puravit Espuma de afeitar 200ml,6850,,,60,,
7791000094016,Activlife Cepillo dental medio x2 manzanilla,5950,,,60,,80
7791000094023,Activlife Talco corporal 100g aloe vera,5250,,,60,/img/demo/prod-5.svg,
7791000094030,Naturalis Crema facial hidratante 50g piel sensible,65850,87800,Oferta,60,,0
7791000094047,Activlife Espuma de afeitar 200ml manzanilla,10650,,,60,,56
7791000094054,Aquavital Acondicionador 400ml aloe vera,10900,,,60,,10
7791000094061,Puravit Protector solar FPS 50 200ml piel mixta,7050,,,60,,
7791000094078,Naturalis Gel anticelulítico 200ml piel mixta,74850,,Combo,60,,
7791000094085,Puravit Máscara facial hidratante 75ml piel seca,7650,,,60,/img/demo/prod-6.svg,
7791000094092,Puravit Crema despigmentante 30g piel sensible,21950,,,60,,
7791000094108,Activlife Protector solar FPS 30 200ml piel seca,6800,,,60,,214
7791000094115,Puravit Enjuague bucal 500ml sin perfume,5450,,,60,,
7791000094122,Puravit Protector solar FPS 30 200ml piel mixta,14800,,,60,,
7791000094139,Activlife Desodorante roll-on 50ml aloe vera,6100,,,60,,0
7791000094146,Naturalis Pasta dental blanqueadora 90g manzanilla,2650,3100,,60,,
7791000094153,Activlife Shampoo anticaspa 400ml sin perfume,11650,,,60,,195
7791000094160,Aquavital Talco corporal 100g aloe vera,9600,,,60,,
7791000094177,Aquavital Roll-on ojeras 15ml piel seca,66600,,,60,,
7791000094184,Aquavital Protector solar FPS 30 200ml piel sensible,51900,,3x2,60,,
7791000094191,Aquavital Toallas femeninas x16 aloe vera,13350,,,60,,
7791000094207,Puravit Agua micelar 400ml piel seca,19500,,,60,,
7791000094214,Naturalis Talco corporal 100g,10000,,,60,,
7791000094221,Naturalis Desodorante aerosol 150ml aloe vera,5400,10800,Oferta,60,/img/demo/prod-3.svg,
7791000094238,Aquavital Máquina de afeitar x3,9750,,,60,,104
7791000094245,Naturalis Gel de limpieza facial 150ml piel mixta,21200,,,60,,218
7791000094252,Aquavital Cepillo dental medio x2,8950,10550,,60,,
7791000094269,Puravit Jabón de tocador x3 aloe vera,7250,,,60,,0
7791000094276,Aquavital Gel anticelulítico 200ml,26850,,,60,/img/demo/prod-7.svg,25
7791000094283,Naturalis Protector solar FPS 50 200ml,18900,,,60,/img/demo/prod-3.svg,206
7791000094290,Aquavital Crema para manos 75ml piel seca,18150,,,60,,
7791000094306,Activlife Exfoliante facial 100g piel seca,25500,,,60,,
7791000094313,Puravit Máquina de afeitar x3 aloe vera,19200,,3x2,60,,219
7791000094320,Naturalis Alcohol en gel 250ml sin perfume,7600,,,60,/img/demo/prod-7.svg,89
7791000094337,Naturalis Pasta dental encías 90g,3950,,,60,,241
7791000094344,Puravit Protector solar facial FPS 50 50ml piel mixta,16700,,,60,,58
7791000094351,Naturalis Alcohol en gel 250ml manzanilla,5150,,,60,,
7791000094368,Aquavital Talco corporal 100g,11450,17600,,60,,207
7791000094375,Activlife Gel anticelulítico 200ml piel seca,9950,,,60,/img/demo/prod-3.svg,
7791000094382,Naturalis Enjuague bucal 500ml aloe vera,4400,,,60,,0
7791000094399,Activlife Espuma de afeitar 200ml sin perfume,6600,,Lanzamiento,60,,
7791000094405,Activlife Toallitas húmedas x50 aloe vera,4550,,,60,,
7791000094412,Naturalis Alcohol en gel 250ml,9700,,,60,,
7791000094429,Activlife Pasta dental encías 90g aloe vera,6250,,,60,,170
7791000094436,Puravit Serum vitamina C 30ml,39700,,,60,,
7791000094443,Activlife Cepillo dental medio x2 sin perfume,14100,,,60,/img/demo/prod-6.svg,194
7791000094450,Puravit Máquina de afeitar x3 sin perfume,4050,,,60,,184
7791000094467,Puravit Protector solar FPS 30 200ml piel sensible,8600,,,60,,79
7791000094474,Puravit Serum ácido hialurónico 30ml piel mixta,6350,,,60,,
7791000094481,Aquavital Protectores diarios x20 sin perfume,9350,,,60,,173
7791000094498,Puravit Crema antiage noche 50g piel seca,12700,19550,,60,,79
7791000094504,Puravit Jabón de tocador x3 manzanilla,8800,,,60,,112
7791000094511,Activlife Jabón líquido 250ml manzanilla,3800,,,60,,0
7791000094528,Puravit Serum ácido hialurónico 30ml,39700,,,60,,
7791000094535,Aquavital Shampoo nutrición 400ml,15000,,,60,,163
7791000094542,Activlife Protector solar facial FPS 50 50ml piel sensible,14650,18300,,60,,
7791000094559,Activlife Contorno de ojos 15ml piel seca,9600,,,60,,73
7791000094566,Puravit Jabón de tocador x3 sin perfume,3700,,,60,,125
7791000094573,Naturalis Cepillo dental medio x2 sin perfume,9250,10300,,60,,160
7791000094580,Puravit Shampoo nutrición 400ml sin perfume,6300,,,60,,
7791000094597,Aquavital Contorno de ojos 15ml,19600,,,60,,52
7791000094603,Aquavital Agua micelar 400ml piel seca,44300,,,60,,13